Gáznap -tól,Gáznap -ig,POD,Gyáriszám,Üzemi fogyasztás,Korrigált fogyasztás,Üzemi mérőállás,Korrigált mérőállás,Adatpótlás
2026.08.17 06:00,2026.08.17 07:00,39N0500091210005,000038200077158060,0.0000,0.0000,181834,,nem
2026.08.17 06:00,2026.08.17 07:00,39N050022609000H,000053300003307178,0.2000,0.2024,67757,,nem
2026.08.17 06:00,2026.08.17 07:00,39N050029731000D,000052600000914866,0.0000,0.0000,59119,,nem
2026.08.17 06:00,2026.08.17 07:00,39N050031988000Q,000052600000899454,0.0000,0.0000,13,,nem
2026.08.17 06:00,2026.08.17 07:00,39N050032468000S,000052700000899362,0.0000,0.0000,30,,nem
2026.08.17 06:00,2026.08.17 07:00,39N050033836000K,000027100005848245,0.0000,0.0000,31108,,nem
2026.08.17 06:00,2026.08.17 07:00,39N050034412000Z,000002600043780756,0.0000,0.0000,4322,,nem
2026.08.17 06:00,2026.08.17 07:00,39N050034412000Z,000052700000885403,9.3000,9.1028,130514,,nem
2026.08.17 06:00,2026.08.17 07:00,39N0500344350008,000046700000888615,0.0000,0.0000,36773,,nem
2026.08.17 06:00,2026.08.17 07:00,39N050034459000D,000040400014219775,0.0000,0.0000,3100,,nem
2026.08.17 06:00,2026.08.17 07:00,39N050042294000Z,000040400008209973,0.0000,0.0000,11597,,nem
2026.08.17 06:00,2026.08.17 07:00,39N050044030000F,000027000035197562,0.0000,0.0000,41368,,nem
2026.08.17 06:00,2026.08.17 07:00,39N050052498000T,SC05000004104,0.0000,0.0000,67075,229480,nem
2026.08.17 06:00,2026.08.17 07:00,39N050053842000G,K3SC03401169905,0.0000,0.0000,1,5,nem
2026.08.17 06:00,2026.08.17 07:00,39N0500617550009,000044500034101914,0.0000,0.0000,20548,,nem
2026.08.17 06:00,2026.08.17 07:00,39N0500617550009,K3SC03400699700,0.0000,0.0000,7441,43914,nem
2026.08.17 06:00,2026.08.17 07:00,39N050066949000F,000053400003290721,0.0000,0.0000,9102,,nem
2026.08.17 06:00,2026.08.17 07:00,39N050068660000G,000035500084243026,0.0000,0.0000,8764,,nem
2026.08.17 06:00,2026.08.17 07:00,39N050068660000G,000035500084243027,0.2000,0.2014,7260,,nem
2026.08.17 06:00,2026.08.17 07:00,39N050071512000G,000051303403398537,0.0000,0.0000,14317,,nem
2026.08.17 06:00,2026.08.17 07:00,39N050073737000N,000040400006201455,0.0000,0.0000,16981,,nem
2026.08.17 06:00,2026.08.17 07:00,39N050073762000U,000053400004078277,0.0000,0.0000,62681,,nem
2026.08.17 06:00,2026.08.17 07:00,39N050075194000S,000029200020524049,17.2000,17.5182,463378,,nem
2026.08.17 06:00,2026.08.17 07:00,39N0500755940000,000027000005950284,0.0000,0.0000,3105,,nem
2026.08.17 06:00,2026.08.17 07:00,39N0500755940000,000052600000886571,0.0000,0.0000,17939,,nem
2026.08.17 06:00,2026.08.17 07:00,39N050076850000F,000006201754704050,11.1000,10.9246,11967,,nem
2026.08.17 06:00,2026.08.17 07:00,39N050076850000F,000040300006201137,0.1000,0.0980,34757,,nem
2026.08.17 06:00,2026.08.17 07:00,39N050081322000F,000053400003290798,0.0000,0.0000,247340,,nem
2026.08.17 06:00,2026.08.17 07:00,39N050083908000D,000006202897801002,0.0000,0.0000,164354,,nem
2026.08.17 06:00,2026.08.17 07:00,39N050083908000D,000040300011213334,0.0000,0.0000,12010,,nem
2026.08.17 06:00,2026.08.17 07:00,39N050089206000O,000006203403563919,0.9000,0.9061,78071,,nem
2026.08.17 06:00,2026.08.17 07:00,39N050089206000O,000028700084091487,0.9000,0.8693,9794,,nem
2026.08.17 06:00,2026.08.17 07:00,39N050089342000D,000015608267713002,0.0000,0.0000,45049,,nem
2026.08.17 06:00,2026.08.17 07:00,39N050094459000X,000040400006201425,0.0000,0.0000,54342,,nem
2026.08.17 06:00,2026.08.17 07:00,39N050094490000H,000027100005894204,6.8000,6.5681,5551,,nem
2026.08.17 06:00,2026.08.17 07:00,39N050106941000P,000027100005848507,6.4000,6.1818,76800,,nem
2026.08.17 06:00,2026.08.17 07:00,39N0501191590002,000029200020517908,0.1000,0.0995,74166,,nem
2026.08.17 06:00,2026.08.17 07:00,39N050132558000H,000040400007204469,2.1000,2.0555,86943,,nem
2026.08.17 06:00,2026.08.17 07:00,39N050137387000F,000052600000900202,0.0000,0.0000,128390,,nem
2026.08.17 06:00,2026.08.17 07:00,39N050145410000I,000027100005848241,8.7000,8.5156,1937,,nem
2026.08.17 06:00,2026.08.17 07:00,39N050146207000W,000052700000899364,0.0000,0.0000,90622,,igen
2026.08.17 06:00,2026.08.17 07:00,39N050153206000F,K3SC06000007800,0.0000,0.0000,184701,194820,nem
2026.08.17 06:00,2026.08.17 07:00,39N0501601470008,000040300008206765,0.0000,0.0000,7013,,igen
2026.08.17 06:00,2026.08.17 07:00,39N0501601470008,000040300014219822,0.0000,0.0000,13182,,igen
2026.08.17 06:00,2026.08.17 07:00,39N050160341000O,000052700000899034,1.3000,1.3200,64367,,nem
2026.08.17 06:00,2026.08.17 07:00,39N0501618590009,000053400002726045,5.4000,5.2855,10463,,nem
2026.08.17 06:00,2026.08.17 07:00,39N050168020000Z,L01A625,7.0000,6.9713,746533,,nem
2026.08.17 06:00,2026.08.17 07:00,39N050176728000R,000040300012214339,0.0000,0.0000,55,,nem
2026.08.17 06:00,2026.08.17 07:00,39N050176728000R,000053300003348438,0.0000,0.0000,35638,,nem
2026.08.17 06:00,2026.08.17 07:00,39N050177032000I,000053400003290719,0.0000,0.0000,92449,,nem
2026.08.17 06:00,2026.08.17 07:00,39N0501770340008,000053400002725990,0.0000,0.0000,31692,,nem
2026.08.17 06:00,2026.08.17 07:00,39N050180150000J,000000002246000217,0.8800,0.8730,414717,435310,nem
2026.08.17 06:00,2026.08.17 07:00,39N050197735000A,000053400003290744,0.0000,0.0000,156552,,nem
2026.08.17 06:00,2026.08.17 07:00,39N0502000520004,000029900020519904,23.3000,25.0592,54347,,nem
2026.08.17 06:00,2026.08.17 07:00,39N0502000520004,000053400003290731,2.9000,2.7741,97082,,nem
2026.08.17 06:00,2026.08.17 07:00,39N050207087000G,000033300005960021,3.1000,3.1214,9263,,nem
2026.08.17 06:00,2026.08.17 07:00,39N050207887000Y,000011100000109615,0.0000,0.0000,58063,,nem
2026.08.17 06:00,2026.08.17 07:00,39N050208125000A,000028700084091484,0.0000,0.0000,40375,,nem
2026.08.17 06:00,2026.08.17 07:00,39N050208128000W,000052600000896583,0.0000,0.0000,211894,,nem
2026.08.17 06:00,2026.08.17 07:00,39N050208164000S,000000002246000198,2.0000,2.1070,413048,457363,nem
2026.08.17 06:00,2026.08.17 07:00,39N050209187000U,000027000005926405,0.0000,0.0000,28039,,nem
2026.08.17 06:00,2026.08.17 07:00,39N0502109170005,000053400003708002,0.0000,0.0000,28709,,nem
2026.08.17 06:00,2026.08.17 07:00,39N0502109620000,000027100005894243,0.0000,0.0000,4146,,nem
2026.08.17 06:00,2026.08.17 07:00,39N050212788000U,000053600000897292,0.0000,0.0000,121392,,nem
2026.08.17 06:00,2026.08.17 07:00,39N050213910000G,000027100005898038,0.0000,0.0000,7955,,nem
2026.08.17 06:00,2026.08.17 07:00,39N050214190000G,K3SC03400699752,1.3100,4.5300,30261,109917,nem
2026.08.17 06:00,2026.08.17 07:00,39N050214638000E,K02000017L28861,0.0000,0.0000,70187,90069,nem
2026.08.17 06:00,2026.08.17 07:00,39N050214647000D,K3SC06000003455,0.0000,0.0000,9602,36408,nem
2026.08.17 06:00,2026.08.17 07:00,39N050214652000W,000008800043449669,1.5200,1.5306,24531,,nem
2026.08.17 06:00,2026.08.17 07:00,39N050214652000W,000027000005894200,0.0000,0.0000,23982,,nem
2026.08.17 06:00,2026.08.17 07:00,39N050214652000W,K3SC08000002012,0.0000,0.0000,13726,40155,nem
2026.08.17 06:00,2026.08.17 07:00,39N050214655000H,K3SC09000000230,0.0000,0.0000,10056,59863,nem
2026.08.17 06:00,2026.08.17 07:00,39N050214668000X,000000002246000235,0.0000,0.0000,22889,88903,nem
2026.08.17 06:00,2026.08.17 07:00,39N050214674000A,K3SC07000007598,0.0000,0.0000,61152,72373,nem
2026.08.17 06:00,2026.08.17 07:00,39N050214697000K,K3SC07000006334,0.0000,0.0000,64331,94133,nem
2026.08.17 06:00,2026.08.17 07:00,39N050214912000Z,K3SC07000001923,0.0000,0.0000,25246,82895,nem
2026.08.17 06:00,2026.08.17 07:00,39N050214941000M,EP07883,0.0000,0.0000,10607,16433,nem
2026.08.17 06:00,2026.08.17 07:00,39N050215930000P,K3SC06000002907,0.0000,0.0000,42845,95724,nem
2026.08.17 06:00,2026.08.17 07:00,39N050215938000M,K02000017L29066,0.0000,0.0000,18814,21448,nem
2026.08.17 06:00,2026.08.17 07:00,39N0502159430004,K3SC07000001954,0.0000,0.0000,130238,165132,nem
2026.08.17 06:00,2026.08.17 07:00,39N050215958000A,000000002246000117,0.0000,0.0000,89916,114792,nem
2026.08.17 06:00,2026.08.17 07:00,39N050215958000A,K02000017L29366,0.0000,0.0000,20856,21980,nem
2026.08.17 06:00,2026.08.17 07:00,39N050215987000Y,000040300012214341,0.0000,0.0000,7521,,nem
2026.08.17 06:00,2026.08.17 07:00,39N050215987000Y,K3SC04000000062,0.0000,0.0000,35272,107592,nem
2026.08.17 06:00,2026.08.17 07:00,39N050215987000Y,K3SC07000002663,0.0000,0.0000,21091,60613,nem
2026.08.17 06:00,2026.08.17 07:00,39N050215990000Q,000000002146000419,0.0000,0.0000,58383,63414,nem
2026.08.17 06:00,2026.08.17 07:00,39N050215990000Q,000000002246000261,0.0380,0.0370,48144,50228,nem
2026.08.17 06:00,2026.08.17 07:00,39N050215996000X,000000002246000205,0.0000,0.0000,174808,238347,nem
2026.08.17 06:00,2026.08.17 07:00,39N050215996000X,000044600000607648,0.0000,0.0000,24928,,nem
2026.08.17 06:00,2026.08.17 07:00,39N050215996000X,000044600000614795,0.0000,0.0000,7390,,nem
2026.08.17 06:00,2026.08.17 07:00,39N050216000000O,K3SC08000006643,0.0000,0.0000,3060,12182,nem
2026.08.17 06:00,2026.08.17 07:00,39N050216189000Z,K3SC09000000005,0.0000,0.0000,9294,37965,nem
2026.08.17 06:00,2026.08.17 07:00,39N050216319000Q,K3SC04000000788,0.0000,0.0000,31738,111846,nem
2026.08.17 06:00,2026.08.17 07:00,39N050217344000P,SC06000007846,109.0000,207.9700,1211505,2422144,nem
2026.08.17 06:00,2026.08.17 07:00,39N050217514000T,000000002246000191,4.6030,4.8220,634153,712803,nem
2026.08.17 06:00,2026.08.17 07:00,39N050217594000I,K02000017L28855,0.0000,0.0000,10496,94502,nem
2026.08.17 06:00,2026.08.17 07:00,39N0502177240009,000006209160519002,1.3000,1.3091,177054,,nem
2026.08.17 06:00,2026.08.17 07:00,39N0502177240009,000027700001201786,0.0000,0.0000,12657,,nem
2026.08.17 06:00,2026.08.17 07:00,39N0502177240009,K3SC08000001999,0.0000,0.0000,46282,53311,nem
2026.08.17 06:00,2026.08.17 07:00,39N0502177250004,000000002146000444,0.0000,0.0000,67740,79409,nem
2026.08.17 06:00,2026.08.17 07:00,39N0502177250004,000053200002511869,0.0000,0.0000,5991,,nem
2026.08.17 06:00,2026.08.17 07:00,39N050218554000Y,K02202146000431,0.0000,0.0000,5,12,nem
2026.08.17 06:00,2026.08.17 07:00,39N050218563000X,000000000001084616,0.0000,0.0000,,,nem
2026.08.17 06:00,2026.08.17 07:00,39N050218588000X,K3SC08000009353,0.7000,2.3900,86021,301607,nem
2026.08.17 06:00,2026.08.17 07:00,39N050218591000P,000008800043780320,0.0000,0.0000,1005,,nem
2026.08.17 06:00,2026.08.17 07:00,39N050218591000P,K02202146000387,0.0000,0.0000,146,175,nem
2026.08.17 06:00,2026.08.17 07:00,39N0502185960000,000045500001090171,0.0000,0.0000,,,nem
2026.08.17 06:00,2026.08.17 07:00,39N0502186000003,000000002246000034,0.0000,0.0000,766051,1299819,nem
2026.08.17 06:00,2026.08.17 07:00,39N0502186000003,000044500026294967,0.0400,0.0401,27087,,nem
2026.08.17 06:00,2026.08.17 07:00,39N050218709000P,000000002146000433,0.0000,0.0000,35823,47269,nem
2026.08.17 06:00,2026.08.17 07:00,39N050218709000P,000027000005871862,0.0000,0.0000,669,,nem
2026.08.17 06:00,2026.08.17 07:00,39N050219101000P,000053100006284304,0.0000,0.0000,2695,,nem
2026.08.17 06:00,2026.08.17 07:00,39N050219101000P,K11702446102256,0.0000,0.0000,515778,120735,nem
2026.08.17 06:00,2026.08.17 07:00,39N050219111000J,000053100006086023,0.0000,0.0000,3279,,nem
2026.08.17 06:00,2026.08.17 07:00,39N050219111000J,K3SC08000002002,0.0000,0.0000,17865,24138,nem
2026.08.17 06:00,2026.08.17 07:00,39N0502191220008,000000002146000405,0.0000,0.0000,634824,2955337,nem
2026.08.17 06:00,2026.08.17 07:00,39N050219127000K,K02000018L30060,0.0000,0.0000,72146,80494,nem
2026.08.17 06:00,2026.08.17 07:00,39N050219144000N,K3SC07000001933,10.4000,10.2200,437269,451855,nem
2026.08.17 06:00,2026.08.17 07:00,39N050222615000B,K3SC08000002009,0.0000,0.0000,9707,29043,nem
2026.08.17 06:00,2026.08.17 07:00,39N050224132000X,000052600000885006,0.0000,0.0000,43394,,nem
2026.08.17 06:00,2026.08.17 07:00,39N050225228000V,000052600000887973,0.0000,0.0000,1333,,nem
2026.08.17 06:00,2026.08.17 07:00,39N050225361000Z,000028700084243212,0.0000,0.0000,965,,nem
2026.08.17 06:00,2026.08.17 07:00,39N050225592000Z,K02000018L29674,1.0000,2.0000,45718,49560,nem
2026.08.17 06:00,2026.08.17 07:00,39N0502258590003,000053400004078297,0.0000,0.0000,88888,,nem
2026.08.17 06:00,2026.08.17 07:00,39N0502320940001,000053400002726024,8.8000,8.6082,2491,,nem
2026.08.17 06:00,2026.08.17 07:00,39N050233268000E,000040300013218204,0.0000,0.0000,20418,,nem
2026.08.17 06:00,2026.08.17 07:00,39N050233872000X,K3SC09000003822,0.0000,0.0000,0,0,nem
2026.08.17 06:00,2026.08.17 07:00,39N050235722000H,000000002246000065,1.4960,5.7730,76750,309152,nem
2026.08.17 06:00,2026.08.17 07:00,39N050235781000N,000000000000071480,0.0000,0.0000,9918,,nem
2026.08.17 06:00,2026.08.17 07:00,39N050236245000H,000006209160513005,0.4000,0.3848,201628,,nem
2026.08.17 06:00,2026.08.17 07:00,39N0502362660000,000027900020508134,1.0000,1.0099,203135,,nem
2026.08.17 06:00,2026.08.17 07:00,39N0502362660000,000040300011213597,0.0000,0.0000,24993,,nem
2026.08.17 06:00,2026.08.17 07:00,39N0502477110003,000052700000884957,0.8000,0.7695,40740,,nem
2026.08.17 06:00,2026.08.17 07:00,39N0502510990003,000019900016977384,7.1000,7.1561,217790,,nem
2026.08.17 06:00,2026.08.17 07:00,39N050251837000U,000040300007204770,0.0000,0.0000,24368,,nem
2026.08.17 06:00,2026.08.17 07:00,39N050252043000I,000027100005898029,0.5000,0.5258,154,,nem
2026.08.17 06:00,2026.08.17 07:00,39N050252204000N,000006203229509031,0.1000,0.1033,292379,,nem
2026.08.17 06:00,2026.08.17 07:00,39N050253671000Y,000053400003708027,0.0000,0.0000,49825,,nem
2026.08.17 06:00,2026.08.17 07:00,39N050254055000N,000028700084243189,0.0000,0.0000,5646,,nem
2026.08.17 06:00,2026.08.17 07:00,39N0502542550009,000006203403563870,0.1000,0.0980,46633,,nem
2026.08.17 06:00,2026.08.17 07:00,39N050258835000L,000019900017022057,2.9000,2.9763,279694,,nem
2026.08.17 06:00,2026.08.17 07:00,39N050261616000F,000027100005848476,0.4000,0.4091,64331,,nem
2026.08.17 06:00,2026.08.17 07:00,39N050269363000V,000052700000884401,0.0000,0.0000,1598,,nem
2026.08.17 06:00,2026.08.17 07:00,39N050316475000U,000003300035201642,0.7000,0.7111,379,,nem
2026.08.17 06:00,2026.08.17 07:00,39N050316475000U,000027000005848437,0.4000,0.4063,3308,,nem
2026.08.17 06:00,2026.08.17 07:00,39N0503424040008,000027100005870727,0.1000,0.0978,25197,,nem
2026.08.17 06:00,2026.08.17 07:00,39N0503439790009,000029200020502760,0.0000,0.0000,47088,,nem
2026.08.17 06:00,2026.08.17 07:00,39N050369436000H,000052700000889661,0.0000,0.0000,1398,,nem
2026.08.17 06:00,2026.08.17 07:00,39N050373639000R,000040300006202862,0.0000,0.0000,22827,,igen
2026.08.17 06:00,2026.08.17 07:00,39N050373666000O,000052700000887369,0.0000,0.0000,19,,nem
2026.08.17 06:00,2026.08.17 07:00,39N050377940000D,000053400002719761,0.0000,0.0000,16313,,nem
2026.08.17 06:00,2026.08.17 07:00,39N050381165000Y,000000002246000284,6.0000,5.9700,104550,109458,nem
2026.08.17 06:00,2026.08.17 07:00,39N050385675000Z,000040400009210687,0.0000,0.0000,10332,,nem
2026.08.17 06:00,2026.08.17 07:00,39N050405255000Q,000029200020519053,0.0000,0.0000,,,nem
2026.08.17 06:00,2026.08.17 07:00,39N050414007000M,000029900020520529,2.4000,2.3491,2913,,nem
2026.08.17 06:00,2026.08.17 07:00,39N050414007000M,000040300011213341,0.0000,0.0000,1,,nem
2026.08.17 06:00,2026.08.17 07:00,39N050415384000Y,000000002146000548,0.0000,0.0000,15234,80230,nem
2026.08.17 06:00,2026.08.17 07:00,39N050415384000Y,000053100004423834,0.0000,0.0000,1,,nem
2026.08.17 06:00,2026.08.17 07:00,39N0504237770004,000028400084243416,0.0000,0.0000,3655,,nem
2026.08.17 06:00,2026.08.17 07:00,39N050433181000O,000000002246000180,0.0000,0.0000,4,4,nem
2026.08.17 06:00,2026.08.17 07:00,39N050445873000K,000053400002725979,0.0000,0.0000,1,,nem
2026.08.17 06:00,2026.08.17 07:00,39N050450493000U,K3SCC0400000594,0.0000,0.0000,1,6,nem
2026.08.17 06:00,2026.08.17 07:00,39N0504550620004,000052600000887704,1.1000,1.0770,31114,,nem
2026.08.17 06:00,2026.08.17 07:00,39N050458746000Y,000027100005870754,0.9000,0.9142,48099,,nem
2026.08.17 06:00,2026.08.17 07:00,39N050458746000Y,000053300004228243,0.0000,0.0000,20344,,nem
2026.08.17 06:00,2026.08.17 07:00,39N050458746000Y,000053300006548960,0.0000,0.0000,875,,nem
2026.08.17 06:00,2026.08.17 07:00,39N0504648650006,000052600000887402,0.0000,0.0000,4011,,nem
2026.08.17 06:00,2026.08.17 07:00,39N050471715000L,000029200020517911,0.0000,0.0000,1803,,nem
2026.08.17 06:00,2026.08.17 07:00,39N050483780000G,000027100005870759,1.8000,1.8659,58747,,nem
2026.08.17 06:00,2026.08.17 07:00,39N050484438000J,000052600000889209,4.7000,4.5975,20247,,nem
2026.08.17 06:00,2026.08.17 07:00,39N050485100000G,000040400014219743,0.0000,0.0000,87478,,nem
2026.08.17 06:00,2026.08.17 07:00,39N0504864890005,000053400003287118,0.0000,0.0000,9,,nem
2026.08.17 06:00,2026.08.17 07:00,39N050510259000R,000027100005848322,0.0000,0.0000,14055,,nem
2026.08.17 06:00,2026.08.17 07:00,39N050515515000A,000052700000885935,0.0000,0.0000,85934,,nem
2026.08.17 06:00,2026.08.17 07:00,39N0505226180003,000011100000109610,6.6000,6.4647,21432,,nem
2026.08.17 06:00,2026.08.17 07:00,39N0505384670009,000027100005848294,0.0000,0.0000,4094,,nem
2026.08.17 06:00,2026.08.17 07:00,39N0505387730002,000052600000900177,3.6000,3.5262,284,,nem
2026.08.17 06:00,2026.08.17 07:00,39N050548215000H,000053400002719801,0.1000,0.0980,295,,nem
2026.08.17 06:00,2026.08.17 07:00,39N050548840000J,K3SC09000000010,2.3000,8.6700,56064,217929,nem
2026.08.17 06:00,2026.08.17 07:00,39N050552094000R,000029900020521702,0.0000,0.0000,108064,,nem
2026.08.17 06:00,2026.08.17 07:00,39N050553222000K,K3SC08000003475,0.1000,0.3900,38609,153650,nem
2026.08.17 06:00,2026.08.17 07:00,39N050553661000A,000034800000061526,6.8000,7.2828,94939,,nem
2026.08.17 06:00,2026.08.17 07:00,39N0505752100002,000052600000887553,0.0000,0.0000,14,,nem
2026.08.17 06:00,2026.08.17 07:00,39N050576124000C,000034800000546505,7.4000,7.5140,209783,,nem
2026.08.17 06:00,2026.08.17 07:00,39N0505779810001,000006202897801013,0.0000,0.0000,3494,,nem
2026.08.17 06:00,2026.08.17 07:00,39N050583139000X,000053300004078348,0.0000,0.0000,410,,nem
2026.08.17 06:00,2026.08.17 07:00,39N0505847100003,000053400002726046,0.0000,0.0000,305,,nem
2026.08.17 06:00,2026.08.17 07:00,39N0505992060002,000053400003708023,6.1000,5.9670,1363,,nem
2026.08.17 06:00,2026.08.17 07:00,39N050603076000J,000051303403563786,2.1000,2.0542,49401,,nem
2026.08.17 06:00,2026.08.17 07:00,39N050607494000V,000038200077141480,0.0000,0.0000,40447,,nem
2026.08.17 06:00,2026.08.17 07:00,39N0506230230009,000053400003707928,0.0000,0.0000,124386,,nem
2026.08.17 06:00,2026.08.17 07:00,39N050626352000P,000034800000072507,3.6000,3.5215,148472,,nem
2026.08.17 06:00,2026.08.17 07:00,39N050626352000P,000053300002318656,0.0000,0.0000,48962,,nem
2026.08.17 06:00,2026.08.17 07:00,39N050627784000Z,000001300013013134,0.0000,0.0000,9568,,nem
2026.08.17 06:00,2026.08.17 07:00,39N050627784000Z,K3SC03402019428,0.0000,0.0000,53707,66490,nem
2026.08.17 06:00,2026.08.17 07:00,39N050635744000T,000051303403398549,7.0900,7.1992,125423,,nem
2026.08.17 06:00,2026.08.17 07:00,39N050636182000C,000040300014219987,0.0000,0.0000,251,,nem
2026.08.17 06:00,2026.08.17 07:00,39N050636182000C,000053200006188793,0.1000,0.0980,319,,nem
2026.08.17 06:00,2026.08.17 07:00,39N050636182000C,000053300004228213,0.0000,0.0000,256,,nem
2026.08.17 06:00,2026.08.17 07:00,39N050642904000H,000053400002719822,5.4000,5.4637,10349,,nem
2026.08.17 06:00,2026.08.17 07:00,39N0506488920006,000038200077159774,10.1000,10.2192,317305,,igen
2026.08.17 06:00,2026.08.17 07:00,39N050655561000S,000027000005848448,0.0000,0.0000,20463,,nem
2026.08.17 06:00,2026.08.17 07:00,39N050655561000S,000027000005950344,0.0000,0.0000,11469,,nem
2026.08.17 06:00,2026.08.17 07:00,39N050655561000S,000040200008208469,0.0000,0.0000,14319,,nem
2026.08.17 06:00,2026.08.17 07:00,39N050673657000W,000029900020524037,4.7000,4.5975,170461,,igen
2026.08.17 06:00,2026.08.17 07:00,39N050690260000L,000051303403663324,2.6000,2.5467,111466,,nem
2026.08.17 06:00,2026.08.17 07:00,39N050708788000F,000027000005921259,12.9000,12.5207,81978,,nem
2026.08.17 06:00,2026.08.17 07:00,39N050720770000X,000040400012214791,0.0000,0.0000,43582,,nem
2026.08.17 06:00,2026.08.17 07:00,39N050740233000M,000052700000900251,0.0000,0.0000,83187,,nem
2026.08.17 06:00,2026.08.17 07:00,39N050744134000T,000052600000888120,2.4000,2.3477,10946,,nem
2026.08.17 06:00,2026.08.17 07:00,39N0507451030007,000000002246000087,0.0000,0.0000,112486,117937,nem
2026.08.17 06:00,2026.08.17 07:00,39N0507495580003,000000002246000226,0.0000,0.0000,7355,7773,nem
2026.08.17 06:00,2026.08.17 07:00,39N050750365000F,000044500028323170,0.0100,0.0102,4316,,nem
2026.08.17 06:00,2026.08.17 07:00,39N050750365000F,K3SC08000011520,0.0000,0.0000,548,2131,nem
2026.08.17 06:00,2026.08.17 07:00,39N050750873000L,K02000018L29990,0.0000,0.0000,7752,8833,nem
2026.08.17 06:00,2026.08.17 07:00,39N050753398000W,000008800043780262,0.1900,0.1930,1799,,nem
2026.08.17 06:00,2026.08.17 07:00,39N050753398000W,000027000005848440,0.0000,0.0000,18219,,nem
2026.08.17 06:00,2026.08.17 07:00,39N050753398000W,000027000005950363,1.4000,1.3713,16965,,nem
2026.08.17 06:00,2026.08.17 07:00,39N050753398000W,000028700084243194,0.1000,0.0980,23963,,nem
2026.08.17 06:00,2026.08.17 07:00,39N050753839000S,000040300014219478,0.0000,0.0000,18079,,nem
2026.08.17 06:00,2026.08.17 07:00,39N050753876000J,000027000005848396,0.0000,0.0000,1,,nem
2026.08.17 06:00,2026.08.17 07:00,39N050753876000J,000051303403563777,0.0000,0.0000,27339,,nem
2026.08.17 06:00,2026.08.17 07:00,39N050753876000J,000053300002728766,0.6000,0.6095,299,,nem
2026.08.17 06:00,2026.08.17 07:00,39N050754012000C,K3SC03402019415,0.0000,0.0000,3,9,nem
2026.08.17 06:00,2026.08.17 07:00,39N050754015000Y,000027100005870748,0.0000,0.0000,1,,nem
2026.08.17 06:00,2026.08.17 07:00,39N050754015000Y,K3SC03400984912,0.0000,0.0000,5,18,nem
2026.08.17 06:00,2026.08.17 07:00,39N050754578000M,000027100005848567,9.8000,9.9548,4007,,nem
2026.08.17 06:00,2026.08.17 07:00,39N050754578000M,000053300004228283,0.0000,0.0000,105497,,nem
2026.08.17 06:00,2026.08.17 07:00,39N050754578000M,000053400003290776,0.0000,0.0000,151207,,nem
2026.08.17 06:00,2026.08.17 07:00,39N050754716000H,000040300006200780,0.0000,0.0000,26749,,nem
2026.08.17 06:00,2026.08.17 07:00,39N050754716000H,K3SC04000000943,0.0000,0.0000,58353,63909,nem
2026.08.17 06:00,2026.08.17 07:00,39N050755929000B,SC07000007591,0.0000,0.0000,477183,527228,nem
2026.08.17 06:00,2026.08.17 07:00,39N050755997000G,000000002246000049,0.0000,0.0000,261902,274745,nem
2026.08.17 06:00,2026.08.17 07:00,39N050755997000G,000003500035198891,0.0000,0.0000,73,,nem
2026.08.17 06:00,2026.08.17 07:00,39N0507569640004,000029200020511689,0.0000,0.0000,15,,nem
2026.08.17 06:00,2026.08.17 07:00,39N050756996000D,K3SC08000006659,0.0000,0.0000,6,7,nem
2026.08.17 06:00,2026.08.17 07:00,39N050757163000K,K3SC08000005254,0.0000,0.0000,1,4,nem
2026.08.17 06:00,2026.08.17 07:00,39N050757415000J,000053400003290785,0.1000,0.1050,61819,,nem
2026.08.17 06:00,2026.08.17 07:00,39N050757415000J,K3SC09000000237,0.0000,0.0000,4,4,nem
2026.08.17 06:00,2026.08.17 07:00,39N050757439000O,000001300013505669,0.0000,0.0000,1,,nem
2026.08.17 06:00,2026.08.17 07:00,39N050757439000O,000040300012216291,0.0000,0.0000,5,,nem
2026.08.17 06:00,2026.08.17 07:00,39N050757439000O,000044500037979231,0.0000,0.0000,1,,nem
2026.08.17 06:00,2026.08.17 07:00,39N050757439000O,K3SC08000002229,0.0000,0.0000,197347,234254,nem
2026.08.17 06:00,2026.08.17 07:00,39N050757450000K,000053400002719733,0.0000,0.0000,1024,,nem
2026.08.17 06:00,2026.08.17 07:00,39N050757450000K,K3SC03401169913,0.0000,0.0000,19701,25206,nem
2026.08.17 06:00,2026.08.17 07:00,39N050757472000Z,000000002246000059,0.0000,0.0000,2,9,nem
2026.08.17 06:00,2026.08.17 07:00,39N050757472000Z,000053400002719783,0.1000,0.0980,108,,nem
2026.08.17 06:00,2026.08.17 07:00,39N050758923000H,000027900020522241,0.0000,0.0000,267231,,nem
2026.08.17 06:00,2026.08.17 07:00,39N050759606000R,K02202146000564,0.1620,0.1630,158,159,nem
2026.08.17 06:00,2026.08.17 07:00,39N0507599930004,000002800024149874,0.0000,0.0000,2431,,nem
2026.08.17 06:00,2026.08.17 07:00,39N0507599930004,SC07000001919,0.0000,0.0000,26959,27525,nem
2026.08.17 06:00,2026.08.17 07:00,39N050760458000R,000000002246000162,0.0000,0.0000,19,21,nem
2026.08.17 06:00,2026.08.17 07:00,39N050760458000R,000001300016230255,0.0000,0.0000,4882,,nem
2026.08.17 06:00,2026.08.17 07:00,39N050760709000V,K3SC03401061094,20.9000,139.9700,819277,5663526,nem
2026.08.17 06:00,2026.08.17 07:00,39N050762038000E,K02202246000183,0.0000,0.0000,1,2,nem
2026.08.17 06:00,2026.08.17 07:00,39N050762094000Z,000033300005960005,0.0000,0.0000,2832,,nem
2026.08.17 06:00,2026.08.17 07:00,39N050762094000Z,K3SC03400723975,0.0000,0.0000,57,498,nem
2026.08.17 06:00,2026.08.17 07:00,39N050764763000U,000012000075117793,0.0000,0.0000,21,,nem
2026.08.17 06:00,2026.08.17 07:00,39N050764763000U,000053100006730746,0.0000,0.0000,3396,,nem
2026.08.17 06:00,2026.08.17 07:00,39N050764763000U,K3SC09000000002,0.0000,0.0000,97,368,nem
2026.08.17 06:00,2026.08.17 07:00,39N050764779000V,000052100004064528,0.0000,0.0000,3456,,nem
2026.08.17 06:00,2026.08.17 07:00,39N050764779000V,K3SC03402019421,0.0000,0.0000,3,3,nem
2026.08.17 06:00,2026.08.17 07:00,39N050765037000W,K02000017L29370,0.0000,0.0000,123,128,nem
2026.08.17 06:00,2026.08.17 07:00,39N0507679070008,000000002146000466,0.0000,0.0000,21717,105737,nem
2026.08.17 06:00,2026.08.17 07:00,39N0507679070008,000040300007204577,0.0000,0.0000,23583,,nem
2026.08.17 06:00,2026.08.17 07:00,39N0507679070008,000040300014219638,0.0000,0.0000,4177,,nem
2026.08.17 06:00,2026.08.17 07:00,39N0507679070008,000053100004211708,0.0000,0.0000,370,,nem
2026.08.17 06:00,2026.08.17 07:00,39N0507679070008,000053300004078695,0.0000,0.0000,1623,,nem
2026.08.17 06:00,2026.08.17 07:00,39N0507679070008,SC07000001932,0.0000,0.0000,4061,19847,nem
2026.08.17 06:00,2026.08.17 07:00,39N0507693140006,000000002246000115,0.0000,0.0000,432619,438367,nem
2026.08.17 06:00,2026.08.17 07:00,39N0507705100001,000029900020514285,0.0000,0.0000,78214,,nem
2026.08.17 06:00,2026.08.17 07:00,39N0507705100001,000051303403563760,0.0000,0.0000,1412,,nem
2026.08.17 06:00,2026.08.17 07:00,39N0507705100001,000052700000899611,0.0000,0.0000,62845,,nem
2026.08.17 06:00,2026.08.17 07:00,39N0507705100001,K3SC07000001924,0.0000,0.0000,15722,16974,nem
2026.08.17 06:00,2026.08.17 07:00,39N050771852000C,K3SC07000001832,0.0000,0.0000,116147,122961,nem
2026.08.17 06:00,2026.08.17 07:00,39N0507730720003,000053300004228387,0.0000,0.0000,2570,,nem
2026.08.17 06:00,2026.08.17 07:00,39N050773615000J,K3SC34000505359,0.0000,0.0000,1,1,nem
2026.08.17 06:00,2026.08.17 07:00,39N050773622000S,000053300004228493,0.0000,0.0000,8462,,nem
2026.08.17 06:00,2026.08.17 07:00,39N050773622000S,K3SC09000000250,0.0000,0.0000,18232,18751,nem
2026.08.17 06:00,2026.08.17 07:00,39N050773882000F,K3SC03402019413,0.0000,0.0000,973,3871,nem
2026.08.17 06:00,2026.08.17 07:00,39N0507741940003,K02000018L29724,0.0000,0.0000,224208,226138,nem
2026.08.17 06:00,2026.08.17 07:00,39N050774244000Q,000044700031395811,1.5700,1.5942,7598,,nem
2026.08.17 06:00,2026.08.17 07:00,39N050774244000Q,K3SC03400699635,11.4000,43.6300,37452,146683,nem
2026.08.17 06:00,2026.08.17 07:00,39N0507742750003,000027900020519928,0.0000,0.0000,187302,,nem
2026.08.17 06:00,2026.08.17 07:00,39N050775645000M,000008800045007665,0.0000,0.0000,1,,nem
2026.08.17 06:00,2026.08.17 07:00,39N050775645000M,000027900020502769,0.0000,0.0000,33,,nem
2026.08.17 06:00,2026.08.17 07:00,39N050776264000Z,000027100005870779,2.7000,2.6411,99031,,nem
2026.08.17 06:00,2026.08.17 07:00,39N050776439000E,000001300023106173,0.0000,0.0000,12975,,nem
2026.08.17 06:00,2026.08.17 07:00,39N050776439000E,SC07000006370,0.0000,0.0000,4121,21227,nem
2026.08.17 06:00,2026.08.17 07:00,39N050776462000V,K02000017L29063,0.0000,0.0000,1445,2050,nem
2026.08.17 06:00,2026.08.17 07:00,39N0507772080006,000000002246000073,0.0000,0.0000,13277,93825,nem
2026.08.17 06:00,2026.08.17 07:00,39N050777442000Z,000002600043780817,0.0000,0.0000,3112,,nem
2026.08.17 06:00,2026.08.17 07:00,39N050777442000Z,K02000017L29055,1.0000,1.0000,64133,66581,nem
2026.08.17 06:00,2026.08.17 07:00,39N050777442000Z,K02202146000484,0.0000,0.0000,7759,7959,nem
2026.08.17 06:00,2026.08.17 07:00,39N050777482000B,000000002246000043,0.0000,0.0000,5793,6840,nem
2026.08.17 06:00,2026.08.17 07:00,39N050792697000P,000027000005848410,0.0000,0.0000,3545,,nem
2026.08.17 06:00,2026.08.17 07:00,39N050793035000V,000035500084243061,0.9000,0.9142,6884,,nem
2026.08.17 06:00,2026.08.17 07:00,39N050793035000V,000035500084243063,0.0000,0.0000,6391,,nem
2026.08.17 06:00,2026.08.17 07:00,39N0507981050002,000029200020524061,0.0000,0.0000,15,,nem
2026.08.17 06:00,2026.08.17 07:00,39N050813036000E,000027100005897973,1.1000,1.0767,12668,,nem
2026.08.17 06:00,2026.08.17 07:00,39N050814444000J,000053300003306760,0.0000,0.0000,1,,nem
2026.08.17 06:00,2026.08.17 07:00,39N050816644000Q,000052600000899462,3.3000,3.2281,717,,nem
2026.08.17 06:00,2026.08.17 07:00,39N0508179760006,SC10000001096,1.3900,4.7900,80608,286307,nem
2026.08.17 06:00,2026.08.17 07:00,39N050818676000J,000040400014219207,0.0000,0.0000,29909,,nem
2026.08.17 06:00,2026.08.17 07:00,39N050820134000W,000053100004211197,0.0400,0.0406,3964,,nem
2026.08.17 06:00,2026.08.17 07:00,39N050820134000W,K3SC03402019414,0.0000,0.0000,303,2128,nem
2026.08.17 06:00,2026.08.17 07:00,39N050820458000G,000052700000885406,23.6000,24.4449,23383,,nem
2026.08.17 06:00,2026.08.17 07:00,39N050822345000S,000052600000884385,1.2000,1.1543,41829,,nem
2026.08.17 06:00,2026.08.17 07:00,39N0508227020002,K3SC03401147239,0.0000,0.0000,20,77,nem
2026.08.17 06:00,2026.08.17 07:00,39N050831052000K,K3SC03401169907,0.0100,0.0300,19370,69475,nem
2026.08.17 06:00,2026.08.17 07:00,39N050831052000K,K3SC07000006344,0.0000,0.0000,25006,85198,nem
2026.08.17 06:00,2026.08.17 07:00,39N050831214000K,K3SC08000001061,0.0000,0.0000,25592,88327,nem
2026.08.17 06:00,2026.08.17 07:00,39N050831732000K,000000002246000171,0.0000,0.0000,19058,18693,nem
2026.08.17 06:00,2026.08.17 07:00,39N050831732000K,000000002246000297,0.0000,0.0000,196294,192820,nem
2026.08.17 06:00,2026.08.17 07:00,39N050832564000Z,K3SC08000002241,0.0000,0.0000,1,1,nem
2026.08.17 06:00,2026.08.17 07:00,39N050833827000F,K3SC03400699729,0.0000,0.0000,904,8213,nem
2026.08.17 06:00,2026.08.17 07:00,39N050836149000I,K3SC03401414828,0.0000,0.0000,0,0,nem
2026.08.17 06:00,2026.08.17 07:00,39N050836830000K,000000003403233014,0.0000,0.0000,2963,23737,nem
2026.08.17 06:00,2026.08.17 07:00,39N050836979000I,000053400003290796,0.0000,0.0000,8243,,nem
2026.08.17 06:00,2026.08.17 07:00,39N0508398450002,K3SC08000002237,0.0000,0.0000,,,nem
2026.08.17 06:00,2026.08.17 07:00,39N050841968000N,SC11000000589,0.0000,0.0000,2187,19449,nem
2026.08.17 06:00,2026.08.17 07:00,39N050843706000U,000053300004078513,0.0000,0.0000,9095,,nem
2026.08.17 06:00,2026.08.17 07:00,39N050844930000K,000052600000914889,0.2000,0.1959,25932,,nem
2026.08.17 06:00,2026.08.17 07:00,39N050847541000D,K3SC09000000240,0.0000,0.0000,5240,14708,nem
2026.08.17 06:00,2026.08.17 07:00,39N050847787000J,000034800000031563,0.0000,0.0000,37825,,nem
2026.08.17 06:00,2026.08.17 07:00,39N0508480240000,000052700000909509,0.0000,0.0000,129330,,nem
2026.08.17 06:00,2026.08.17 07:00,39N050848355000U,000040300012215942,0.0000,0.0000,31899,,nem
2026.08.17 06:00,2026.08.17 07:00,39N0508490730004,000051303403563818,0.7000,0.6852,239891,,nem
2026.08.17 06:00,2026.08.17 07:00,39N050849323000D,K3SC04000000054,2.7000,10.7400,71301,281722,nem
2026.08.17 06:00,2026.08.17 07:00,39N050851794000U,K3SC07000006360,0.0000,0.0000,2,5,nem
2026.08.17 06:00,2026.08.17 07:00,39N050861247000Y,K3SC09000003821,1.2000,4.0700,62569,217427,nem
2026.08.17 06:00,2026.08.17 07:00,39N050866001000P,000000002246000036,0.0910,0.6290,11567,83158,nem
2026.08.17 06:00,2026.08.17 07:00,39N050875710000B,K3SC11000000578,0.0000,0.0000,2601,10358,nem
2026.08.17 06:00,2026.08.17 07:00,39N0508759240008,K3SC03401061101,0.0000,0.0000,0,0,nem
2026.08.17 06:00,2026.08.17 07:00,39N0508788210006,000053300004078461,0.0000,0.0000,30338,,nem
2026.08.17 06:00,2026.08.17 07:00,39N050879364000V,K02000016L28058,0.0000,0.0000,12659,50745,nem
2026.08.17 06:00,2026.08.17 07:00,39N0508813320003,000029900020519902,0.0000,0.0000,0,,nem
2026.08.17 06:00,2026.08.17 07:00,39N050882973000Z,000040300009900172,1.7000,1.6640,14934,,nem
2026.08.17 06:00,2026.08.17 07:00,39N050890535000A,000000002146000441,0.0000,0.0000,47060,134496,nem
2026.08.17 06:00,2026.08.17 07:00,39N0508949570002,000027100005897971,0.0000,0.0000,2040,,nem
2026.08.17 06:00,2026.08.17 07:00,39N050896400000C,K3SC03400574253,0.0000,0.0000,268,1036,nem
2026.08.17 06:00,2026.08.17 07:00,39N050896796000I,000027700001184418,0.0000,0.0000,16180,,nem
2026.08.17 06:00,2026.08.17 07:00,39N050898846000P,K3SC03400699737,0.0000,0.0000,1,9,nem
2026.08.17 06:00,2026.08.17 07:00,39N050913091000U,000027100005848490,0.4000,0.4039,37509,,nem
2026.08.17 06:00,2026.08.17 07:00,39N050915973000R,K3SC08000002025,0.0000,0.0000,35187,51497,nem
2026.08.17 06:00,2026.08.17 07:00,39N050916593000Z,K3SC03401169915,0.0000,0.0000,151456,581963,nem
2026.08.17 07:00,2026.08.17 08:00,39N0500091210005,000038200077158060,0.0000,0.0000,,,nem
2026.08.17 07:00,2026.08.17 08:00,39N050022609000H,000053300003307178,0.1000,0.1012,,,nem
2026.08.17 07:00,2026.08.17 08:00,39N050029731000D,000052600000914866,0.0000,0.0000,,,nem
2026.08.17 07:00,2026.08.17 08:00,39N050031988000Q,000052600000899454,0.0000,0.0000,,,nem
2026.08.17 07:00,2026.08.17 08:00,39N050032468000S,000052700000899362,0.0000,0.0000,,,nem
2026.08.17 07:00,2026.08.17 08:00,39N050033836000K,000027100005848245,0.0000,0.0000,,,nem
2026.08.17 07:00,2026.08.17 08:00,39N050034412000Z,000002600043780756,0.0000,0.0000,,,nem
2026.08.17 07:00,2026.08.17 08:00,39N050034412000Z,000052700000885403,7.9000,7.7325,,,nem
2026.08.17 07:00,2026.08.17 08:00,39N0500344350008,000046700000888615,0.0000,0.0000,,,nem
2026.08.17 07:00,2026.08.17 08:00,39N050034459000D,000040400014219775,0.0000,0.0000,,,nem
2026.08.17 07:00,2026.08.17 08:00,39N050042294000Z,000040400008209973,0.0000,0.0000,,,nem
2026.08.17 07:00,2026.08.17 08:00,39N050044030000F,000027000035197562,1.5000,1.5237,,,nem
2026.08.17 07:00,2026.08.17 08:00,39N050052498000T,SC05000004104,0.0000,0.0000,,,nem
2026.08.17 07:00,2026.08.17 08:00,39N050053842000G,K3SC03401169905,0.0000,0.0000,,,nem
2026.08.17 07:00,2026.08.17 08:00,39N0500617550009,000044500034101914,0.0000,0.0000,,,nem
2026.08.17 07:00,2026.08.17 08:00,39N0500617550009,K3SC03400699700,0.0000,0.0000,,,nem
2026.08.17 07:00,2026.08.17 08:00,39N050066949000F,000053400003290721,0.0000,0.0000,,,nem
2026.08.17 07:00,2026.08.17 08:00,39N050068660000G,000035500084243026,0.0000,0.0000,,,nem
2026.08.17 07:00,2026.08.17 08:00,39N050068660000G,000035500084243027,0.1000,0.1007,,,nem
2026.08.17 07:00,2026.08.17 08:00,39N050071512000G,000051303403398537,0.0000,0.0000,,,nem
2026.08.17 07:00,2026.08.17 08:00,39N050073737000N,000040400006201455,0.0000,0.0000,,,nem
2026.08.17 07:00,2026.08.17 08:00,39N050073762000U,000053400004078277,0.0000,0.0000,,,nem
2026.08.17 07:00,2026.08.17 08:00,39N050075194000S,000029200020524049,14.8000,15.0738,,,nem
2026.08.17 07:00,2026.08.17 08:00,39N0500755940000,000027000005950284,0.0000,0.0000,,,nem
2026.08.17 07:00,2026.08.17 08:00,39N0500755940000,000052600000886571,0.0000,0.0000,,,nem
2026.08.17 07:00,2026.08.17 08:00,39N050076850000F,000006201754704050,7.6000,7.4799,,,nem
2026.08.17 07:00,2026.08.17 08:00,39N050076850000F,000040300006201137,0.2000,0.1959,,,nem
2026.08.17 07:00,2026.08.17 08:00,39N050081322000F,000053400003290798,0.1000,0.1007,,,nem
2026.08.17 07:00,2026.08.17 08:00,39N050083908000D,000006202897801002,0.0000,0.0000,,,nem
2026.08.17 07:00,2026.08.17 08:00,39N050083908000D,000040300011213334,0.0000,0.0000,,,nem
2026.08.17 07:00,2026.08.17 08:00,39N050089206000O,000006203403563919,3.1000,3.1211,,,nem
2026.08.17 07:00,2026.08.17 08:00,39N050089206000O,000028700084091487,1.0000,0.9659,,,nem
2026.08.17 07:00,2026.08.17 08:00,39N050089342000D,000015608267713002,0.0000,0.0000,,,nem
2026.08.17 07:00,2026.08.17 08:00,39N050094459000X,000040400006201425,0.0000,0.0000,,,nem
2026.08.17 07:00,2026.08.17 08:00,39N050094490000H,000027100005894204,2.9000,2.8011,,,nem
2026.08.17 07:00,2026.08.17 08:00,39N050106941000P,000027100005848507,7.1000,6.8579,,,nem
2026.08.17 07:00,2026.08.17 08:00,39N0501191590002,000029200020517908,1.9000,1.8911,,,nem
2026.08.17 07:00,2026.08.17 08:00,39N050132558000H,000040400007204469,0.0000,0.0000,,,nem
2026.08.17 07:00,2026.08.17 08:00,39N050137387000F,000052600000900202,0.1000,0.0979,,,nem
2026.08.17 07:00,2026.08.17 08:00,39N050145410000I,000027100005848241,3.3000,3.2300,,,nem
2026.08.17 07:00,2026.08.17 08:00,39N050146207000W,000052700000899364,0.0000,0.0000,,,igen
2026.08.17 07:00,2026.08.17 08:00,39N050153206000F,K3SC06000007800,0.0000,0.0000,,,nem
2026.08.17 07:00,2026.08.17 08:00,39N0501601470008,000040300008206765,0.0000,0.0000,,,igen
2026.08.17 07:00,2026.08.17 08:00,39N0501601470008,000040300014219822,0.0000,0.0000,,,igen
2026.08.17 07:00,2026.08.17 08:00,39N050160341000O,000052700000899034,0.0000,0.0000,,,nem
2026.08.17 07:00,2026.08.17 08:00,39N0501618590009,000053400002726045,6.2000,6.0686,,,nem
2026.08.17 07:00,2026.08.17 08:00,39N050168020000Z,L01A625,10.0000,9.9590,,,nem
2026.08.17 07:00,2026.08.17 08:00,39N050176728000R,000040300012214339,0.0000,0.0000,,,nem
2026.08.17 07:00,2026.08.17 08:00,39N050176728000R,000053300003348438,0.0000,0.0000,,,nem
2026.08.17 07:00,2026.08.17 08:00,39N050177032000I,000053400003290719,0.0000,0.0000,,,nem
2026.08.17 07:00,2026.08.17 08:00,39N0501770340008,000053400002725990,0.3000,0.3024,,,nem
2026.08.17 07:00,2026.08.17 08:00,39N050180150000J,000000002246000217,0.7150,0.7080,,,nem
2026.08.17 07:00,2026.08.17 08:00,39N050197735000A,000053400003290744,0.0000,0.0000,,,nem
2026.08.17 07:00,2026.08.17 08:00,39N0502000520004,000029900020519904,21.6000,23.2308,,,nem
2026.08.17 07:00,2026.08.17 08:00,39N0502000520004,000053400003290731,2.5000,2.3915,,,nem
2026.08.17 07:00,2026.08.17 08:00,39N050207087000G,000033300005960021,2.8000,2.8193,,,nem
2026.08.17 07:00,2026.08.17 08:00,39N050207887000Y,000011100000109615,0.0000,0.0000,,,nem
2026.08.17 07:00,2026.08.17 08:00,39N050208125000A,000028700084091484,0.0000,0.0000,,,nem
2026.08.17 07:00,2026.08.17 08:00,39N050208128000W,000052600000896583,0.0000,0.0000,,,nem
2026.08.17 07:00,2026.08.17 08:00,39N050208164000S,000000002246000198,14.0000,14.6990,,,nem
2026.08.17 07:00,2026.08.17 08:00,39N050209187000U,000027000005926405,0.0000,0.0000,,,nem
2026.08.17 07:00,2026.08.17 08:00,39N0502109170005,000053400003708002,0.0000,0.0000,,,nem
2026.08.17 07:00,2026.08.17 08:00,39N0502109620000,000027100005894243,0.0000,0.0000,,,nem
2026.08.17 07:00,2026.08.17 08:00,39N050212788000U,000053600000897292,0.0000,0.0000,,,nem
2026.08.17 07:00,2026.08.17 08:00,39N050213910000G,000027100005898038,0.0000,0.0000,,,nem
2026.08.17 07:00,2026.08.17 08:00,39N050214190000G,K3SC03400699752,2.6600,9.2200,,,nem
2026.08.17 07:00,2026.08.17 08:00,39N050214638000E,K02000017L28861,0.0000,0.0000,,,nem
2026.08.17 07:00,2026.08.17 08:00,39N050214647000D,K3SC06000003455,0.0000,0.0000,,,nem
2026.08.17 07:00,2026.08.17 08:00,39N050214652000W,000008800043449669,1.2600,1.2688,,,nem
2026.08.17 07:00,2026.08.17 08:00,39N050214652000W,000027000005894200,0.0000,0.0000,,,nem
2026.08.17 07:00,2026.08.17 08:00,39N050214652000W,K3SC08000002012,0.0000,0.0000,,,nem
2026.08.17 07:00,2026.08.17 08:00,39N050214655000H,K3SC09000000230,0.0879,0.5800,,,nem
2026.08.17 07:00,2026.08.17 08:00,39N050214668000X,000000002246000235,0.0000,0.0000,,,nem
2026.08.17 07:00,2026.08.17 08:00,39N050214674000A,K3SC07000007598,0.0000,0.0000,,,nem
2026.08.17 07:00,2026.08.17 08:00,39N050214697000K,K3SC07000006334,0.0000,0.0000,,,nem
2026.08.17 07:00,2026.08.17 08:00,39N050214912000Z,K3SC07000001923,0.0000,0.0000,,,nem
2026.08.17 07:00,2026.08.17 08:00,39N050214941000M,EP07883,0.0000,0.0000,,,nem
2026.08.17 07:00,2026.08.17 08:00,39N050215930000P,K3SC06000002907,0.0000,0.0000,,,nem
2026.08.17 07:00,2026.08.17 08:00,39N050215938000M,K02000017L29066,0.0000,0.0000,,,nem
2026.08.17 07:00,2026.08.17 08:00,39N0502159430004,K3SC07000001954,0.0000,0.0000,,,nem
2026.08.17 07:00,2026.08.17 08:00,39N050215958000A,000000002246000117,0.0000,0.0000,,,nem
2026.08.17 07:00,2026.08.17 08:00,39N050215958000A,K02000017L29366,0.0000,0.0000,,,nem
2026.08.17 07:00,2026.08.17 08:00,39N050215987000Y,000040300012214341,0.0000,0.0000,,,nem
2026.08.17 07:00,2026.08.17 08:00,39N050215987000Y,K3SC04000000062,0.1000,0.2800,,,nem
2026.08.17 07:00,2026.08.17 08:00,39N050215987000Y,K3SC07000002663,0.0000,0.0000,,,nem
2026.08.17 07:00,2026.08.17 08:00,39N050215990000Q,000000002146000419,0.0000,0.0000,,,nem
2026.08.17 07:00,2026.08.17 08:00,39N050215990000Q,000000002246000261,0.0070,0.0070,,,nem
2026.08.17 07:00,2026.08.17 08:00,39N050215996000X,000000002246000205,0.0000,0.0000,,,nem
2026.08.17 07:00,2026.08.17 08:00,39N050215996000X,000044600000607648,0.0000,0.0000,,,nem
2026.08.17 07:00,2026.08.17 08:00,39N050215996000X,000044600000614795,0.0000,0.0000,,,nem
2026.08.17 07:00,2026.08.17 08:00,39N050216000000O,K3SC08000006643,0.0000,0.0000,,,nem
2026.08.17 07:00,2026.08.17 08:00,39N050216189000Z,K3SC09000000005,0.0000,0.0000,,,nem
2026.08.17 07:00,2026.08.17 08:00,39N050216319000Q,K3SC04000000788,0.0000,0.0000,,,nem
2026.08.17 07:00,2026.08.17 08:00,39N050217344000P,SC06000007846,83.0000,158.5000,,,nem
2026.08.17 07:00,2026.08.17 08:00,39N050217514000T,000000002246000191,8.9870,9.4020,,,nem
2026.08.17 07:00,2026.08.17 08:00,39N050217594000I,K02000017L28855,0.0000,0.0000,,,nem
2026.08.17 07:00,2026.08.17 08:00,39N0502177240009,000006209160519002,1.2000,1.2084,,,nem
2026.08.17 07:00,2026.08.17 08:00,39N0502177240009,000027700001201786,0.0000,0.0000,,,nem
2026.08.17 07:00,2026.08.17 08:00,39N0502177240009,K3SC08000001999,0.0000,0.0000,,,nem
2026.08.17 07:00,2026.08.17 08:00,39N0502177250004,000000002146000444,0.0000,0.0000,,,nem
2026.08.17 07:00,2026.08.17 08:00,39N0502177250004,000053200002511869,0.0000,0.0000,,,nem
2026.08.17 07:00,2026.08.17 08:00,39N050218554000Y,K02202146000431,0.0000,0.0000,,,nem
2026.08.17 07:00,2026.08.17 08:00,39N050218563000X,000000000001084616,0.0000,0.0000,,,nem
2026.08.17 07:00,2026.08.17 08:00,39N050218588000X,K3SC08000009353,3.5000,11.7600,,,nem
2026.08.17 07:00,2026.08.17 08:00,39N050218591000P,000008800043780320,0.0000,0.0000,,,nem
2026.08.17 07:00,2026.08.17 08:00,39N050218591000P,K02202146000387,0.0000,0.0000,,,nem
2026.08.17 07:00,2026.08.17 08:00,39N0502185960000,000045500001090171,0.0000,0.0000,,,nem
2026.08.17 07:00,2026.08.17 08:00,39N0502186000003,000000002246000034,0.0000,0.0000,,,nem
2026.08.17 07:00,2026.08.17 08:00,39N0502186000003,000044500026294967,0.0100,0.0100,,,nem
2026.08.17 07:00,2026.08.17 08:00,39N050218709000P,000000002146000433,0.0000,0.0000,,,nem
2026.08.17 07:00,2026.08.17 08:00,39N050218709000P,000027000005871862,0.0000,0.0000,,,nem
2026.08.17 07:00,2026.08.17 08:00,39N050219101000P,000053100006284304,0.0000,0.0000,,,nem
2026.08.17 07:00,2026.08.17 08:00,39N050219101000P,K11702446102256,0.0000,0.0000,,,nem
2026.08.17 07:00,2026.08.17 08:00,39N050219111000J,000053100006086023,0.1800,0.1803,,,nem
2026.08.17 07:00,2026.08.17 08:00,39N050219111000J,K3SC08000002002,0.0000,0.0000,,,nem
2026.08.17 07:00,2026.08.17 08:00,39N0502191220008,000000002146000405,0.0000,0.0000,,,nem
2026.08.17 07:00,2026.08.17 08:00,39N050219127000K,K02000018L30060,0.0000,0.0000,,,nem
2026.08.17 07:00,2026.08.17 08:00,39N050219144000N,K3SC07000001933,14.7000,14.4300,,,nem
2026.08.17 07:00,2026.08.17 08:00,39N050222615000B,K3SC08000002009,0.0000,0.0000,,,nem
2026.08.17 07:00,2026.08.17 08:00,39N050224132000X,000052600000885006,0.0000,0.0000,,,nem
2026.08.17 07:00,2026.08.17 08:00,39N050225228000V,000052600000887973,0.0000,0.0000,,,nem
2026.08.17 07:00,2026.08.17 08:00,39N050225361000Z,000028700084243212,0.0000,0.0000,,,nem
2026.08.17 07:00,2026.08.17 08:00,39N050225592000Z,K02000018L29674,7.0000,7.0000,,,nem
2026.08.17 07:00,2026.08.17 08:00,39N0502258590003,000053400004078297,0.0000,0.0000,,,nem
2026.08.17 07:00,2026.08.17 08:00,39N0502320940001,000053400002726024,10.7000,10.4667,,,nem
2026.08.17 07:00,2026.08.17 08:00,39N050233268000E,000040300013218204,0.0000,0.0000,,,nem
2026.08.17 07:00,2026.08.17 08:00,39N050233872000X,K3SC09000003822,0.0000,0.0000,,,nem
2026.08.17 07:00,2026.08.17 08:00,39N050235722000H,000000002246000065,0.5440,2.1070,,,nem
2026.08.17 07:00,2026.08.17 08:00,39N050235781000N,000000000000071480,0.0000,0.0000,,,nem
2026.08.17 07:00,2026.08.17 08:00,39N050236245000H,000006209160513005,0.6000,0.5771,,,nem
2026.08.17 07:00,2026.08.17 08:00,39N0502362660000,000027900020508134,4.0000,4.0396,,,nem
2026.08.17 07:00,2026.08.17 08:00,39N0502362660000,000040300011213597,0.0000,0.0000,,,nem
2026.08.17 07:00,2026.08.17 08:00,39N0502477110003,000052700000884957,0.0000,0.0000,,,nem
2026.08.17 07:00,2026.08.17 08:00,39N0502510990003,000019900016977384,11.6000,11.6916,,,nem
2026.08.17 07:00,2026.08.17 08:00,39N050251837000U,000040300007204770,0.0000,0.0000,,,nem
2026.08.17 07:00,2026.08.17 08:00,39N050252043000I,000027100005898029,0.0000,0.0000,,,nem
2026.08.17 07:00,2026.08.17 08:00,39N050252204000N,000006203229509031,0.1000,0.1033,,,nem
2026.08.17 07:00,2026.08.17 08:00,39N050253671000Y,000053400003708027,1.3000,1.3295,,,nem
2026.08.17 07:00,2026.08.17 08:00,39N050254055000N,000028700084243189,0.0000,0.0000,,,nem
2026.08.17 07:00,2026.08.17 08:00,39N0502542550009,000006203403563870,0.0000,0.0000,,,nem
2026.08.17 07:00,2026.08.17 08:00,39N050258835000L,000019900017022057,8.1000,8.3130,,,nem
2026.08.17 07:00,2026.08.17 08:00,39N050261616000F,000027100005848476,1.7000,1.7386,,,nem
2026.08.17 07:00,2026.08.17 08:00,39N050269363000V,000052700000884401,0.0000,0.0000,,,nem
2026.08.17 07:00,2026.08.17 08:00,39N050316475000U,000003300035201642,0.0000,0.0000,,,nem
2026.08.17 07:00,2026.08.17 08:00,39N050316475000U,000027000005848437,0.0000,0.0000,,,nem
2026.08.17 07:00,2026.08.17 08:00,39N0503424040008,000027100005870727,0.3000,0.2935,,,nem
2026.08.17 07:00,2026.08.17 08:00,39N0503439790009,000029200020502760,0.1000,0.0980,,,nem
2026.08.17 07:00,2026.08.17 08:00,39N050369436000H,000052700000889661,0.0000,0.0000,,,nem
2026.08.17 07:00,2026.08.17 08:00,39N050373639000R,000040300006202862,0.0000,0.0000,,,igen
2026.08.17 07:00,2026.08.17 08:00,39N050373666000O,000052700000887369,0.0000,0.0000,,,nem
2026.08.17 07:00,2026.08.17 08:00,39N050377940000D,000053400002719761,0.0000,0.0000,,,nem
2026.08.17 07:00,2026.08.17 08:00,39N050381165000Y,000000002246000284,7.0000,6.9420,,,nem
2026.08.17 07:00,2026.08.17 08:00,39N050385675000Z,000040400009210687,0.0000,0.0000,,,nem
2026.08.17 07:00,2026.08.17 08:00,39N050405255000Q,000029200020519053,0.0000,0.0000,,,nem
2026.08.17 07:00,2026.08.17 08:00,39N050414007000M,000029900020520529,3.0000,2.9364,,,nem
2026.08.17 07:00,2026.08.17 08:00,39N050414007000M,000040300011213341,0.0000,0.0000,,,nem
2026.08.17 07:00,2026.08.17 08:00,39N050415384000Y,000000002146000548,0.0000,0.0000,,,nem
2026.08.17 07:00,2026.08.17 08:00,39N050415384000Y,000053100004423834,0.0000,0.0000,,,nem
2026.08.17 07:00,2026.08.17 08:00,39N0504237770004,000028400084243416,0.0000,0.0000,,,nem
2026.08.17 07:00,2026.08.17 08:00,39N050433181000O,000000002246000180,0.0000,0.0000,,,nem
2026.08.17 07:00,2026.08.17 08:00,39N050445873000K,000053400002725979,0.0000,0.0000,,,nem
2026.08.17 07:00,2026.08.17 08:00,39N050450493000U,K3SCC0400000594,0.0000,0.0000,,,nem
2026.08.17 07:00,2026.08.17 08:00,39N0504550620004,000052600000887704,2.1000,2.0561,,,nem
2026.08.17 07:00,2026.08.17 08:00,39N050458746000Y,000027100005870754,0.0000,0.0000,,,nem
2026.08.17 07:00,2026.08.17 08:00,39N050458746000Y,000053300004228243,0.5000,0.4898,,,nem
2026.08.17 07:00,2026.08.17 08:00,39N050458746000Y,000053300006548960,0.0000,0.0000,,,nem
2026.08.17 07:00,2026.08.17 08:00,39N0504648650006,000052600000887402,0.0000,0.0000,,,nem
2026.08.17 07:00,2026.08.17 08:00,39N050471715000L,000029200020517911,0.0000,0.0000,,,nem
2026.08.17 07:00,2026.08.17 08:00,39N050483780000G,000027100005870759,1.1000,1.1403,,,nem
2026.08.17 07:00,2026.08.17 08:00,39N050484438000J,000052600000889209,4.2000,4.1084,,,nem
2026.08.17 07:00,2026.08.17 08:00,39N050485100000G,000040400014219743,0.6000,0.5877,,,nem
2026.08.17 07:00,2026.08.17 08:00,39N0504864890005,000053400003287118,0.0000,0.0000,,,nem
2026.08.17 07:00,2026.08.17 08:00,39N050510259000R,000027100005848322,0.0000,0.0000,,,nem
2026.08.17 07:00,2026.08.17 08:00,39N050515515000A,000052700000885935,0.0000,0.0000,,,nem
2026.08.17 07:00,2026.08.17 08:00,39N0505226180003,000011100000109610,7.4000,7.2483,,,nem
2026.08.17 07:00,2026.08.17 08:00,39N0505384670009,000027100005848294,0.0000,0.0000,,,nem
2026.08.17 07:00,2026.08.17 08:00,39N0505387730002,000052600000900177,2.5000,2.4488,,,nem
2026.08.17 07:00,2026.08.17 08:00,39N050548215000H,000053400002719801,0.0000,0.0000,,,nem
2026.08.17 07:00,2026.08.17 08:00,39N050548840000J,K3SC09000000010,2.3000,8.6400,,,nem
2026.08.17 07:00,2026.08.17 08:00,39N050552094000R,000029900020521702,0.0000,0.0000,,,nem
2026.08.17 07:00,2026.08.17 08:00,39N050553222000K,K3SC08000003475,1.5000,5.8400,,,nem
2026.08.17 07:00,2026.08.17 08:00,39N050553661000A,000034800000061526,1.5000,1.6065,,,nem
2026.08.17 07:00,2026.08.17 08:00,39N0505752100002,000052600000887553,0.0000,0.0000,,,nem
2026.08.17 07:00,2026.08.17 08:00,39N050576124000C,000034800000546505,11.8000,11.9817,,,nem
2026.08.17 07:00,2026.08.17 08:00,39N0505779810001,000006202897801013,0.3000,0.2935,,,nem
2026.08.17 07:00,2026.08.17 08:00,39N050583139000X,000053300004078348,0.0000,0.0000,,,nem
2026.08.17 07:00,2026.08.17 08:00,39N0505847100003,000053400002726046,0.0000,0.0000,,,nem
2026.08.17 07:00,2026.08.17 08:00,39N0505992060002,000053400003708023,7.8000,7.6300,,,nem
2026.08.17 07:00,2026.08.17 08:00,39N050603076000J,000051303403563786,2.2000,2.1520,,,nem
2026.08.17 07:00,2026.08.17 08:00,39N050607494000V,000038200077141480,0.0000,0.0000,,,nem
2026.08.17 07:00,2026.08.17 08:00,39N0506230230009,000053400003707928,1.7000,1.6629,,,nem
2026.08.17 07:00,2026.08.17 08:00,39N050626352000P,000034800000072507,9.8000,9.5864,,,nem
2026.08.17 07:00,2026.08.17 08:00,39N050626352000P,000053300002318656,0.0000,0.0000,,,nem
2026.08.17 07:00,2026.08.17 08:00,39N050627784000Z,000001300013013134,0.0000,0.0000,,,nem
2026.08.17 07:00,2026.08.17 08:00,39N050627784000Z,K3SC03402019428,0.0000,0.0000,,,nem
2026.08.17 07:00,2026.08.17 08:00,39N050635744000T,000051303403398549,2.7400,2.7822,,,nem
2026.08.17 07:00,2026.08.17 08:00,39N050636182000C,000040300014219987,0.0000,0.0000,,,nem
2026.08.17 07:00,2026.08.17 08:00,39N050636182000C,000053200006188793,0.1000,0.0980,,,nem
2026.08.17 07:00,2026.08.17 08:00,39N050636182000C,000053300004228213,0.0000,0.0000,,,nem
2026.08.17 07:00,2026.08.17 08:00,39N050642904000H,000053400002719822,5.8000,5.8684,,,nem
2026.08.17 07:00,2026.08.17 08:00,39N0506488920006,000038200077159774,10.1000,10.2192,,,igen
2026.08.17 07:00,2026.08.17 08:00,39N050655561000S,000027000005848448,0.0000,0.0000,,,nem
2026.08.17 07:00,2026.08.17 08:00,39N050655561000S,000027000005950344,0.0000,0.0000,,,nem
2026.08.17 07:00,2026.08.17 08:00,39N050655561000S,000040200008208469,0.0000,0.0000,,,nem
2026.08.17 07:00,2026.08.17 08:00,39N050673657000W,000029900020524037,4.7000,4.5975,,,igen
2026.08.17 07:00,2026.08.17 08:00,39N050690260000L,000051303403663324,2.1000,2.0570,,,nem
2026.08.17 07:00,2026.08.17 08:00,39N050708788000F,000027000005921259,8.8000,8.5413,,,nem
2026.08.17 07:00,2026.08.17 08:00,39N050720770000X,000040400012214791,0.0000,0.0000,,,nem
2026.08.17 07:00,2026.08.17 08:00,39N050740233000M,000052700000900251,0.0000,0.0000,,,nem
2026.08.17 07:00,2026.08.17 08:00,39N050744134000T,000052600000888120,2.2000,2.1520,,,nem
2026.08.17 07:00,2026.08.17 08:00,39N0507451030007,000000002246000087,0.4700,0.4640,,,nem
2026.08.17 07:00,2026.08.17 08:00,39N0507495580003,000000002246000226,0.0000,0.0000,,,nem
2026.08.17 07:00,2026.08.17 08:00,39N050750365000F,000044500028323170,0.0200,0.0203,,,nem
2026.08.17 07:00,2026.08.17 08:00,39N050750365000F,K3SC08000011520,0.0000,0.0000,,,nem
2026.08.17 07:00,2026.08.17 08:00,39N050750873000L,K02000018L29990,0.0000,0.0000,,,nem
2026.08.17 07:00,2026.08.17 08:00,39N050753398000W,000008800043780262,0.0000,0.0000,,,nem
2026.08.17 07:00,2026.08.17 08:00,39N050753398000W,000027000005848440,0.0000,0.0000,,,nem
2026.08.17 07:00,2026.08.17 08:00,39N050753398000W,000027000005950363,0.0000,0.0000,,,nem
2026.08.17 07:00,2026.08.17 08:00,39N050753398000W,000028700084243194,0.8000,0.7836,,,nem
2026.08.17 07:00,2026.08.17 08:00,39N050753839000S,000040300014219478,0.0000,0.0000,,,nem
2026.08.17 07:00,2026.08.17 08:00,39N050753876000J,000027000005848396,0.0000,0.0000,,,nem
2026.08.17 07:00,2026.08.17 08:00,39N050753876000J,000051303403563777,0.0000,0.0000,,,nem
2026.08.17 07:00,2026.08.17 08:00,39N050753876000J,000053300002728766,0.0000,0.0000,,,nem
2026.08.17 07:00,2026.08.17 08:00,39N050754012000C,K3SC03402019415,0.0000,0.0000,,,nem
2026.08.17 07:00,2026.08.17 08:00,39N050754015000Y,000027100005870748,0.0000,0.0000,,,nem
2026.08.17 07:00,2026.08.17 08:00,39N050754015000Y,K3SC03400984912,0.0000,0.0000,,,nem
2026.08.17 07:00,2026.08.17 08:00,39N050754578000M,000027100005848567,10.5000,10.6659,,,nem
2026.08.17 07:00,2026.08.17 08:00,39N050754578000M,000053300004228283,0.0000,0.0000,,,nem
2026.08.17 07:00,2026.08.17 08:00,39N050754578000M,000053400003290776,0.0000,0.0000,,,nem
2026.08.17 07:00,2026.08.17 08:00,39N050754716000H,000040300006200780,0.0000,0.0000,,,nem
2026.08.17 07:00,2026.08.17 08:00,39N050754716000H,K3SC04000000943,0.0000,0.0000,,,nem
2026.08.17 07:00,2026.08.17 08:00,39N050755929000B,SC07000007591,0.0000,0.0000,,,nem
2026.08.17 07:00,2026.08.17 08:00,39N050755997000G,000000002246000049,0.0000,0.0000,,,nem
2026.08.17 07:00,2026.08.17 08:00,39N050755997000G,000003500035198891,0.1000,0.0980,,,nem
2026.08.17 07:00,2026.08.17 08:00,39N0507569640004,000029200020511689,0.0000,0.0000,,,nem
2026.08.17 07:00,2026.08.17 08:00,39N050756996000D,K3SC08000006659,0.0000,0.0000,,,nem
2026.08.17 07:00,2026.08.17 08:00,39N050757163000K,K3SC08000005254,0.0000,0.0000,,,nem
2026.08.17 07:00,2026.08.17 08:00,39N050757415000J,000053400003290785,0.0000,0.0000,,,nem
2026.08.17 07:00,2026.08.17 08:00,39N050757415000J,K3SC09000000237,0.0000,0.0000,,,nem
2026.08.17 07:00,2026.08.17 08:00,39N050757439000O,000001300013505669,0.0000,0.0000,,,nem
2026.08.17 07:00,2026.08.17 08:00,39N050757439000O,000040300012216291,0.0000,0.0000,,,nem
2026.08.17 07:00,2026.08.17 08:00,39N050757439000O,000044500037979231,0.0000,0.0000,,,nem
2026.08.17 07:00,2026.08.17 08:00,39N050757439000O,K3SC08000002229,0.0000,0.0000,,,nem
2026.08.17 07:00,2026.08.17 08:00,39N050757450000K,000053400002719733,6.7000,7.9971,,,nem
2026.08.17 07:00,2026.08.17 08:00,39N050757450000K,K3SC03401169913,0.0000,0.0000,,,nem
2026.08.17 07:00,2026.08.17 08:00,39N050757472000Z,000000002246000059,0.0000,0.0000,,,nem
2026.08.17 07:00,2026.08.17 08:00,39N050757472000Z,000053400002719783,0.0000,0.0000,,,nem
2026.08.17 07:00,2026.08.17 08:00,39N050758923000H,000027900020522241,0.0000,0.0000,,,nem
2026.08.17 07:00,2026.08.17 08:00,39N050759606000R,K02202146000564,0.0380,0.0380,,,nem
2026.08.17 07:00,2026.08.17 08:00,39N0507599930004,000002800024149874,0.0000,0.0000,,,nem
2026.08.17 07:00,2026.08.17 08:00,39N0507599930004,SC07000001919,0.0000,0.0000,,,nem
2026.08.17 07:00,2026.08.17 08:00,39N050760458000R,000000002246000162,0.0000,0.0000,,,nem
2026.08.17 07:00,2026.08.17 08:00,39N050760458000R,000001300016230255,0.0100,0.0102,,,nem
2026.08.17 07:00,2026.08.17 08:00,39N050760709000V,K3SC03401061094,19.1000,127.5400,,,nem
2026.08.17 07:00,2026.08.17 08:00,39N050762038000E,K02202246000183,0.0000,0.0000,,,nem
2026.08.17 07:00,2026.08.17 08:00,39N050762094000Z,000033300005960005,0.0000,0.0000,,,nem
2026.08.17 07:00,2026.08.17 08:00,39N050762094000Z,K3SC03400723975,0.0000,0.0000,,,nem
2026.08.17 07:00,2026.08.17 08:00,39N050764763000U,000012000075117793,0.0000,0.0000,,,nem
2026.08.17 07:00,2026.08.17 08:00,39N050764763000U,000053100006730746,0.0000,0.0000,,,nem
2026.08.17 07:00,2026.08.17 08:00,39N050764763000U,K3SC09000000002,0.0000,0.0000,,,nem
2026.08.17 07:00,2026.08.17 08:00,39N050764779000V,000052100004064528,0.0000,0.0000,,,nem
2026.08.17 07:00,2026.08.17 08:00,39N050764779000V,K3SC03402019421,0.0000,0.0000,,,nem
2026.08.17 07:00,2026.08.17 08:00,39N050765037000W,K02000017L29370,0.0000,0.0000,,,nem
2026.08.17 07:00,2026.08.17 08:00,39N0507679070008,000000002146000466,0.0000,0.0000,,,nem
2026.08.17 07:00,2026.08.17 08:00,39N0507679070008,000040300007204577,0.0000,0.0000,,,nem
2026.08.17 07:00,2026.08.17 08:00,39N0507679070008,000040300014219638,0.0000,0.0000,,,nem
2026.08.17 07:00,2026.08.17 08:00,39N0507679070008,000053100004211708,0.0000,0.0000,,,nem
2026.08.17 07:00,2026.08.17 08:00,39N0507679070008,000053300004078695,0.0000,0.0000,,,nem
2026.08.17 07:00,2026.08.17 08:00,39N0507679070008,SC07000001932,0.0000,0.0000,,,nem
2026.08.17 07:00,2026.08.17 08:00,39N0507693140006,000000002246000115,0.0000,0.0000,,,nem
2026.08.17 07:00,2026.08.17 08:00,39N0507705100001,000029900020514285,0.0000,0.0000,,,nem
2026.08.17 07:00,2026.08.17 08:00,39N0507705100001,000051303403563760,0.0000,0.0000,,,nem
2026.08.17 07:00,2026.08.17 08:00,39N0507705100001,000052700000899611,0.0000,0.0000,,,nem
2026.08.17 07:00,2026.08.17 08:00,39N0507705100001,K3SC07000001924,0.0000,0.0000,,,nem
2026.08.17 07:00,2026.08.17 08:00,39N050771852000C,K3SC07000001832,0.0000,0.0000,,,nem
2026.08.17 07:00,2026.08.17 08:00,39N0507730720003,000053300004228387,0.0000,0.0000,,,nem
2026.08.17 07:00,2026.08.17 08:00,39N050773615000J,K3SC34000505359,0.0000,0.0000,,,nem
2026.08.17 07:00,2026.08.17 08:00,39N050773622000S,000053300004228493,0.0000,0.0000,,,nem
2026.08.17 07:00,2026.08.17 08:00,39N050773622000S,K3SC09000000250,0.0000,0.0000,,,nem
2026.08.17 07:00,2026.08.17 08:00,39N050773882000F,K3SC03402019413,0.0000,0.0000,,,nem
2026.08.17 07:00,2026.08.17 08:00,39N0507741940003,K02000018L29724,0.0000,0.0000,,,nem
2026.08.17 07:00,2026.08.17 08:00,39N050774244000Q,000044700031395811,1.3700,1.3911,,,nem
2026.08.17 07:00,2026.08.17 08:00,39N050774244000Q,K3SC03400699635,11.2000,42.7900,,,nem
2026.08.17 07:00,2026.08.17 08:00,39N0507742750003,000027900020519928,0.0000,0.0000,,,nem
2026.08.17 07:00,2026.08.17 08:00,39N050775645000M,000008800045007665,0.0000,0.0000,,,nem
2026.08.17 07:00,2026.08.17 08:00,39N050775645000M,000027900020502769,0.0000,0.0000,,,nem
2026.08.17 07:00,2026.08.17 08:00,39N050776264000Z,000027100005870779,2.0000,1.9564,,,nem
2026.08.17 07:00,2026.08.17 08:00,39N050776439000E,000001300023106173,0.0000,0.0000,,,nem
2026.08.17 07:00,2026.08.17 08:00,39N050776439000E,SC07000006370,0.0000,0.0000,,,nem
2026.08.17 07:00,2026.08.17 08:00,39N050776462000V,K02000017L29063,0.0000,0.0000,,,nem
2026.08.17 07:00,2026.08.17 08:00,39N0507772080006,000000002246000073,0.0000,0.0000,,,nem
2026.08.17 07:00,2026.08.17 08:00,39N050777442000Z,000002600043780817,0.0000,0.0000,,,nem
2026.08.17 07:00,2026.08.17 08:00,39N050777442000Z,K02000017L29055,2.0000,1.0000,,,nem
2026.08.17 07:00,2026.08.17 08:00,39N050777442000Z,K02202146000484,0.0000,0.0000,,,nem
2026.08.17 07:00,2026.08.17 08:00,39N050777482000B,000000002246000043,0.0000,0.0000,,,nem
2026.08.17 07:00,2026.08.17 08:00,39N050792697000P,000027000005848410,0.0000,0.0000,,,nem
2026.08.17 07:00,2026.08.17 08:00,39N050793035000V,000035500084243061,0.0000,0.0000,,,nem
2026.08.17 07:00,2026.08.17 08:00,39N050793035000V,000035500084243063,0.0000,0.0000,,,nem
2026.08.17 07:00,2026.08.17 08:00,39N0507981050002,000029200020524061,0.0000,0.0000,,,nem
2026.08.17 07:00,2026.08.17 08:00,39N050813036000E,000027100005897973,0.4000,0.3915,,,nem
2026.08.17 07:00,2026.08.17 08:00,39N050814444000J,000053300003306760,0.0000,0.0000,,,nem
2026.08.17 07:00,2026.08.17 08:00,39N050816644000Q,000052600000899462,2.8000,2.7390,,,nem
2026.08.17 07:00,2026.08.17 08:00,39N0508179760006,SC10000001096,1.1800,4.0800,,,nem
2026.08.17 07:00,2026.08.17 08:00,39N050818676000J,000040400014219207,0.0000,0.0000,,,nem
2026.08.17 07:00,2026.08.17 08:00,39N050820134000W,000053100004211197,0.0100,0.0102,,,nem
2026.08.17 07:00,2026.08.17 08:00,39N050820134000W,K3SC03402019414,0.0000,0.0000,,,nem
2026.08.17 07:00,2026.08.17 08:00,39N050820458000G,000052700000885406,17.5000,18.1265,,,nem
2026.08.17 07:00,2026.08.17 08:00,39N050822345000S,000052600000884385,0.0000,0.0000,,,nem
2026.08.17 07:00,2026.08.17 08:00,39N0508227020002,K3SC03401147239,0.0000,0.0000,,,nem
2026.08.17 07:00,2026.08.17 08:00,39N050831052000K,K3SC03401169907,0.0000,0.0000,,,nem
2026.08.17 07:00,2026.08.17 08:00,39N050831052000K,K3SC07000006344,0.0000,0.0000,,,nem
2026.08.17 07:00,2026.08.17 08:00,39N050831214000K,K3SC08000001061,0.0000,0.0000,,,nem
2026.08.17 07:00,2026.08.17 08:00,39N050831732000K,000000002246000171,0.0000,0.0000,,,nem
2026.08.17 07:00,2026.08.17 08:00,39N050831732000K,000000002246000297,0.0000,0.0000,,,nem
2026.08.17 07:00,2026.08.17 08:00,39N050832564000Z,K3SC08000002241,0.0000,0.0000,,,nem
2026.08.17 07:00,2026.08.17 08:00,39N050833827000F,K3SC03400699729,0.0000,0.0000,,,nem
2026.08.17 07:00,2026.08.17 08:00,39N050836149000I,K3SC03401414828,0.0000,0.0000,,,nem
2026.08.17 07:00,2026.08.17 08:00,39N050836830000K,000000003403233014,0.0000,0.0000,,,nem
2026.08.17 07:00,2026.08.17 08:00,39N050836979000I,000053400003290796,0.0000,0.0000,,,nem
2026.08.17 07:00,2026.08.17 08:00,39N0508398450002,K3SC08000002237,0.0000,0.0000,,,nem
2026.08.17 07:00,2026.08.17 08:00,39N050841968000N,SC11000000589,0.0000,0.0000,,,nem
2026.08.17 07:00,2026.08.17 08:00,39N050843706000U,000053300004078513,0.0000,0.0000,,,nem
2026.08.17 07:00,2026.08.17 08:00,39N050844930000K,000052600000914889,0.1000,0.0980,,,nem
2026.08.17 07:00,2026.08.17 08:00,39N050847541000D,K3SC09000000240,0.0000,0.0000,,,nem
2026.08.17 07:00,2026.08.17 08:00,39N050847787000J,000034800000031563,0.0000,0.0000,,,nem
2026.08.17 07:00,2026.08.17 08:00,39N0508480240000,000052700000909509,0.0000,0.0000,,,nem
2026.08.17 07:00,2026.08.17 08:00,39N050848355000U,000040300012215942,0.0000,0.0000,,,nem
2026.08.17 07:00,2026.08.17 08:00,39N0508490730004,000051303403563818,3.4000,3.3279,,,nem
2026.08.17 07:00,2026.08.17 08:00,39N050849323000D,K3SC04000000054,5.7000,22.3700,,,nem
2026.08.17 07:00,2026.08.17 08:00,39N050851794000U,K3SC07000006360,0.0000,0.0000,,,nem
2026.08.17 07:00,2026.08.17 08:00,39N050861247000Y,K3SC09000003821,2.5000,8.4800,,,nem
2026.08.17 07:00,2026.08.17 08:00,39N050866001000P,000000002246000036,0.0000,0.0000,,,nem
2026.08.17 07:00,2026.08.17 08:00,39N050875710000B,K3SC11000000578,0.0000,0.0000,,,nem
2026.08.17 07:00,2026.08.17 08:00,39N0508759240008,K3SC03401061101,0.0000,0.0000,,,nem
2026.08.17 07:00,2026.08.17 08:00,39N0508788210006,000053300004078461,0.0000,0.0000,,,nem
2026.08.17 07:00,2026.08.17 08:00,39N050879364000V,K02000016L28058,0.0000,0.0000,,,nem
2026.08.17 07:00,2026.08.17 08:00,39N0508813320003,000029900020519902,0.0000,0.0000,,,nem
2026.08.17 07:00,2026.08.17 08:00,39N050882973000Z,000040300009900172,0.0000,0.0000,,,nem
2026.08.17 07:00,2026.08.17 08:00,39N050890535000A,000000002146000441,0.0000,0.0000,,,nem
2026.08.17 07:00,2026.08.17 08:00,39N0508949570002,000027100005897971,0.0000,0.0000,,,nem
2026.08.17 07:00,2026.08.17 08:00,39N050896400000C,K3SC03400574253,0.0000,0.0000,,,nem
2026.08.17 07:00,2026.08.17 08:00,39N050896796000I,000027700001184418,0.0000,0.0000,,,nem
2026.08.17 07:00,2026.08.17 08:00,39N050898846000P,K3SC03400699737,0.0000,0.0000,,,nem
2026.08.17 07:00,2026.08.17 08:00,39N050913091000U,000027100005848490,0.0000,0.0000,,,nem
2026.08.17 07:00,2026.08.17 08:00,39N050915973000R,K3SC08000002025,0.0000,0.0000,,,nem
2026.08.17 07:00,2026.08.17 08:00,39N050916593000Z,K3SC03401169915,0.0000,0.0000,,,nem
2026.08.17 08:00,2026.08.17 09:00,39N0500091210005,000038200077158060,0.0000,0.0000,,,nem
2026.08.17 08:00,2026.08.17 09:00,39N050022609000H,000053300003307178,0.2000,0.2024,,,nem
2026.08.17 08:00,2026.08.17 09:00,39N050029731000D,000052600000914866,0.0000,0.0000,,,nem
2026.08.17 08:00,2026.08.17 09:00,39N050031988000Q,000052600000899454,0.0000,0.0000,,,nem
2026.08.17 08:00,2026.08.17 09:00,39N050032468000S,000052700000899362,0.0000,0.0000,,,nem
2026.08.17 08:00,2026.08.17 09:00,39N050033836000K,000027100005848245,0.0000,0.0000,,,nem
2026.08.17 08:00,2026.08.17 09:00,39N050034412000Z,000002600043780756,0.0000,0.0000,,,nem
2026.08.17 08:00,2026.08.17 09:00,39N050034412000Z,000052700000885403,4.7000,4.6004,,,nem
2026.08.17 08:00,2026.08.17 09:00,39N0500344350008,000046700000888615,0.0000,0.0000,,,nem
2026.08.17 08:00,2026.08.17 09:00,39N050034459000D,000040400014219775,0.0000,0.0000,,,nem
2026.08.17 08:00,2026.08.17 09:00,39N050042294000Z,000040400008209973,0.0000,0.0000,,,nem
2026.08.17 08:00,2026.08.17 09:00,39N050044030000F,000027000035197562,0.0000,0.0000,,,nem
2026.08.17 08:00,2026.08.17 09:00,39N050052498000T,SC05000004104,0.0000,0.0000,,,nem
2026.08.17 08:00,2026.08.17 09:00,39N050053842000G,K3SC03401169905,0.0000,0.0000,,,nem
2026.08.17 08:00,2026.08.17 09:00,39N0500617550009,000044500034101914,0.0000,0.0000,,,nem
2026.08.17 08:00,2026.08.17 09:00,39N0500617550009,K3SC03400699700,0.0000,0.0000,,,nem
2026.08.17 08:00,2026.08.17 09:00,39N050066949000F,000053400003290721,0.0000,0.0000,,,nem
2026.08.17 08:00,2026.08.17 09:00,39N050068660000G,000035500084243026,0.1000,0.1007,,,nem
2026.08.17 08:00,2026.08.17 09:00,39N050068660000G,000035500084243027,0.1000,0.1007,,,nem
2026.08.17 08:00,2026.08.17 09:00,39N050071512000G,000051303403398537,0.0000,0.0000,,,nem
2026.08.17 08:00,2026.08.17 09:00,39N050073737000N,000040400006201455,0.0000,0.0000,,,nem
2026.08.17 08:00,2026.08.17 09:00,39N050073762000U,000053400004078277,0.0000,0.0000,,,nem
2026.08.17 08:00,2026.08.17 09:00,39N050075194000S,000029200020524049,9.9000,10.0832,,,nem
2026.08.17 08:00,2026.08.17 09:00,39N0500755940000,000027000005950284,0.0000,0.0000,,,nem
2026.08.17 08:00,2026.08.17 09:00,39N0500755940000,000052600000886571,0.0000,0.0000,,,nem
2026.08.17 08:00,2026.08.17 09:00,39N050076850000F,000006201754704050,7.4000,7.2831,,,nem
2026.08.17 08:00,2026.08.17 09:00,39N050076850000F,000040300006201137,0.6000,0.5877,,,nem
2026.08.17 08:00,2026.08.17 09:00,39N050081322000F,000053400003290798,0.1000,0.1007,,,nem
2026.08.17 08:00,2026.08.17 09:00,39N050083908000D,000006202897801002,0.0000,0.0000,,,nem
2026.08.17 08:00,2026.08.17 09:00,39N050083908000D,000040300011213334,0.0000,0.0000,,,nem
2026.08.17 08:00,2026.08.17 09:00,39N050089206000O,000006203403563919,1.2000,1.2082,,,nem
2026.08.17 08:00,2026.08.17 09:00,39N050089206000O,000028700084091487,0.8000,0.7727,,,nem
2026.08.17 08:00,2026.08.17 09:00,39N050089342000D,000015608267713002,0.0000,0.0000,,,nem
2026.08.17 08:00,2026.08.17 09:00,39N050094459000X,000040400006201425,0.0000,0.0000,,,nem
2026.08.17 08:00,2026.08.17 09:00,39N050094490000H,000027100005894204,13.1000,12.6533,,,nem
2026.08.17 08:00,2026.08.17 09:00,39N050106941000P,000027100005848507,5.7000,5.5056,,,nem
2026.08.17 08:00,2026.08.17 09:00,39N0501191590002,000029200020517908,3.5000,3.4836,,,nem
2026.08.17 08:00,2026.08.17 09:00,39N050132558000H,000040400007204469,2.2000,2.1534,,,nem
2026.08.17 08:00,2026.08.17 09:00,39N050137387000F,000052600000900202,0.0000,0.0000,,,nem
2026.08.17 08:00,2026.08.17 09:00,39N050145410000I,000027100005848241,1.2000,1.1746,,,nem
2026.08.17 08:00,2026.08.17 09:00,39N050146207000W,000052700000899364,0.0000,0.0000,,,igen
2026.08.17 08:00,2026.08.17 09:00,39N050153206000F,K3SC06000007800,0.0000,0.0000,,,nem
2026.08.17 08:00,2026.08.17 09:00,39N0501601470008,000040300008206765,0.0000,0.0000,,,igen
2026.08.17 08:00,2026.08.17 09:00,39N0501601470008,000040300014219822,0.0000,0.0000,,,igen
2026.08.17 08:00,2026.08.17 09:00,39N050160341000O,000052700000899034,0.0000,0.0000,,,nem
2026.08.17 08:00,2026.08.17 09:00,39N0501618590009,000053400002726045,11.6000,11.3541,,,nem
2026.08.17 08:00,2026.08.17 09:00,39N050168020000Z,L01A625,6.0000,5.9754,,,nem
2026.08.17 08:00,2026.08.17 09:00,39N050176728000R,000040300012214339,0.0000,0.0000,,,nem
2026.08.17 08:00,2026.08.17 09:00,39N050176728000R,000053300003348438,0.0000,0.0000,,,nem
2026.08.17 08:00,2026.08.17 09:00,39N050177032000I,000053400003290719,0.0000,0.0000,,,nem
2026.08.17 08:00,2026.08.17 09:00,39N0501770340008,000053400002725990,0.1000,0.1008,,,nem
2026.08.17 08:00,2026.08.17 09:00,39N050180150000J,000000002246000217,0.7200,0.7100,,,nem
2026.08.17 08:00,2026.08.17 09:00,39N050197735000A,000053400003290744,0.0000,0.0000,,,nem
2026.08.17 08:00,2026.08.17 09:00,39N0502000520004,000029900020519904,22.0000,23.6610,,,nem
2026.08.17 08:00,2026.08.17 09:00,39N0502000520004,000053400003290731,0.1000,0.0957,,,nem
2026.08.17 08:00,2026.08.17 09:00,39N050207087000G,000033300005960021,2.6000,2.6179,,,nem
2026.08.17 08:00,2026.08.17 09:00,39N050207887000Y,000011100000109615,0.0000,0.0000,,,nem
2026.08.17 08:00,2026.08.17 09:00,39N050208125000A,000028700084091484,0.0000,0.0000,,,nem
2026.08.17 08:00,2026.08.17 09:00,39N050208128000W,000052600000896583,0.0000,0.0000,,,nem
2026.08.17 08:00,2026.08.17 09:00,39N050208164000S,000000002246000198,12.0000,12.5150,,,nem
2026.08.17 08:00,2026.08.17 09:00,39N050209187000U,000027000005926405,0.0000,0.0000,,,nem
2026.08.17 08:00,2026.08.17 09:00,39N0502109170005,000053400003708002,0.0000,0.0000,,,nem
2026.08.17 08:00,2026.08.17 09:00,39N0502109620000,000027100005894243,0.0000,0.0000,,,nem
2026.08.17 08:00,2026.08.17 09:00,39N050212788000U,000053600000897292,0.0000,0.0000,,,nem
2026.08.17 08:00,2026.08.17 09:00,39N050213910000G,000027100005898038,0.0000,0.0000,,,nem
2026.08.17 08:00,2026.08.17 09:00,39N050214190000G,K3SC03400699752,3.7500,12.7700,,,nem
2026.08.17 08:00,2026.08.17 09:00,39N050214638000E,K02000017L28861,0.0000,0.0000,,,nem
2026.08.17 08:00,2026.08.17 09:00,39N050214647000D,K3SC06000003455,0.0000,0.0000,,,nem
2026.08.17 08:00,2026.08.17 09:00,39N050214652000W,000008800043449669,1.4000,1.4098,,,nem
2026.08.17 08:00,2026.08.17 09:00,39N050214652000W,000027000005894200,0.0000,0.0000,,,nem
2026.08.17 08:00,2026.08.17 09:00,39N050214652000W,K3SC08000002012,0.0000,0.0000,,,nem
2026.08.17 08:00,2026.08.17 09:00,39N050214655000H,K3SC09000000230,0.0000,0.0000,,,nem
2026.08.17 08:00,2026.08.17 09:00,39N050214668000X,000000002246000235,0.0000,0.0000,,,nem
2026.08.17 08:00,2026.08.17 09:00,39N050214674000A,K3SC07000007598,0.0000,0.0000,,,nem
2026.08.17 08:00,2026.08.17 09:00,39N050214697000K,K3SC07000006334,0.0000,0.0000,,,nem
2026.08.17 08:00,2026.08.17 09:00,39N050214912000Z,K3SC07000001923,0.0000,0.0000,,,nem
2026.08.17 08:00,2026.08.17 09:00,39N050214941000M,EP07883,0.0000,0.0000,,,nem
2026.08.17 08:00,2026.08.17 09:00,39N050215930000P,K3SC06000002907,0.0000,0.0000,,,nem
2026.08.17 08:00,2026.08.17 09:00,39N050215938000M,K02000017L29066,0.0000,0.0000,,,nem
2026.08.17 08:00,2026.08.17 09:00,39N0502159430004,K3SC07000001954,0.0000,0.0000,,,nem
2026.08.17 08:00,2026.08.17 09:00,39N050215958000A,000000002246000117,0.0000,0.0000,,,nem
2026.08.17 08:00,2026.08.17 09:00,39N050215958000A,K02000017L29366,0.0000,0.0000,,,nem
2026.08.17 08:00,2026.08.17 09:00,39N050215987000Y,000040300012214341,0.0000,0.0000,,,nem
2026.08.17 08:00,2026.08.17 09:00,39N050215987000Y,K3SC04000000062,0.0000,0.0000,,,nem
2026.08.17 08:00,2026.08.17 09:00,39N050215987000Y,K3SC07000002663,0.0000,0.0000,,,nem
2026.08.17 08:00,2026.08.17 09:00,39N050215990000Q,000000002146000419,0.0000,0.0000,,,nem
2026.08.17 08:00,2026.08.17 09:00,39N050215990000Q,000000002246000261,0.0410,0.0400,,,nem
2026.08.17 08:00,2026.08.17 09:00,39N050215996000X,000000002246000205,0.0000,0.0000,,,nem
2026.08.17 08:00,2026.08.17 09:00,39N050215996000X,000044600000607648,0.0000,0.0000,,,nem
2026.08.17 08:00,2026.08.17 09:00,39N050215996000X,000044600000614795,0.0000,0.0000,,,nem
2026.08.17 08:00,2026.08.17 09:00,39N050216000000O,K3SC08000006643,0.0000,0.0000,,,nem
2026.08.17 08:00,2026.08.17 09:00,39N050216189000Z,K3SC09000000005,0.0000,0.0000,,,nem
2026.08.17 08:00,2026.08.17 09:00,39N050216319000Q,K3SC04000000788,0.0000,0.0000,,,nem
2026.08.17 08:00,2026.08.17 09:00,39N050217344000P,SC06000007846,85.0000,162.2300,,,nem
2026.08.17 08:00,2026.08.17 09:00,39N050217514000T,000000002246000191,14.8740,15.5450,,,nem
2026.08.17 08:00,2026.08.17 09:00,39N050217594000I,K02000017L28855,0.0000,0.0000,,,nem
2026.08.17 08:00,2026.08.17 09:00,39N0502177240009,000006209160519002,1.3000,1.3091,,,nem
2026.08.17 08:00,2026.08.17 09:00,39N0502177240009,000027700001201786,0.0000,0.0000,,,nem
2026.08.17 08:00,2026.08.17 09:00,39N0502177240009,K3SC08000001999,0.0000,0.0000,,,nem
2026.08.17 08:00,2026.08.17 09:00,39N0502177250004,000000002146000444,0.0000,0.0000,,,nem
2026.08.17 08:00,2026.08.17 09:00,39N0502177250004,000053200002511869,0.0000,0.0000,,,nem
2026.08.17 08:00,2026.08.17 09:00,39N050218554000Y,K02202146000431,0.0000,0.0000,,,nem
2026.08.17 08:00,2026.08.17 09:00,39N050218563000X,000000000001084616,0.0000,0.0000,,,nem
2026.08.17 08:00,2026.08.17 09:00,39N050218588000X,K3SC08000009353,0.7000,2.3700,,,nem
2026.08.17 08:00,2026.08.17 09:00,39N050218591000P,000008800043780320,0.0000,0.0000,,,nem
2026.08.17 08:00,2026.08.17 09:00,39N050218591000P,K02202146000387,0.0000,0.0000,,,nem
2026.08.17 08:00,2026.08.17 09:00,39N0502185960000,000045500001090171,0.0000,0.0000,,,nem
2026.08.17 08:00,2026.08.17 09:00,39N0502186000003,000000002246000034,0.0000,0.0000,,,nem
2026.08.17 08:00,2026.08.17 09:00,39N0502186000003,000044500026294967,0.0000,0.0000,,,nem
2026.08.17 08:00,2026.08.17 09:00,39N050218709000P,000000002146000433,0.0000,0.0000,,,nem
2026.08.17 08:00,2026.08.17 09:00,39N050218709000P,000027000005871862,0.0000,0.0000,,,nem
2026.08.17 08:00,2026.08.17 09:00,39N050219101000P,000053100006284304,0.0000,0.0000,,,nem
2026.08.17 08:00,2026.08.17 09:00,39N050219101000P,K11702446102256,0.0000,0.0000,,,nem
2026.08.17 08:00,2026.08.17 09:00,39N050219111000J,000053100006086023,0.0000,0.0000,,,nem
2026.08.17 08:00,2026.08.17 09:00,39N050219111000J,K3SC08000002002,0.0000,0.0000,,,nem
2026.08.17 08:00,2026.08.17 09:00,39N0502191220008,000000002146000405,0.0000,0.0000,,,nem
2026.08.17 08:00,2026.08.17 09:00,39N050219127000K,K02000018L30060,0.0000,0.0000,,,nem
2026.08.17 08:00,2026.08.17 09:00,39N050219144000N,K3SC07000001933,12.2000,11.9100,,,nem
2026.08.17 08:00,2026.08.17 09:00,39N050222615000B,K3SC08000002009,0.0000,0.0000,,,nem
2026.08.17 08:00,2026.08.17 09:00,39N050224132000X,000052600000885006,0.0000,0.0000,,,nem
2026.08.17 08:00,2026.08.17 09:00,39N050225228000V,000052600000887973,0.0000,0.0000,,,nem
2026.08.17 08:00,2026.08.17 09:00,39N050225361000Z,000028700084243212,0.0000,0.0000,,,nem
2026.08.17 08:00,2026.08.17 09:00,39N050225592000Z,K02000018L29674,4.0000,4.0000,,,nem
2026.08.17 08:00,2026.08.17 09:00,39N0502258590003,000053400004078297,0.0000,0.0000,,,nem
2026.08.17 08:00,2026.08.17 09:00,39N0502320940001,000053400002726024,5.8000,5.6736,,,nem
2026.08.17 08:00,2026.08.17 09:00,39N050233268000E,000040300013218204,0.0000,0.0000,,,nem
2026.08.17 08:00,2026.08.17 09:00,39N050233872000X,K3SC09000003822,0.0000,0.0000,,,nem
2026.08.17 08:00,2026.08.17 09:00,39N050235722000H,000000002246000065,0.9840,3.7950,,,nem
2026.08.17 08:00,2026.08.17 09:00,39N050235781000N,000000000000071480,0.0000,0.0000,,,nem
2026.08.17 08:00,2026.08.17 09:00,39N050236245000H,000006209160513005,0.0000,0.0000,,,nem
2026.08.17 08:00,2026.08.17 09:00,39N0502362660000,000027900020508134,1.0000,1.0099,,,nem
2026.08.17 08:00,2026.08.17 09:00,39N0502362660000,000040300011213597,0.0000,0.0000,,,nem
2026.08.17 08:00,2026.08.17 09:00,39N0502477110003,000052700000884957,0.0000,0.0000,,,nem
2026.08.17 08:00,2026.08.17 09:00,39N0502510990003,000019900016977384,6.9000,6.9545,,,nem
2026.08.17 08:00,2026.08.17 09:00,39N050251837000U,000040300007204770,0.0000,0.0000,,,nem
2026.08.17 08:00,2026.08.17 09:00,39N050252043000I,000027100005898029,0.0000,0.0000,,,nem
2026.08.17 08:00,2026.08.17 09:00,39N050252204000N,000006203229509031,0.0000,0.0000,,,nem
2026.08.17 08:00,2026.08.17 09:00,39N050253671000Y,000053400003708027,2.1000,2.1477,,,nem
2026.08.17 08:00,2026.08.17 09:00,39N050254055000N,000028700084243189,1.2000,1.1754,,,nem
2026.08.17 08:00,2026.08.17 09:00,39N0502542550009,000006203403563870,1.2000,1.1754,,,nem
2026.08.17 08:00,2026.08.17 09:00,39N050258835000L,000019900017022057,7.3000,7.4920,,,nem
2026.08.17 08:00,2026.08.17 09:00,39N050261616000F,000027100005848476,0.0000,0.0000,,,nem
2026.08.17 08:00,2026.08.17 09:00,39N050269363000V,000052700000884401,0.0000,0.0000,,,nem
2026.08.17 08:00,2026.08.17 09:00,39N050316475000U,000003300035201642,0.4000,0.4063,,,nem
2026.08.17 08:00,2026.08.17 09:00,39N050316475000U,000027000005848437,1.5000,1.5237,,,nem
2026.08.17 08:00,2026.08.17 09:00,39N0503424040008,000027100005870727,0.3000,0.2935,,,nem
2026.08.17 08:00,2026.08.17 09:00,39N0503439790009,000029200020502760,0.0000,0.0000,,,nem
2026.08.17 08:00,2026.08.17 09:00,39N050369436000H,000052700000889661,1.1000,1.0767,,,nem
2026.08.17 08:00,2026.08.17 09:00,39N050373639000R,000040300006202862,0.0000,0.0000,,,igen
2026.08.17 08:00,2026.08.17 09:00,39N050373666000O,000052700000887369,0.0000,0.0000,,,nem
2026.08.17 08:00,2026.08.17 09:00,39N050377940000D,000053400002719761,0.1000,0.0979,,,nem
2026.08.17 08:00,2026.08.17 09:00,39N050381165000Y,000000002246000284,7.0000,6.9210,,,nem
2026.08.17 08:00,2026.08.17 09:00,39N050385675000Z,000040400009210687,0.0000,0.0000,,,nem
2026.08.17 08:00,2026.08.17 09:00,39N050405255000Q,000029200020519053,0.0000,0.0000,,,nem
2026.08.17 08:00,2026.08.17 09:00,39N050414007000M,000029900020520529,1.9000,1.8597,,,nem
2026.08.17 08:00,2026.08.17 09:00,39N050414007000M,000040300011213341,0.0000,0.0000,,,nem
2026.08.17 08:00,2026.08.17 09:00,39N050415384000Y,000000002146000548,0.0000,0.0000,,,nem
2026.08.17 08:00,2026.08.17 09:00,39N050415384000Y,000053100004423834,0.0000,0.0000,,,nem
2026.08.17 08:00,2026.08.17 09:00,39N0504237770004,000028400084243416,0.0000,0.0000,,,nem
2026.08.17 08:00,2026.08.17 09:00,39N050433181000O,000000002246000180,0.0000,0.0000,,,nem
2026.08.17 08:00,2026.08.17 09:00,39N050445873000K,000053400002725979,0.0000,0.0000,,,nem
2026.08.17 08:00,2026.08.17 09:00,39N050450493000U,K3SCC0400000594,0.0000,0.0000,,,nem
2026.08.17 08:00,2026.08.17 09:00,39N0504550620004,000052600000887704,1.4000,1.3707,,,nem
2026.08.17 08:00,2026.08.17 09:00,39N050458746000Y,000027100005870754,0.0000,0.0000,,,nem
2026.08.17 08:00,2026.08.17 09:00,39N050458746000Y,000053300004228243,0.0000,0.0000,,,nem
2026.08.17 08:00,2026.08.17 09:00,39N050458746000Y,000053300006548960,0.0000,0.0000,,,nem
2026.08.17 08:00,2026.08.17 09:00,39N0504648650006,000052600000887402,0.0000,0.0000,,,nem
2026.08.17 08:00,2026.08.17 09:00,39N050471715000L,000029200020517911,0.0000,0.0000,,,nem
2026.08.17 08:00,2026.08.17 09:00,39N050483780000G,000027100005870759,0.2000,0.2073,,,nem
2026.08.17 08:00,2026.08.17 09:00,39N050484438000J,000052600000889209,0.5000,0.4891,,,nem
2026.08.17 08:00,2026.08.17 09:00,39N050485100000G,000040400014219743,2.0000,1.9590,,,nem
2026.08.17 08:00,2026.08.17 09:00,39N0504864890005,000053400003287118,0.0000,0.0000,,,nem
2026.08.17 08:00,2026.08.17 09:00,39N050510259000R,000027100005848322,0.0000,0.0000,,,nem
2026.08.17 08:00,2026.08.17 09:00,39N050515515000A,000052700000885935,0.0000,0.0000,,,nem
2026.08.17 08:00,2026.08.17 09:00,39N0505226180003,000011100000109610,3.9000,3.8201,,,nem
2026.08.17 08:00,2026.08.17 09:00,39N0505384670009,000027100005848294,0.0000,0.0000,,,nem
2026.08.17 08:00,2026.08.17 09:00,39N0505387730002,000052600000900177,2.0000,1.9590,,,nem
2026.08.17 08:00,2026.08.17 09:00,39N050548215000H,000053400002719801,1.7000,1.6652,,,nem
2026.08.17 08:00,2026.08.17 09:00,39N050548840000J,K3SC09000000010,1.4000,5.2300,,,nem
2026.08.17 08:00,2026.08.17 09:00,39N050552094000R,000029900020521702,0.1000,0.1012,,,nem
2026.08.17 08:00,2026.08.17 09:00,39N050553222000K,K3SC08000003475,0.9000,3.4700,,,nem
2026.08.17 08:00,2026.08.17 09:00,39N050553661000A,000034800000061526,0.0000,0.0000,,,nem
2026.08.17 08:00,2026.08.17 09:00,39N0505752100002,000052600000887553,0.0000,0.0000,,,nem
2026.08.17 08:00,2026.08.17 09:00,39N050576124000C,000034800000546505,12.1000,12.2863,,,nem
2026.08.17 08:00,2026.08.17 09:00,39N0505779810001,000006202897801013,0.3000,0.2935,,,nem
2026.08.17 08:00,2026.08.17 09:00,39N050583139000X,000053300004078348,0.0000,0.0000,,,nem
2026.08.17 08:00,2026.08.17 09:00,39N0505847100003,000053400002726046,0.0000,0.0000,,,nem
2026.08.17 08:00,2026.08.17 09:00,39N0505992060002,000053400003708023,13.2000,12.9122,,,nem
2026.08.17 08:00,2026.08.17 09:00,39N050603076000J,000051303403563786,1.7000,1.6629,,,nem
2026.08.17 08:00,2026.08.17 09:00,39N050607494000V,000038200077141480,0.0000,0.0000,,,nem
2026.08.17 08:00,2026.08.17 09:00,39N0506230230009,000053400003707928,0.2000,0.1956,,,nem
2026.08.17 08:00,2026.08.17 09:00,39N050626352000P,000034800000072507,6.7000,6.5539,,,nem
2026.08.17 08:00,2026.08.17 09:00,39N050626352000P,000053300002318656,1.4000,1.3695,,,nem
2026.08.17 08:00,2026.08.17 09:00,39N050627784000Z,000001300013013134,0.0000,0.0000,,,nem
2026.08.17 08:00,2026.08.17 09:00,39N050627784000Z,K3SC03402019428,0.0000,0.0000,,,nem
2026.08.17 08:00,2026.08.17 09:00,39N050635744000T,000051303403398549,0.8800,0.8936,,,nem
2026.08.17 08:00,2026.08.17 09:00,39N050636182000C,000040300014219987,0.0000,0.0000,,,nem
2026.08.17 08:00,2026.08.17 09:00,39N050636182000C,000053200006188793,0.0000,0.0000,,,nem
2026.08.17 08:00,2026.08.17 09:00,39N050636182000C,000053300004228213,0.0000,0.0000,,,nem
2026.08.17 08:00,2026.08.17 09:00,39N050642904000H,000053400002719822,6.9000,6.9814,,,nem
2026.08.17 08:00,2026.08.17 09:00,39N0506488920006,000038200077159774,10.1000,10.2192,,,igen
2026.08.17 08:00,2026.08.17 09:00,39N050655561000S,000027000005848448,0.0000,0.0000,,,nem
2026.08.17 08:00,2026.08.17 09:00,39N050655561000S,000027000005950344,0.0000,0.0000,,,nem
2026.08.17 08:00,2026.08.17 09:00,39N050655561000S,000040200008208469,0.0000,0.0000,,,nem
2026.08.17 08:00,2026.08.17 09:00,39N050673657000W,000029900020524037,4.7000,4.5975,,,igen
2026.08.17 08:00,2026.08.17 09:00,39N050690260000L,000051303403663324,4.7000,4.6037,,,nem
2026.08.17 08:00,2026.08.17 09:00,39N050708788000F,000027000005921259,9.9000,9.6089,,,nem
2026.08.17 08:00,2026.08.17 09:00,39N050720770000X,000040400012214791,0.0000,0.0000,,,nem
2026.08.17 08:00,2026.08.17 09:00,39N050740233000M,000052700000900251,0.0000,0.0000,,,nem
2026.08.17 08:00,2026.08.17 09:00,39N050744134000T,000052600000888120,3.7000,3.6193,,,nem
2026.08.17 08:00,2026.08.17 09:00,39N0507451030007,000000002246000087,1.0320,1.0180,,,nem
2026.08.17 08:00,2026.08.17 09:00,39N0507495580003,000000002246000226,0.0000,0.0000,,,nem
2026.08.17 08:00,2026.08.17 09:00,39N050750365000F,000044500028323170,0.0100,0.0102,,,nem
2026.08.17 08:00,2026.08.17 09:00,39N050750365000F,K3SC08000011520,0.0000,0.0000,,,nem
2026.08.17 08:00,2026.08.17 09:00,39N050750873000L,K02000018L29990,0.0000,0.0000,,,nem
2026.08.17 08:00,2026.08.17 09:00,39N050753398000W,000008800043780262,0.2200,0.2235,,,nem
2026.08.17 08:00,2026.08.17 09:00,39N050753398000W,000027000005848440,0.1000,0.0980,,,nem
2026.08.17 08:00,2026.08.17 09:00,39N050753398000W,000027000005950363,0.0000,0.0000,,,nem
2026.08.17 08:00,2026.08.17 09:00,39N050753398000W,000028700084243194,0.7000,0.6857,,,nem
2026.08.17 08:00,2026.08.17 09:00,39N050753839000S,000040300014219478,0.0000,0.0000,,,nem
2026.08.17 08:00,2026.08.17 09:00,39N050753876000J,000027000005848396,0.0000,0.0000,,,nem
2026.08.17 08:00,2026.08.17 09:00,39N050753876000J,000051303403563777,0.0000,0.0000,,,nem
2026.08.17 08:00,2026.08.17 09:00,39N050753876000J,000053300002728766,0.0000,0.0000,,,nem
2026.08.17 08:00,2026.08.17 09:00,39N050754012000C,K3SC03402019415,0.0000,0.0000,,,nem
2026.08.17 08:00,2026.08.17 09:00,39N050754015000Y,000027100005870748,0.0000,0.0000,,,nem
2026.08.17 08:00,2026.08.17 09:00,39N050754015000Y,K3SC03400984912,0.0000,0.0000,,,nem
2026.08.17 08:00,2026.08.17 09:00,39N050754578000M,000027100005848567,8.4000,8.5327,,,nem
2026.08.17 08:00,2026.08.17 09:00,39N050754578000M,000053300004228283,0.0000,0.0000,,,nem
2026.08.17 08:00,2026.08.17 09:00,39N050754578000M,000053400003290776,0.0000,0.0000,,,nem
2026.08.17 08:00,2026.08.17 09:00,39N050754716000H,000040300006200780,0.0000,0.0000,,,nem
2026.08.17 08:00,2026.08.17 09:00,39N050754716000H,K3SC04000000943,0.0000,0.0000,,,nem
2026.08.17 08:00,2026.08.17 09:00,39N050755929000B,SC07000007591,0.0000,0.0000,,,nem
2026.08.17 08:00,2026.08.17 09:00,39N050755997000G,000000002246000049,0.0000,0.0000,,,nem
2026.08.17 08:00,2026.08.17 09:00,39N050755997000G,000003500035198891,0.0000,0.0000,,,nem
2026.08.17 08:00,2026.08.17 09:00,39N0507569640004,000029200020511689,0.0000,0.0000,,,nem
2026.08.17 08:00,2026.08.17 09:00,39N050756996000D,K3SC08000006659,0.0000,0.0000,,,nem
2026.08.17 08:00,2026.08.17 09:00,39N050757163000K,K3SC08000005254,0.0000,0.0000,,,nem
2026.08.17 08:00,2026.08.17 09:00,39N050757415000J,000053400003290785,0.0000,0.0000,,,nem
2026.08.17 08:00,2026.08.17 09:00,39N050757415000J,K3SC09000000237,0.0000,0.0000,,,nem
2026.08.17 08:00,2026.08.17 09:00,39N050757439000O,000001300013505669,0.0000,0.0000,,,nem
2026.08.17 08:00,2026.08.17 09:00,39N050757439000O,000040300012216291,0.0000,0.0000,,,nem
2026.08.17 08:00,2026.08.17 09:00,39N050757439000O,000044500037979231,0.0000,0.0000,,,nem
2026.08.17 08:00,2026.08.17 09:00,39N050757439000O,K3SC08000002229,0.0000,0.0000,,,nem
2026.08.17 08:00,2026.08.17 09:00,39N050757450000K,000053400002719733,6.6000,7.8778,,,nem
2026.08.17 08:00,2026.08.17 09:00,39N050757450000K,K3SC03401169913,0.0000,0.0000,,,nem
2026.08.17 08:00,2026.08.17 09:00,39N050757472000Z,000000002246000059,0.0000,0.0000,,,nem
2026.08.17 08:00,2026.08.17 09:00,39N050757472000Z,000053400002719783,0.0000,0.0000,,,nem
2026.08.17 08:00,2026.08.17 09:00,39N050758923000H,000027900020522241,0.0000,0.0000,,,nem
2026.08.17 08:00,2026.08.17 09:00,39N050759606000R,K02202146000564,0.0000,0.0000,,,nem
2026.08.17 08:00,2026.08.17 09:00,39N0507599930004,000002800024149874,0.0000,0.0000,,,nem
2026.08.17 08:00,2026.08.17 09:00,39N0507599930004,SC07000001919,0.0000,0.0000,,,nem
2026.08.17 08:00,2026.08.17 09:00,39N050760458000R,000000002246000162,0.0000,0.0000,,,nem
2026.08.17 08:00,2026.08.17 09:00,39N050760458000R,000001300016230255,0.0100,0.0102,,,nem
2026.08.17 08:00,2026.08.17 09:00,39N050760709000V,K3SC03401061094,18.6000,123.9700,,,nem
2026.08.17 08:00,2026.08.17 09:00,39N050762038000E,K02202246000183,0.0000,0.0000,,,nem
2026.08.17 08:00,2026.08.17 09:00,39N050762094000Z,000033300005960005,0.0000,0.0000,,,nem
2026.08.17 08:00,2026.08.17 09:00,39N050762094000Z,K3SC03400723975,0.0000,0.0000,,,nem
2026.08.17 08:00,2026.08.17 09:00,39N050764763000U,000012000075117793,0.0000,0.0000,,,nem
2026.08.17 08:00,2026.08.17 09:00,39N050764763000U,000053100006730746,0.0000,0.0000,,,nem
2026.08.17 08:00,2026.08.17 09:00,39N050764763000U,K3SC09000000002,0.0000,0.0000,,,nem
2026.08.17 08:00,2026.08.17 09:00,39N050764779000V,000052100004064528,0.0000,0.0000,,,nem
2026.08.17 08:00,2026.08.17 09:00,39N050764779000V,K3SC03402019421,0.0000,0.0000,,,nem
2026.08.17 08:00,2026.08.17 09:00,39N050765037000W,K02000017L29370,0.0000,0.0000,,,nem
2026.08.17 08:00,2026.08.17 09:00,39N0507679070008,000000002146000466,0.0000,0.0000,,,nem
2026.08.17 08:00,2026.08.17 09:00,39N0507679070008,000040300007204577,0.0000,0.0000,,,nem
2026.08.17 08:00,2026.08.17 09:00,39N0507679070008,000040300014219638,0.0000,0.0000,,,nem
2026.08.17 08:00,2026.08.17 09:00,39N0507679070008,000053100004211708,0.0000,0.0000,,,nem
2026.08.17 08:00,2026.08.17 09:00,39N0507679070008,000053300004078695,0.0000,0.0000,,,nem
2026.08.17 08:00,2026.08.17 09:00,39N0507679070008,SC07000001932,0.0000,0.0000,,,nem
2026.08.17 08:00,2026.08.17 09:00,39N0507693140006,000000002246000115,0.0000,0.0000,,,nem
2026.08.17 08:00,2026.08.17 09:00,39N0507705100001,000029900020514285,0.0000,0.0000,,,nem
2026.08.17 08:00,2026.08.17 09:00,39N0507705100001,000051303403563760,0.0000,0.0000,,,nem
2026.08.17 08:00,2026.08.17 09:00,39N0507705100001,000052700000899611,0.0000,0.0000,,,nem
2026.08.17 08:00,2026.08.17 09:00,39N0507705100001,K3SC07000001924,0.0000,0.0000,,,nem
2026.08.17 08:00,2026.08.17 09:00,39N050771852000C,K3SC07000001832,0.0000,0.0000,,,nem
2026.08.17 08:00,2026.08.17 09:00,39N0507730720003,000053300004228387,0.0000,0.0000,,,nem
2026.08.17 08:00,2026.08.17 09:00,39N050773615000J,K3SC34000505359,0.0000,0.0000,,,nem
2026.08.17 08:00,2026.08.17 09:00,39N050773622000S,000053300004228493,0.0000,0.0000,,,nem
2026.08.17 08:00,2026.08.17 09:00,39N050773622000S,K3SC09000000250,0.0000,0.0000,,,nem
2026.08.17 08:00,2026.08.17 09:00,39N050773882000F,K3SC03402019413,0.0000,0.0000,,,nem
2026.08.17 08:00,2026.08.17 09:00,39N0507741940003,K02000018L29724,0.0000,0.0000,,,nem
2026.08.17 08:00,2026.08.17 09:00,39N050774244000Q,000044700031395811,0.8100,0.8225,,,nem
2026.08.17 08:00,2026.08.17 09:00,39N050774244000Q,K3SC03400699635,10.3000,39.1700,,,nem
2026.08.17 08:00,2026.08.17 09:00,39N0507742750003,000027900020519928,0.0000,0.0000,,,nem
2026.08.17 08:00,2026.08.17 09:00,39N050775645000M,000008800045007665,0.0000,0.0000,,,nem
2026.08.17 08:00,2026.08.17 09:00,39N050775645000M,000027900020502769,0.0000,0.0000,,,nem
2026.08.17 08:00,2026.08.17 09:00,39N050776264000Z,000027100005870779,3.3000,3.2281,,,nem
2026.08.17 08:00,2026.08.17 09:00,39N050776439000E,000001300023106173,0.0000,0.0000,,,nem
2026.08.17 08:00,2026.08.17 09:00,39N050776439000E,SC07000006370,0.0000,0.0000,,,nem
2026.08.17 08:00,2026.08.17 09:00,39N050776462000V,K02000017L29063,0.0000,0.0000,,,nem
2026.08.17 08:00,2026.08.17 09:00,39N0507772080006,000000002246000073,0.0000,0.0000,,,nem
2026.08.17 08:00,2026.08.17 09:00,39N050777442000Z,000002600043780817,0.0000,0.0000,,,nem
2026.08.17 08:00,2026.08.17 09:00,39N050777442000Z,K02000017L29055,1.0000,2.0000,,,nem
2026.08.17 08:00,2026.08.17 09:00,39N050777442000Z,K02202146000484,0.0000,0.0000,,,nem
2026.08.17 08:00,2026.08.17 09:00,39N050777482000B,000000002246000043,0.0000,0.0000,,,nem
2026.08.17 08:00,2026.08.17 09:00,39N050792697000P,000027000005848410,0.0000,0.0000,,,nem
2026.08.17 08:00,2026.08.17 09:00,39N050793035000V,000035500084243061,0.0000,0.0000,,,nem
2026.08.17 08:00,2026.08.17 09:00,39N050793035000V,000035500084243063,0.0000,0.0000,,,nem
2026.08.17 08:00,2026.08.17 09:00,39N0507981050002,000029200020524061,0.0000,0.0000,,,nem
2026.08.17 08:00,2026.08.17 09:00,39N050813036000E,000027100005897973,0.0000,0.0000,,,nem
2026.08.17 08:00,2026.08.17 09:00,39N050814444000J,000053300003306760,0.0000,0.0000,,,nem
2026.08.17 08:00,2026.08.17 09:00,39N050816644000Q,000052600000899462,1.1000,1.0760,,,nem
2026.08.17 08:00,2026.08.17 09:00,39N0508179760006,SC10000001096,1.1300,3.8500,,,nem
2026.08.17 08:00,2026.08.17 09:00,39N050818676000J,000040400014219207,0.0000,0.0000,,,nem
2026.08.17 08:00,2026.08.17 09:00,39N050820134000W,000053100004211197,0.0100,0.0102,,,nem
2026.08.17 08:00,2026.08.17 09:00,39N050820134000W,K3SC03402019414,0.0000,0.0000,,,nem
2026.08.17 08:00,2026.08.17 09:00,39N050820458000G,000052700000885406,21.5000,22.2697,,,nem
2026.08.17 08:00,2026.08.17 09:00,39N050822345000S,000052600000884385,0.3000,0.2886,,,nem
2026.08.17 08:00,2026.08.17 09:00,39N0508227020002,K3SC03401147239,0.0000,0.0000,,,nem
2026.08.17 08:00,2026.08.17 09:00,39N050831052000K,K3SC03401169907,0.0000,0.0000,,,nem
2026.08.17 08:00,2026.08.17 09:00,39N050831052000K,K3SC07000006344,0.0000,0.0000,,,nem
2026.08.17 08:00,2026.08.17 09:00,39N050831214000K,K3SC08000001061,0.0000,0.0000,,,nem
2026.08.17 08:00,2026.08.17 09:00,39N050831732000K,000000002246000171,0.0000,0.0000,,,nem
2026.08.17 08:00,2026.08.17 09:00,39N050831732000K,000000002246000297,0.0000,0.0000,,,nem
2026.08.17 08:00,2026.08.17 09:00,39N050832564000Z,K3SC08000002241,0.0000,0.0000,,,nem
2026.08.17 08:00,2026.08.17 09:00,39N050833827000F,K3SC03400699729,0.0000,0.0000,,,nem
2026.08.17 08:00,2026.08.17 09:00,39N050836149000I,K3SC03401414828,0.0000,0.0000,,,nem
2026.08.17 08:00,2026.08.17 09:00,39N050836830000K,000000003403233014,0.0000,0.0000,,,nem
2026.08.17 08:00,2026.08.17 09:00,39N050836979000I,000053400003290796,0.0000,0.0000,,,nem
2026.08.17 08:00,2026.08.17 09:00,39N0508398450002,K3SC08000002237,0.0000,0.0000,,,nem
2026.08.17 08:00,2026.08.17 09:00,39N050841968000N,SC11000000589,0.0000,0.0000,,,nem
2026.08.17 08:00,2026.08.17 09:00,39N050843706000U,000053300004078513,0.0000,0.0000,,,nem
2026.08.17 08:00,2026.08.17 09:00,39N050844930000K,000052600000914889,0.2000,0.1959,,,nem
2026.08.17 08:00,2026.08.17 09:00,39N050847541000D,K3SC09000000240,0.0000,0.0000,,,nem
2026.08.17 08:00,2026.08.17 09:00,39N050847787000J,000034800000031563,0.0000,0.0000,,,nem
2026.08.17 08:00,2026.08.17 09:00,39N0508480240000,000052700000909509,0.0000,0.0000,,,nem
2026.08.17 08:00,2026.08.17 09:00,39N050848355000U,000040300012215942,0.0000,0.0000,,,nem
2026.08.17 08:00,2026.08.17 09:00,39N0508490730004,000051303403563818,17.5000,17.1290,,,nem
2026.08.17 08:00,2026.08.17 09:00,39N050849323000D,K3SC04000000054,3.6000,13.9600,,,nem
2026.08.17 08:00,2026.08.17 09:00,39N050851794000U,K3SC07000006360,0.0000,0.0000,,,nem
2026.08.17 08:00,2026.08.17 09:00,39N050861247000Y,K3SC09000003821,0.4000,1.3500,,,nem
2026.08.17 08:00,2026.08.17 09:00,39N050866001000P,000000002246000036,0.0000,0.0000,,,nem
2026.08.17 08:00,2026.08.17 09:00,39N050875710000B,K3SC11000000578,0.0000,0.0000,,,nem
2026.08.17 08:00,2026.08.17 09:00,39N0508759240008,K3SC03401061101,0.0000,0.0000,,,nem
2026.08.17 08:00,2026.08.17 09:00,39N0508788210006,000053300004078461,0.0000,0.0000,,,nem
2026.08.17 08:00,2026.08.17 09:00,39N050879364000V,K02000016L28058,0.0000,0.0000,,,nem
2026.08.17 08:00,2026.08.17 09:00,39N0508813320003,000029900020519902,0.0000,0.0000,,,nem
2026.08.17 08:00,2026.08.17 09:00,39N050882973000Z,000040300009900172,0.0000,0.0000,,,nem
2026.08.17 08:00,2026.08.17 09:00,39N050890535000A,000000002146000441,0.0000,0.0000,,,nem
2026.08.17 08:00,2026.08.17 09:00,39N0508949570002,000027100005897971,0.0000,0.0000,,,nem
2026.08.17 08:00,2026.08.17 09:00,39N050896400000C,K3SC03400574253,0.0000,0.0000,,,nem
2026.08.17 08:00,2026.08.17 09:00,39N050896796000I,000027700001184418,0.0000,0.0000,,,nem
2026.08.17 08:00,2026.08.17 09:00,39N050898846000P,K3SC03400699737,0.0000,0.0000,,,nem
2026.08.17 08:00,2026.08.17 09:00,39N050913091000U,000027100005848490,0.6000,0.6058,,,nem
2026.08.17 08:00,2026.08.17 09:00,39N050915973000R,K3SC08000002025,0.0000,0.0000,,,nem
2026.08.17 08:00,2026.08.17 09:00,39N050916593000Z,K3SC03401169915,0.0000,0.0000,,,nem
2026.08.17 09:00,2026.08.17 10:00,39N0500091210005,000038200077158060,0.0000,0.0000,,,nem
2026.08.17 09:00,2026.08.17 10:00,39N050022609000H,000053300003307178,0.1000,0.1012,,,nem
2026.08.17 09:00,2026.08.17 10:00,39N050029731000D,000052600000914866,0.0000,0.0000,,,nem
2026.08.17 09:00,2026.08.17 10:00,39N050031988000Q,000052600000899454,0.0000,0.0000,,,nem
2026.08.17 09:00,2026.08.17 10:00,39N050032468000S,000052700000899362,0.0000,0.0000,,,nem
2026.08.17 09:00,2026.08.17 10:00,39N050033836000K,000027100005848245,0.1000,0.1015,,,nem
2026.08.17 09:00,2026.08.17 10:00,39N050034412000Z,000002600043780756,0.0000,0.0000,,,nem
2026.08.17 09:00,2026.08.17 10:00,39N050034412000Z,000052700000885403,3.0000,2.9364,,,nem
2026.08.17 09:00,2026.08.17 10:00,39N0500344350008,000046700000888615,0.0000,0.0000,,,nem
2026.08.17 09:00,2026.08.17 10:00,39N050034459000D,000040400014219775,0.0000,0.0000,,,nem
2026.08.17 09:00,2026.08.17 10:00,39N050042294000Z,000040400008209973,0.0000,0.0000,,,nem
2026.08.17 09:00,2026.08.17 10:00,39N050044030000F,000027000035197562,0.0000,0.0000,,,nem
2026.08.17 09:00,2026.08.17 10:00,39N050052498000T,SC05000004104,0.0000,0.0000,,,nem
2026.08.17 09:00,2026.08.17 10:00,39N050053842000G,K3SC03401169905,0.0000,0.0000,,,nem
2026.08.17 09:00,2026.08.17 10:00,39N0500617550009,000044500034101914,0.0000,0.0000,,,nem
2026.08.17 09:00,2026.08.17 10:00,39N0500617550009,K3SC03400699700,0.0000,0.0000,,,nem
2026.08.17 09:00,2026.08.17 10:00,39N050066949000F,000053400003290721,0.0000,0.0000,,,nem
2026.08.17 09:00,2026.08.17 10:00,39N050068660000G,000035500084243026,0.1000,0.1007,,,nem
2026.08.17 09:00,2026.08.17 10:00,39N050068660000G,000035500084243027,0.2000,0.2014,,,nem
2026.08.17 09:00,2026.08.17 10:00,39N050071512000G,000051303403398537,0.0000,0.0000,,,nem
2026.08.17 09:00,2026.08.17 10:00,39N050073737000N,000040400006201455,0.0000,0.0000,,,nem
2026.08.17 09:00,2026.08.17 10:00,39N050073762000U,000053400004078277,0.0000,0.0000,,,nem
2026.08.17 09:00,2026.08.17 10:00,39N050075194000S,000029200020524049,7.6000,7.7406,,,nem
2026.08.17 09:00,2026.08.17 10:00,39N0500755940000,000027000005950284,0.0000,0.0000,,,nem
2026.08.17 09:00,2026.08.17 10:00,39N0500755940000,000052600000886571,0.0000,0.0000,,,nem
2026.08.17 09:00,2026.08.17 10:00,39N050076850000F,000006201754704050,7.0000,6.8894,,,nem
2026.08.17 09:00,2026.08.17 10:00,39N050076850000F,000040300006201137,0.1000,0.0980,,,nem
2026.08.17 09:00,2026.08.17 10:00,39N050081322000F,000053400003290798,0.0000,0.0000,,,nem
2026.08.17 09:00,2026.08.17 10:00,39N050083908000D,000006202897801002,0.0000,0.0000,,,nem
2026.08.17 09:00,2026.08.17 10:00,39N050083908000D,000040300011213334,0.0000,0.0000,,,nem
2026.08.17 09:00,2026.08.17 10:00,39N050089206000O,000006203403563919,2.7000,2.7184,,,nem
2026.08.17 09:00,2026.08.17 10:00,39N050089206000O,000028700084091487,1.7000,1.6420,,,nem
2026.08.17 09:00,2026.08.17 10:00,39N050089342000D,000015608267713002,0.0000,0.0000,,,nem
2026.08.17 09:00,2026.08.17 10:00,39N050094459000X,000040400006201425,0.0000,0.0000,,,nem
2026.08.17 09:00,2026.08.17 10:00,39N050094490000H,000027100005894204,9.5000,9.1761,,,nem
2026.08.17 09:00,2026.08.17 10:00,39N050106941000P,000027100005848507,1.1000,1.0625,,,nem
2026.08.17 09:00,2026.08.17 10:00,39N0501191590002,000029200020517908,1.4000,1.3934,,,nem
2026.08.17 09:00,2026.08.17 10:00,39N050132558000H,000040400007204469,1.5000,1.4682,,,nem
2026.08.17 09:00,2026.08.17 10:00,39N050137387000F,000052600000900202,0.0000,0.0000,,,nem
2026.08.17 09:00,2026.08.17 10:00,39N050145410000I,000027100005848241,1.1000,1.0767,,,nem
2026.08.17 09:00,2026.08.17 10:00,39N050146207000W,000052700000899364,0.0000,0.0000,,,igen
2026.08.17 09:00,2026.08.17 10:00,39N050153206000F,K3SC06000007800,0.0000,0.0000,,,nem
2026.08.17 09:00,2026.08.17 10:00,39N0501601470008,000040300008206765,0.0000,0.0000,,,igen
2026.08.17 09:00,2026.08.17 10:00,39N0501601470008,000040300014219822,0.0000,0.0000,,,igen
2026.08.17 09:00,2026.08.17 10:00,39N050160341000O,000052700000899034,0.0000,0.0000,,,nem
2026.08.17 09:00,2026.08.17 10:00,39N0501618590009,000053400002726045,4.1000,4.0131,,,nem
2026.08.17 09:00,2026.08.17 10:00,39N050168020000Z,L01A625,7.0000,6.9713,,,nem
2026.08.17 09:00,2026.08.17 10:00,39N050176728000R,000040300012214339,0.0000,0.0000,,,nem
2026.08.17 09:00,2026.08.17 10:00,39N050176728000R,000053300003348438,0.0000,0.0000,,,nem
2026.08.17 09:00,2026.08.17 10:00,39N050177032000I,000053400003290719,0.0000,0.0000,,,nem
2026.08.17 09:00,2026.08.17 10:00,39N0501770340008,000053400002725990,2.1000,2.1170,,,nem
2026.08.17 09:00,2026.08.17 10:00,39N050180150000J,000000002246000217,0.8290,0.8170,,,nem
2026.08.17 09:00,2026.08.17 10:00,39N050197735000A,000053400003290744,0.0000,0.0000,,,nem
2026.08.17 09:00,2026.08.17 10:00,39N0502000520004,000029900020519904,22.8000,24.5214,,,nem
2026.08.17 09:00,2026.08.17 10:00,39N0502000520004,000053400003290731,2.0000,1.9132,,,nem
2026.08.17 09:00,2026.08.17 10:00,39N050207087000G,000033300005960021,0.7000,0.7048,,,nem
2026.08.17 09:00,2026.08.17 10:00,39N050207887000Y,000011100000109615,0.0000,0.0000,,,nem
2026.08.17 09:00,2026.08.17 10:00,39N050208125000A,000028700084091484,0.0000,0.0000,,,nem
2026.08.17 09:00,2026.08.17 10:00,39N050208128000W,000052600000896583,1.6000,1.7293,,,nem
2026.08.17 09:00,2026.08.17 10:00,39N050208164000S,000000002246000198,12.0000,12.4940,,,nem
2026.08.17 09:00,2026.08.17 10:00,39N050209187000U,000027000005926405,0.0000,0.0000,,,nem
2026.08.17 09:00,2026.08.17 10:00,39N0502109170005,000053400003708002,0.0000,0.0000,,,nem
2026.08.17 09:00,2026.08.17 10:00,39N0502109620000,000027100005894243,0.0000,0.0000,,,nem
2026.08.17 09:00,2026.08.17 10:00,39N050212788000U,000053600000897292,0.0000,0.0000,,,nem
2026.08.17 09:00,2026.08.17 10:00,39N050213910000G,000027100005898038,0.0000,0.0000,,,nem
2026.08.17 09:00,2026.08.17 10:00,39N050214190000G,K3SC03400699752,3.0300,10.4400,,,nem
2026.08.17 09:00,2026.08.17 10:00,39N050214638000E,K02000017L28861,0.0000,0.0000,,,nem
2026.08.17 09:00,2026.08.17 10:00,39N050214647000D,K3SC06000003455,0.0000,0.0000,,,nem
2026.08.17 09:00,2026.08.17 10:00,39N050214652000W,000008800043449669,2.4500,2.4672,,,nem
2026.08.17 09:00,2026.08.17 10:00,39N050214652000W,000027000005894200,0.0000,0.0000,,,nem
2026.08.17 09:00,2026.08.17 10:00,39N050214652000W,K3SC08000002012,0.0000,0.0000,,,nem
2026.08.17 09:00,2026.08.17 10:00,39N050214655000H,K3SC09000000230,0.0864,0.5700,,,nem
2026.08.17 09:00,2026.08.17 10:00,39N050214668000X,000000002246000235,0.0000,0.0000,,,nem
2026.08.17 09:00,2026.08.17 10:00,39N050214674000A,K3SC07000007598,0.0000,0.0000,,,nem
2026.08.17 09:00,2026.08.17 10:00,39N050214697000K,K3SC07000006334,0.0000,0.0000,,,nem
2026.08.17 09:00,2026.08.17 10:00,39N050214912000Z,K3SC07000001923,0.0000,0.0000,,,nem
2026.08.17 09:00,2026.08.17 10:00,39N050214941000M,EP07883,0.0000,0.0000,,,nem
2026.08.17 09:00,2026.08.17 10:00,39N050215930000P,K3SC06000002907,0.0000,0.0000,,,nem
2026.08.17 09:00,2026.08.17 10:00,39N050215938000M,K02000017L29066,0.0000,0.0000,,,nem
2026.08.17 09:00,2026.08.17 10:00,39N0502159430004,K3SC07000001954,0.0000,0.0000,,,nem
2026.08.17 09:00,2026.08.17 10:00,39N050215958000A,000000002246000117,0.0000,0.0000,,,nem
2026.08.17 09:00,2026.08.17 10:00,39N050215958000A,K02000017L29366,0.0000,0.0000,,,nem
2026.08.17 09:00,2026.08.17 10:00,39N050215987000Y,000040300012214341,0.0000,0.0000,,,nem
2026.08.17 09:00,2026.08.17 10:00,39N050215987000Y,K3SC04000000062,0.0000,0.0000,,,nem
2026.08.17 09:00,2026.08.17 10:00,39N050215987000Y,K3SC07000002663,0.0000,0.0000,,,nem
2026.08.17 09:00,2026.08.17 10:00,39N050215990000Q,000000002146000419,0.0000,0.0000,,,nem
2026.08.17 09:00,2026.08.17 10:00,39N050215990000Q,000000002246000261,0.0070,0.0070,,,nem
2026.08.17 09:00,2026.08.17 10:00,39N050215996000X,000000002246000205,0.0000,0.0000,,,nem
2026.08.17 09:00,2026.08.17 10:00,39N050215996000X,000044600000607648,0.0000,0.0000,,,nem
2026.08.17 09:00,2026.08.17 10:00,39N050215996000X,000044600000614795,0.0000,0.0000,,,nem
2026.08.17 09:00,2026.08.17 10:00,39N050216000000O,K3SC08000006643,0.0000,0.0000,,,nem
2026.08.17 09:00,2026.08.17 10:00,39N050216189000Z,K3SC09000000005,0.0000,0.0000,,,nem
2026.08.17 09:00,2026.08.17 10:00,39N050216319000Q,K3SC04000000788,0.0000,0.0000,,,nem
2026.08.17 09:00,2026.08.17 10:00,39N050217344000P,SC06000007846,79.0000,150.9200,,,nem
2026.08.17 09:00,2026.08.17 10:00,39N050217514000T,000000002246000191,11.4170,11.9550,,,nem
2026.08.17 09:00,2026.08.17 10:00,39N050217594000I,K02000017L28855,0.0000,0.0000,,,nem
2026.08.17 09:00,2026.08.17 10:00,39N0502177240009,000006209160519002,2.3000,2.3161,,,nem
2026.08.17 09:00,2026.08.17 10:00,39N0502177240009,000027700001201786,0.0000,0.0000,,,nem
2026.08.17 09:00,2026.08.17 10:00,39N0502177240009,K3SC08000001999,0.0000,0.0000,,,nem
2026.08.17 09:00,2026.08.17 10:00,39N0502177250004,000000002146000444,0.0000,0.0000,,,nem
2026.08.17 09:00,2026.08.17 10:00,39N0502177250004,000053200002511869,0.0000,0.0000,,,nem
2026.08.17 09:00,2026.08.17 10:00,39N050218554000Y,K02202146000431,0.0000,0.0000,,,nem
2026.08.17 09:00,2026.08.17 10:00,39N050218563000X,000000000001084616,0.0000,0.0000,,,nem
2026.08.17 09:00,2026.08.17 10:00,39N050218588000X,K3SC08000009353,3.9000,13.0500,,,nem
2026.08.17 09:00,2026.08.17 10:00,39N050218591000P,000008800043780320,0.0000,0.0000,,,nem
2026.08.17 09:00,2026.08.17 10:00,39N050218591000P,K02202146000387,0.0000,0.0000,,,nem
2026.08.17 09:00,2026.08.17 10:00,39N0502185960000,000045500001090171,0.0000,0.0000,,,nem
2026.08.17 09:00,2026.08.17 10:00,39N0502186000003,000000002246000034,0.0000,0.0000,,,nem
2026.08.17 09:00,2026.08.17 10:00,39N0502186000003,000044500026294967,0.0000,0.0000,,,nem
2026.08.17 09:00,2026.08.17 10:00,39N050218709000P,000000002146000433,0.0000,0.0000,,,nem
2026.08.17 09:00,2026.08.17 10:00,39N050218709000P,000027000005871862,0.0000,0.0000,,,nem
2026.08.17 09:00,2026.08.17 10:00,39N050219101000P,000053100006284304,0.0000,0.0000,,,nem
2026.08.17 09:00,2026.08.17 10:00,39N050219101000P,K11702446102256,0.0000,0.0000,,,nem
2026.08.17 09:00,2026.08.17 10:00,39N050219111000J,000053100006086023,0.1600,0.1602,,,nem
2026.08.17 09:00,2026.08.17 10:00,39N050219111000J,K3SC08000002002,0.0000,0.0000,,,nem
2026.08.17 09:00,2026.08.17 10:00,39N0502191220008,000000002146000405,0.0000,0.0000,,,nem
2026.08.17 09:00,2026.08.17 10:00,39N050219127000K,K02000018L30060,0.0000,0.0000,,,nem
2026.08.17 09:00,2026.08.17 10:00,39N050219144000N,K3SC07000001933,14.2000,13.8000,,,nem
2026.08.17 09:00,2026.08.17 10:00,39N050222615000B,K3SC08000002009,0.0000,0.0000,,,nem
2026.08.17 09:00,2026.08.17 10:00,39N050224132000X,000052600000885006,0.0000,0.0000,,,nem
2026.08.17 09:00,2026.08.17 10:00,39N050225228000V,000052600000887973,0.0000,0.0000,,,nem
2026.08.17 09:00,2026.08.17 10:00,39N050225361000Z,000028700084243212,0.1000,0.1241,,,nem
2026.08.17 09:00,2026.08.17 10:00,39N050225592000Z,K02000018L29674,5.0000,5.0000,,,nem
2026.08.17 09:00,2026.08.17 10:00,39N0502258590003,000053400004078297,0.0000,0.0000,,,nem
2026.08.17 09:00,2026.08.17 10:00,39N0502320940001,000053400002726024,1.2000,1.1738,,,nem
2026.08.17 09:00,2026.08.17 10:00,39N050233268000E,000040300013218204,0.0000,0.0000,,,nem
2026.08.17 09:00,2026.08.17 10:00,39N050233872000X,K3SC09000003822,0.0000,0.0000,,,nem
2026.08.17 09:00,2026.08.17 10:00,39N050235722000H,000000002246000065,0.8620,3.3050,,,nem
2026.08.17 09:00,2026.08.17 10:00,39N050235781000N,000000000000071480,0.0000,0.0000,,,nem
2026.08.17 09:00,2026.08.17 10:00,39N050236245000H,000006209160513005,0.6000,0.5771,,,nem
2026.08.17 09:00,2026.08.17 10:00,39N0502362660000,000027900020508134,3.0000,3.0297,,,nem
2026.08.17 09:00,2026.08.17 10:00,39N0502362660000,000040300011213597,0.0000,0.0000,,,nem
2026.08.17 09:00,2026.08.17 10:00,39N0502477110003,000052700000884957,0.0000,0.0000,,,nem
2026.08.17 09:00,2026.08.17 10:00,39N0502510990003,000019900016977384,3.3000,3.3261,,,nem
2026.08.17 09:00,2026.08.17 10:00,39N050251837000U,000040300007204770,0.0000,0.0000,,,nem
2026.08.17 09:00,2026.08.17 10:00,39N050252043000I,000027100005898029,0.3000,0.3155,,,nem
2026.08.17 09:00,2026.08.17 10:00,39N050252204000N,000006203229509031,0.0000,0.0000,,,nem
2026.08.17 09:00,2026.08.17 10:00,39N050253671000Y,000053400003708027,0.2000,0.2045,,,nem
2026.08.17 09:00,2026.08.17 10:00,39N050254055000N,000028700084243189,0.3000,0.2939,,,nem
2026.08.17 09:00,2026.08.17 10:00,39N0502542550009,000006203403563870,0.6000,0.5877,,,nem
2026.08.17 09:00,2026.08.17 10:00,39N050258835000L,000019900017022057,9.1000,9.3393,,,nem
2026.08.17 09:00,2026.08.17 10:00,39N050261616000F,000027100005848476,1.2000,1.2272,,,nem
2026.08.17 09:00,2026.08.17 10:00,39N050269363000V,000052700000884401,0.0000,0.0000,,,nem
2026.08.17 09:00,2026.08.17 10:00,39N050316475000U,000003300035201642,0.2000,0.2032,,,nem
2026.08.17 09:00,2026.08.17 10:00,39N050316475000U,000027000005848437,0.0000,0.0000,,,nem
2026.08.17 09:00,2026.08.17 10:00,39N0503424040008,000027100005870727,0.4000,0.3913,,,nem
2026.08.17 09:00,2026.08.17 10:00,39N0503439790009,000029200020502760,0.0000,0.0000,,,nem
2026.08.17 09:00,2026.08.17 10:00,39N050369436000H,000052700000889661,0.0000,0.0000,,,nem
2026.08.17 09:00,2026.08.17 10:00,39N050373639000R,000040300006202862,0.0000,0.0000,,,igen
2026.08.17 09:00,2026.08.17 10:00,39N050373666000O,000052700000887369,0.0000,0.0000,,,nem
2026.08.17 09:00,2026.08.17 10:00,39N050377940000D,000053400002719761,1.9000,1.8597,,,nem
2026.08.17 09:00,2026.08.17 10:00,39N050381165000Y,000000002246000284,3.0000,2.9540,,,nem
2026.08.17 09:00,2026.08.17 10:00,39N050385675000Z,000040400009210687,0.0000,0.0000,,,nem
2026.08.17 09:00,2026.08.17 10:00,39N050405255000Q,000029200020519053,0.0000,0.0000,,,nem
2026.08.17 09:00,2026.08.17 10:00,39N050414007000M,000029900020520529,0.0000,0.0000,,,nem
2026.08.17 09:00,2026.08.17 10:00,39N050414007000M,000040300011213341,0.0000,0.0000,,,nem
2026.08.17 09:00,2026.08.17 10:00,39N050415384000Y,000000002146000548,0.0000,0.0000,,,nem
2026.08.17 09:00,2026.08.17 10:00,39N050415384000Y,000053100004423834,0.0000,0.0000,,,nem
2026.08.17 09:00,2026.08.17 10:00,39N0504237770004,000028400084243416,0.0000,0.0000,,,nem
2026.08.17 09:00,2026.08.17 10:00,39N050433181000O,000000002246000180,0.0000,0.0000,,,nem
2026.08.17 09:00,2026.08.17 10:00,39N050445873000K,000053400002725979,0.0000,0.0000,,,nem
2026.08.17 09:00,2026.08.17 10:00,39N050450493000U,K3SCC0400000594,0.0000,0.0000,,,nem
2026.08.17 09:00,2026.08.17 10:00,39N0504550620004,000052600000887704,2.0000,1.9582,,,nem
2026.08.17 09:00,2026.08.17 10:00,39N050458746000Y,000027100005870754,0.0000,0.0000,,,nem
2026.08.17 09:00,2026.08.17 10:00,39N050458746000Y,000053300004228243,0.0000,0.0000,,,nem
2026.08.17 09:00,2026.08.17 10:00,39N050458746000Y,000053300006548960,0.0000,0.0000,,,nem
2026.08.17 09:00,2026.08.17 10:00,39N0504648650006,000052600000887402,0.0000,0.0000,,,nem
2026.08.17 09:00,2026.08.17 10:00,39N050471715000L,000029200020517911,0.0000,0.0000,,,nem
2026.08.17 09:00,2026.08.17 10:00,39N050483780000G,000027100005870759,1.0000,1.0366,,,nem
2026.08.17 09:00,2026.08.17 10:00,39N050484438000J,000052600000889209,1.0000,0.9782,,,nem
2026.08.17 09:00,2026.08.17 10:00,39N050485100000G,000040400014219743,0.0000,0.0000,,,nem
2026.08.17 09:00,2026.08.17 10:00,39N0504864890005,000053400003287118,0.0000,0.0000,,,nem
2026.08.17 09:00,2026.08.17 10:00,39N050510259000R,000027100005848322,0.0000,0.0000,,,nem
2026.08.17 09:00,2026.08.17 10:00,39N050515515000A,000052700000885935,0.0000,0.0000,,,nem
2026.08.17 09:00,2026.08.17 10:00,39N0505226180003,000011100000109610,4.0000,3.9180,,,nem
2026.08.17 09:00,2026.08.17 10:00,39N0505384670009,000027100005848294,0.0000,0.0000,,,nem
2026.08.17 09:00,2026.08.17 10:00,39N0505387730002,000052600000900177,2.8000,2.7426,,,nem
2026.08.17 09:00,2026.08.17 10:00,39N050548215000H,000053400002719801,0.5000,0.4898,,,nem
2026.08.17 09:00,2026.08.17 10:00,39N050548840000J,K3SC09000000010,1.0000,3.7500,,,nem
2026.08.17 09:00,2026.08.17 10:00,39N050552094000R,000029900020521702,0.0000,0.0000,,,nem
2026.08.17 09:00,2026.08.17 10:00,39N050553222000K,K3SC08000003475,1.2000,4.5700,,,nem
2026.08.17 09:00,2026.08.17 10:00,39N050553661000A,000034800000061526,0.0000,0.0000,,,nem
2026.08.17 09:00,2026.08.17 10:00,39N0505752100002,000052600000887553,0.0000,0.0000,,,nem
2026.08.17 09:00,2026.08.17 10:00,39N050576124000C,000034800000546505,6.0000,6.0924,,,nem
2026.08.17 09:00,2026.08.17 10:00,39N0505779810001,000006202897801013,13.6000,13.3035,,,nem
2026.08.17 09:00,2026.08.17 10:00,39N050583139000X,000053300004078348,0.0000,0.0000,,,nem
2026.08.17 09:00,2026.08.17 10:00,39N0505847100003,000053400002726046,0.0000,0.0000,,,nem
2026.08.17 09:00,2026.08.17 10:00,39N0505992060002,000053400003708023,1.9000,1.8586,,,nem
2026.08.17 09:00,2026.08.17 10:00,39N050603076000J,000051303403563786,0.4000,0.3913,,,nem
2026.08.17 09:00,2026.08.17 10:00,39N050607494000V,000038200077141480,0.0000,0.0000,,,nem
2026.08.17 09:00,2026.08.17 10:00,39N0506230230009,000053400003707928,1.7000,1.6629,,,nem
2026.08.17 09:00,2026.08.17 10:00,39N050626352000P,000034800000072507,4.3000,4.2063,,,nem
2026.08.17 09:00,2026.08.17 10:00,39N050626352000P,000053300002318656,1.5000,1.4673,,,nem
2026.08.17 09:00,2026.08.17 10:00,39N050627784000Z,000001300013013134,0.0000,0.0000,,,nem
2026.08.17 09:00,2026.08.17 10:00,39N050627784000Z,K3SC03402019428,0.0000,0.0000,,,nem
2026.08.17 09:00,2026.08.17 10:00,39N050635744000T,000051303403398549,1.1000,1.1169,,,nem
2026.08.17 09:00,2026.08.17 10:00,39N050636182000C,000040300014219987,0.0000,0.0000,,,nem
2026.08.17 09:00,2026.08.17 10:00,39N050636182000C,000053200006188793,0.0000,0.0000,,,nem
2026.08.17 09:00,2026.08.17 10:00,39N050636182000C,000053300004228213,0.0000,0.0000,,,nem
2026.08.17 09:00,2026.08.17 10:00,39N050642904000H,000053400002719822,5.5000,5.5649,,,nem
2026.08.17 09:00,2026.08.17 10:00,39N0506488920006,000038200077159774,10.1000,10.2192,,,igen
2026.08.17 09:00,2026.08.17 10:00,39N050655561000S,000027000005848448,0.0000,0.0000,,,nem
2026.08.17 09:00,2026.08.17 10:00,39N050655561000S,000027000005950344,0.0000,0.0000,,,nem
2026.08.17 09:00,2026.08.17 10:00,39N050655561000S,000040200008208469,0.0000,0.0000,,,nem
2026.08.17 09:00,2026.08.17 10:00,39N050673657000W,000029900020524037,4.7000,4.5975,,,igen
2026.08.17 09:00,2026.08.17 10:00,39N050690260000L,000051303403663324,2.5000,2.4488,,,nem
2026.08.17 09:00,2026.08.17 10:00,39N050708788000F,000027000005921259,6.0000,5.8236,,,nem
2026.08.17 09:00,2026.08.17 10:00,39N050720770000X,000040400012214791,0.0000,0.0000,,,nem
2026.08.17 09:00,2026.08.17 10:00,39N050740233000M,000052700000900251,0.0000,0.0000,,,nem
2026.08.17 09:00,2026.08.17 10:00,39N050744134000T,000052600000888120,3.5000,3.4237,,,nem
2026.08.17 09:00,2026.08.17 10:00,39N0507451030007,000000002246000087,0.0300,0.0290,,,nem
2026.08.17 09:00,2026.08.17 10:00,39N0507495580003,000000002246000226,0.0000,0.0000,,,nem
2026.08.17 09:00,2026.08.17 10:00,39N050750365000F,000044500028323170,0.0100,0.0102,,,nem
2026.08.17 09:00,2026.08.17 10:00,39N050750365000F,K3SC08000011520,0.0000,0.0000,,,nem
2026.08.17 09:00,2026.08.17 10:00,39N050750873000L,K02000018L29990,0.0000,0.0000,,,nem
2026.08.17 09:00,2026.08.17 10:00,39N050753398000W,000008800043780262,0.0000,0.0000,,,nem
2026.08.17 09:00,2026.08.17 10:00,39N050753398000W,000027000005848440,0.1000,0.0980,,,nem
2026.08.17 09:00,2026.08.17 10:00,39N050753398000W,000027000005950363,0.0000,0.0000,,,nem
2026.08.17 09:00,2026.08.17 10:00,39N050753398000W,000028700084243194,0.5000,0.4898,,,nem
2026.08.17 09:00,2026.08.17 10:00,39N050753839000S,000040300014219478,0.0000,0.0000,,,nem
2026.08.17 09:00,2026.08.17 10:00,39N050753876000J,000027000005848396,0.0000,0.0000,,,nem
2026.08.17 09:00,2026.08.17 10:00,39N050753876000J,000051303403563777,0.0000,0.0000,,,nem
2026.08.17 09:00,2026.08.17 10:00,39N050753876000J,000053300002728766,0.0000,0.0000,,,nem
2026.08.17 09:00,2026.08.17 10:00,39N050754012000C,K3SC03402019415,0.0000,0.0000,,,nem
2026.08.17 09:00,2026.08.17 10:00,39N050754015000Y,000027100005870748,0.0000,0.0000,,,nem
2026.08.17 09:00,2026.08.17 10:00,39N050754015000Y,K3SC03400984912,0.0000,0.0000,,,nem
2026.08.17 09:00,2026.08.17 10:00,39N050754578000M,000027100005848567,8.1000,8.2280,,,nem
2026.08.17 09:00,2026.08.17 10:00,39N050754578000M,000053300004228283,0.0000,0.0000,,,nem
2026.08.17 09:00,2026.08.17 10:00,39N050754578000M,000053400003290776,0.0000,0.0000,,,nem
2026.08.17 09:00,2026.08.17 10:00,39N050754716000H,000040300006200780,0.0000,0.0000,,,nem
2026.08.17 09:00,2026.08.17 10:00,39N050754716000H,K3SC04000000943,0.0000,0.0000,,,nem
2026.08.17 09:00,2026.08.17 10:00,39N050755929000B,SC07000007591,0.0000,0.0000,,,nem
2026.08.17 09:00,2026.08.17 10:00,39N050755997000G,000000002246000049,0.8510,0.8260,,,nem
2026.08.17 09:00,2026.08.17 10:00,39N050755997000G,000003500035198891,0.0000,0.0000,,,nem
2026.08.17 09:00,2026.08.17 10:00,39N0507569640004,000029200020511689,0.0000,0.0000,,,nem
2026.08.17 09:00,2026.08.17 10:00,39N050756996000D,K3SC08000006659,0.0000,0.0000,,,nem
2026.08.17 09:00,2026.08.17 10:00,39N050757163000K,K3SC08000005254,0.0000,0.0000,,,nem
2026.08.17 09:00,2026.08.17 10:00,39N050757415000J,000053400003290785,0.0000,0.0000,,,nem
2026.08.17 09:00,2026.08.17 10:00,39N050757415000J,K3SC09000000237,0.0000,0.0000,,,nem
2026.08.17 09:00,2026.08.17 10:00,39N050757439000O,000001300013505669,0.0000,0.0000,,,nem
2026.08.17 09:00,2026.08.17 10:00,39N050757439000O,000040300012216291,0.0000,0.0000,,,nem
2026.08.17 09:00,2026.08.17 10:00,39N050757439000O,000044500037979231,0.0000,0.0000,,,nem
2026.08.17 09:00,2026.08.17 10:00,39N050757439000O,K3SC08000002229,0.0000,0.0000,,,nem
2026.08.17 09:00,2026.08.17 10:00,39N050757450000K,000053400002719733,5.3000,6.3261,,,nem
2026.08.17 09:00,2026.08.17 10:00,39N050757450000K,K3SC03401169913,0.0000,0.0000,,,nem
2026.08.17 09:00,2026.08.17 10:00,39N050757472000Z,000000002246000059,0.0000,0.0000,,,nem
2026.08.17 09:00,2026.08.17 10:00,39N050757472000Z,000053400002719783,0.0000,0.0000,,,nem
2026.08.17 09:00,2026.08.17 10:00,39N050758923000H,000027900020522241,0.0000,0.0000,,,nem
2026.08.17 09:00,2026.08.17 10:00,39N050759606000R,K02202146000564,0.0000,0.0000,,,nem
2026.08.17 09:00,2026.08.17 10:00,39N0507599930004,000002800024149874,0.0000,0.0000,,,nem
2026.08.17 09:00,2026.08.17 10:00,39N0507599930004,SC07000001919,0.0000,0.0000,,,nem
2026.08.17 09:00,2026.08.17 10:00,39N050760458000R,000000002246000162,0.0000,0.0000,,,nem
2026.08.17 09:00,2026.08.17 10:00,39N050760458000R,000001300016230255,0.0000,0.0000,,,nem
2026.08.17 09:00,2026.08.17 10:00,39N050760709000V,K3SC03401061094,18.7000,126.3300,,,nem
2026.08.17 09:00,2026.08.17 10:00,39N050762038000E,K02202246000183,0.0000,0.0000,,,nem
2026.08.17 09:00,2026.08.17 10:00,39N050762094000Z,000033300005960005,0.0000,0.0000,,,nem
2026.08.17 09:00,2026.08.17 10:00,39N050762094000Z,K3SC03400723975,0.0000,0.0000,,,nem
2026.08.17 09:00,2026.08.17 10:00,39N050764763000U,000012000075117793,0.0000,0.0000,,,nem
2026.08.17 09:00,2026.08.17 10:00,39N050764763000U,000053100006730746,0.0000,0.0000,,,nem
2026.08.17 09:00,2026.08.17 10:00,39N050764763000U,K3SC09000000002,0.0000,0.0000,,,nem
2026.08.17 09:00,2026.08.17 10:00,39N050764779000V,000052100004064528,0.0000,0.0000,,,nem
2026.08.17 09:00,2026.08.17 10:00,39N050764779000V,K3SC03402019421,0.0000,0.0000,,,nem
2026.08.17 09:00,2026.08.17 10:00,39N050765037000W,K02000017L29370,0.0000,0.0000,,,nem
2026.08.17 09:00,2026.08.17 10:00,39N0507679070008,000000002146000466,0.0000,0.0000,,,nem
2026.08.17 09:00,2026.08.17 10:00,39N0507679070008,000040300007204577,0.1000,0.0979,,,nem
2026.08.17 09:00,2026.08.17 10:00,39N0507679070008,000040300014219638,0.0000,0.0000,,,nem
2026.08.17 09:00,2026.08.17 10:00,39N0507679070008,000053100004211708,0.0000,0.0000,,,nem
2026.08.17 09:00,2026.08.17 10:00,39N0507679070008,000053300004078695,0.0000,0.0000,,,nem
2026.08.17 09:00,2026.08.17 10:00,39N0507679070008,SC07000001932,0.0000,0.0000,,,nem
2026.08.17 09:00,2026.08.17 10:00,39N0507693140006,000000002246000115,0.0000,0.0000,,,nem
2026.08.17 09:00,2026.08.17 10:00,39N0507705100001,000029900020514285,0.0000,0.0000,,,nem
2026.08.17 09:00,2026.08.17 10:00,39N0507705100001,000051303403563760,0.0000,0.0000,,,nem
2026.08.17 09:00,2026.08.17 10:00,39N0507705100001,000052700000899611,0.1000,0.0980,,,nem
2026.08.17 09:00,2026.08.17 10:00,39N0507705100001,K3SC07000001924,0.0000,0.0000,,,nem
2026.08.17 09:00,2026.08.17 10:00,39N050771852000C,K3SC07000001832,0.0000,0.0000,,,nem
2026.08.17 09:00,2026.08.17 10:00,39N0507730720003,000053300004228387,0.0000,0.0000,,,nem
2026.08.17 09:00,2026.08.17 10:00,39N050773615000J,K3SC34000505359,0.0000,0.0000,,,nem
2026.08.17 09:00,2026.08.17 10:00,39N050773622000S,000053300004228493,0.0000,0.0000,,,nem
2026.08.17 09:00,2026.08.17 10:00,39N050773622000S,K3SC09000000250,0.0000,0.0000,,,nem
2026.08.17 09:00,2026.08.17 10:00,39N050773882000F,K3SC03402019413,0.0000,0.0000,,,nem
2026.08.17 09:00,2026.08.17 10:00,39N0507741940003,K02000018L29724,0.0000,0.0000,,,nem
2026.08.17 09:00,2026.08.17 10:00,39N050774244000Q,000044700031395811,0.8700,0.8834,,,nem
2026.08.17 09:00,2026.08.17 10:00,39N050774244000Q,K3SC03400699635,9.0000,34.1000,,,nem
2026.08.17 09:00,2026.08.17 10:00,39N0507742750003,000027900020519928,0.0000,0.0000,,,nem
2026.08.17 09:00,2026.08.17 10:00,39N050775645000M,000008800045007665,0.0000,0.0000,,,nem
2026.08.17 09:00,2026.08.17 10:00,39N050775645000M,000027900020502769,0.0000,0.0000,,,nem
2026.08.17 09:00,2026.08.17 10:00,39N050776264000Z,000027100005870779,1.0000,0.9782,,,nem
2026.08.17 09:00,2026.08.17 10:00,39N050776439000E,000001300023106173,0.0000,0.0000,,,nem
2026.08.17 09:00,2026.08.17 10:00,39N050776439000E,SC07000006370,0.0000,0.0000,,,nem
2026.08.17 09:00,2026.08.17 10:00,39N050776462000V,K02000017L29063,0.0000,0.0000,,,nem
2026.08.17 09:00,2026.08.17 10:00,39N0507772080006,000000002246000073,0.0000,0.0000,,,nem
2026.08.17 09:00,2026.08.17 10:00,39N050777442000Z,000002600043780817,0.0000,0.0000,,,nem
2026.08.17 09:00,2026.08.17 10:00,39N050777442000Z,K02000017L29055,0.0000,0.0000,,,nem
2026.08.17 09:00,2026.08.17 10:00,39N050777442000Z,K02202146000484,0.0000,0.0000,,,nem
2026.08.17 09:00,2026.08.17 10:00,39N050777482000B,000000002246000043,0.0000,0.0000,,,nem
2026.08.17 09:00,2026.08.17 10:00,39N050792697000P,000027000005848410,0.0000,0.0000,,,nem
2026.08.17 09:00,2026.08.17 10:00,39N050793035000V,000035500084243061,0.0000,0.0000,,,nem
2026.08.17 09:00,2026.08.17 10:00,39N050793035000V,000035500084243063,1.2000,1.2190,,,nem
2026.08.17 09:00,2026.08.17 10:00,39N0507981050002,000029200020524061,0.0000,0.0000,,,nem
2026.08.17 09:00,2026.08.17 10:00,39N050813036000E,000027100005897973,0.0000,0.0000,,,nem
2026.08.17 09:00,2026.08.17 10:00,39N050814444000J,000053300003306760,0.0000,0.0000,,,nem
2026.08.17 09:00,2026.08.17 10:00,39N050816644000Q,000052600000899462,1.9000,1.8586,,,nem
2026.08.17 09:00,2026.08.17 10:00,39N0508179760006,SC10000001096,1.1400,3.8800,,,nem
2026.08.17 09:00,2026.08.17 10:00,39N050818676000J,000040400014219207,0.0000,0.0000,,,nem
2026.08.17 09:00,2026.08.17 10:00,39N050820134000W,000053100004211197,0.0600,0.0609,,,nem
2026.08.17 09:00,2026.08.17 10:00,39N050820134000W,K3SC03402019414,0.0000,0.0000,,,nem
2026.08.17 09:00,2026.08.17 10:00,39N050820458000G,000052700000885406,11.8000,12.2224,,,nem
2026.08.17 09:00,2026.08.17 10:00,39N050822345000S,000052600000884385,1.7000,1.6352,,,nem
2026.08.17 09:00,2026.08.17 10:00,39N0508227020002,K3SC03401147239,0.0000,0.0000,,,nem
2026.08.17 09:00,2026.08.17 10:00,39N050831052000K,K3SC03401169907,0.0000,0.0000,,,nem
2026.08.17 09:00,2026.08.17 10:00,39N050831052000K,K3SC07000006344,0.0000,0.0000,,,nem
2026.08.17 09:00,2026.08.17 10:00,39N050831214000K,K3SC08000001061,0.0000,0.0000,,,nem
2026.08.17 09:00,2026.08.17 10:00,39N050831732000K,000000002246000171,0.0000,0.0000,,,nem
2026.08.17 09:00,2026.08.17 10:00,39N050831732000K,000000002246000297,0.0000,0.0000,,,nem
2026.08.17 09:00,2026.08.17 10:00,39N050832564000Z,K3SC08000002241,0.0000,0.0000,,,nem
2026.08.17 09:00,2026.08.17 10:00,39N050833827000F,K3SC03400699729,0.0000,0.0000,,,nem
2026.08.17 09:00,2026.08.17 10:00,39N050836149000I,K3SC03401414828,0.0000,0.0000,,,nem
2026.08.17 09:00,2026.08.17 10:00,39N050836830000K,000000003403233014,0.0000,0.0000,,,nem
2026.08.17 09:00,2026.08.17 10:00,39N050836979000I,000053400003290796,0.1000,0.0962,,,nem
2026.08.17 09:00,2026.08.17 10:00,39N0508398450002,K3SC08000002237,0.0000,0.0000,,,nem
2026.08.17 09:00,2026.08.17 10:00,39N050841968000N,SC11000000589,0.0000,0.0000,,,nem
2026.08.17 09:00,2026.08.17 10:00,39N050843706000U,000053300004078513,0.0000,0.0000,,,nem
2026.08.17 09:00,2026.08.17 10:00,39N050844930000K,000052600000914889,1.0000,0.9795,,,nem
2026.08.17 09:00,2026.08.17 10:00,39N050847541000D,K3SC09000000240,0.0000,0.0000,,,nem
2026.08.17 09:00,2026.08.17 10:00,39N050847787000J,000034800000031563,0.0000,0.0000,,,nem
2026.08.17 09:00,2026.08.17 10:00,39N0508480240000,000052700000909509,0.0000,0.0000,,,nem
2026.08.17 09:00,2026.08.17 10:00,39N050848355000U,000040300012215942,0.0000,0.0000,,,nem
2026.08.17 09:00,2026.08.17 10:00,39N0508490730004,000051303403563818,17.8000,17.4226,,,nem
2026.08.17 09:00,2026.08.17 10:00,39N050849323000D,K3SC04000000054,3.3000,12.6500,,,nem
2026.08.17 09:00,2026.08.17 10:00,39N050851794000U,K3SC07000006360,0.0000,0.0000,,,nem
2026.08.17 09:00,2026.08.17 10:00,39N050861247000Y,K3SC09000003821,3.8000,12.4800,,,nem
2026.08.17 09:00,2026.08.17 10:00,39N050866001000P,000000002246000036,0.0000,0.0000,,,nem
2026.08.17 09:00,2026.08.17 10:00,39N050875710000B,K3SC11000000578,0.0000,0.0000,,,nem
2026.08.17 09:00,2026.08.17 10:00,39N0508759240008,K3SC03401061101,0.0000,0.0000,,,nem
2026.08.17 09:00,2026.08.17 10:00,39N0508788210006,000053300004078461,0.0000,0.0000,,,nem
2026.08.17 09:00,2026.08.17 10:00,39N050879364000V,K02000016L28058,0.0000,0.0000,,,nem
2026.08.17 09:00,2026.08.17 10:00,39N0508813320003,000029900020519902,0.0000,0.0000,,,nem
2026.08.17 09:00,2026.08.17 10:00,39N050882973000Z,000040300009900172,0.0000,0.0000,,,nem
2026.08.17 09:00,2026.08.17 10:00,39N050890535000A,000000002146000441,0.0000,0.0000,,,nem
2026.08.17 09:00,2026.08.17 10:00,39N0508949570002,000027100005897971,0.0000,0.0000,,,nem
2026.08.17 09:00,2026.08.17 10:00,39N050896400000C,K3SC03400574253,0.0000,0.0000,,,nem
2026.08.17 09:00,2026.08.17 10:00,39N050896796000I,000027700001184418,0.0000,0.0000,,,nem
2026.08.17 09:00,2026.08.17 10:00,39N050898846000P,K3SC03400699737,0.0000,0.0000,,,nem
2026.08.17 09:00,2026.08.17 10:00,39N050913091000U,000027100005848490,0.0000,0.0000,,,nem
2026.08.17 09:00,2026.08.17 10:00,39N050915973000R,K3SC08000002025,0.0000,0.0000,,,nem
2026.08.17 09:00,2026.08.17 10:00,39N050916593000Z,K3SC03401169915,93.2000,347.5100,,,nem
2026.08.17 10:00,2026.08.17 11:00,39N0500091210005,000038200077158060,0.0000,0.0000,,,nem
2026.08.17 10:00,2026.08.17 11:00,39N050022609000H,000053300003307178,0.2000,0.2024,,,nem
2026.08.17 10:00,2026.08.17 11:00,39N050029731000D,000052600000914866,0.0000,0.0000,,,nem
2026.08.17 10:00,2026.08.17 11:00,39N050031988000Q,000052600000899454,0.0000,0.0000,,,nem
2026.08.17 10:00,2026.08.17 11:00,39N050032468000S,000052700000899362,0.0000,0.0000,,,nem
2026.08.17 10:00,2026.08.17 11:00,39N050033836000K,000027100005848245,0.0000,0.0000,,,nem
2026.08.17 10:00,2026.08.17 11:00,39N050034412000Z,000002600043780756,0.0000,0.0000,,,nem
2026.08.17 10:00,2026.08.17 11:00,39N050034412000Z,000052700000885403,3.1000,3.0343,,,nem
2026.08.17 10:00,2026.08.17 11:00,39N0500344350008,000046700000888615,0.0000,0.0000,,,nem
2026.08.17 10:00,2026.08.17 11:00,39N050034459000D,000040400014219775,0.0000,0.0000,,,nem
2026.08.17 10:00,2026.08.17 11:00,39N050042294000Z,000040400008209973,0.0000,0.0000,,,nem
2026.08.17 10:00,2026.08.17 11:00,39N050044030000F,000027000035197562,1.0000,1.0158,,,nem
2026.08.17 10:00,2026.08.17 11:00,39N050052498000T,SC05000004104,0.0000,0.0000,,,nem
2026.08.17 10:00,2026.08.17 11:00,39N050053842000G,K3SC03401169905,0.0000,0.0000,,,nem
2026.08.17 10:00,2026.08.17 11:00,39N0500617550009,000044500034101914,0.0000,0.0000,,,nem
2026.08.17 10:00,2026.08.17 11:00,39N0500617550009,K3SC03400699700,0.0000,0.0000,,,nem
2026.08.17 10:00,2026.08.17 11:00,39N050066949000F,000053400003290721,0.0000,0.0000,,,nem
2026.08.17 10:00,2026.08.17 11:00,39N050068660000G,000035500084243026,0.0000,0.0000,,,nem
2026.08.17 10:00,2026.08.17 11:00,39N050068660000G,000035500084243027,0.1000,0.1007,,,nem
2026.08.17 10:00,2026.08.17 11:00,39N050071512000G,000051303403398537,0.0000,0.0000,,,nem
2026.08.17 10:00,2026.08.17 11:00,39N050073737000N,000040400006201455,0.0000,0.0000,,,nem
2026.08.17 10:00,2026.08.17 11:00,39N050073762000U,000053400004078277,1.8000,1.8126,,,nem
2026.08.17 10:00,2026.08.17 11:00,39N050075194000S,000029200020524049,17.0000,17.3145,,,nem
2026.08.17 10:00,2026.08.17 11:00,39N0500755940000,000027000005950284,0.0000,0.0000,,,nem
2026.08.17 10:00,2026.08.17 11:00,39N0500755940000,000052600000886571,0.0000,0.0000,,,nem
2026.08.17 10:00,2026.08.17 11:00,39N050076850000F,000006201754704050,6.5000,6.3973,,,nem
2026.08.17 10:00,2026.08.17 11:00,39N050076850000F,000040300006201137,0.1000,0.0980,,,nem
2026.08.17 10:00,2026.08.17 11:00,39N050081322000F,000053400003290798,0.0000,0.0000,,,nem
2026.08.17 10:00,2026.08.17 11:00,39N050083908000D,000006202897801002,0.0000,0.0000,,,nem
2026.08.17 10:00,2026.08.17 11:00,39N050083908000D,000040300011213334,0.0000,0.0000,,,nem
2026.08.17 10:00,2026.08.17 11:00,39N050089206000O,000006203403563919,2.4000,2.4163,,,nem
2026.08.17 10:00,2026.08.17 11:00,39N050089206000O,000028700084091487,1.2000,1.1591,,,nem
2026.08.17 10:00,2026.08.17 11:00,39N050089342000D,000015608267713002,0.0000,0.0000,,,nem
2026.08.17 10:00,2026.08.17 11:00,39N050094459000X,000040400006201425,0.0000,0.0000,,,nem
2026.08.17 10:00,2026.08.17 11:00,39N050094490000H,000027100005894204,10.6000,10.2385,,,nem
2026.08.17 10:00,2026.08.17 11:00,39N050106941000P,000027100005848507,0.0000,0.0000,,,nem
2026.08.17 10:00,2026.08.17 11:00,39N0501191590002,000029200020517908,4.4000,4.3793,,,nem
2026.08.17 10:00,2026.08.17 11:00,39N050132558000H,000040400007204469,0.8000,0.7830,,,nem
2026.08.17 10:00,2026.08.17 11:00,39N050137387000F,000052600000900202,2.2000,2.1534,,,nem
2026.08.17 10:00,2026.08.17 11:00,39N050145410000I,000027100005848241,0.6000,0.5873,,,nem
2026.08.17 10:00,2026.08.17 11:00,39N050146207000W,000052700000899364,1.5000,1.5237,,,nem
2026.08.17 10:00,2026.08.17 11:00,39N050153206000F,K3SC06000007800,0.0000,0.0000,,,nem
2026.08.17 10:00,2026.08.17 11:00,39N0501601470008,000040300008206765,0.0000,0.0000,,,igen
2026.08.17 10:00,2026.08.17 11:00,39N0501601470008,000040300014219822,0.0000,0.0000,,,igen
2026.08.17 10:00,2026.08.17 11:00,39N050160341000O,000052700000899034,0.0000,0.0000,,,nem
2026.08.17 10:00,2026.08.17 11:00,39N0501618590009,000053400002726045,10.4000,10.1795,,,nem
2026.08.17 10:00,2026.08.17 11:00,39N050168020000Z,L01A625,4.0000,3.9836,,,nem
2026.08.17 10:00,2026.08.17 11:00,39N050176728000R,000040300012214339,0.0000,0.0000,,,nem
2026.08.17 10:00,2026.08.17 11:00,39N050176728000R,000053300003348438,0.0000,0.0000,,,nem
2026.08.17 10:00,2026.08.17 11:00,39N050177032000I,000053400003290719,0.0000,0.0000,,,nem
2026.08.17 10:00,2026.08.17 11:00,39N0501770340008,000053400002725990,0.5000,0.5041,,,nem
2026.08.17 10:00,2026.08.17 11:00,39N050180150000J,000000002246000217,0.8220,0.8090,,,nem
2026.08.17 10:00,2026.08.17 11:00,39N050197735000A,000053400003290744,0.0000,0.0000,,,nem
2026.08.17 10:00,2026.08.17 11:00,39N0502000520004,000029900020519904,17.9000,19.2515,,,nem
2026.08.17 10:00,2026.08.17 11:00,39N0502000520004,000053400003290731,3.5000,3.3481,,,nem
2026.08.17 10:00,2026.08.17 11:00,39N050207087000G,000033300005960021,0.6000,0.6041,,,nem
2026.08.17 10:00,2026.08.17 11:00,39N050207887000Y,000011100000109615,0.0000,0.0000,,,nem
2026.08.17 10:00,2026.08.17 11:00,39N050208125000A,000028700084091484,0.0000,0.0000,,,nem
2026.08.17 10:00,2026.08.17 11:00,39N050208128000W,000052600000896583,0.3000,0.3242,,,nem
2026.08.17 10:00,2026.08.17 11:00,39N050208164000S,000000002246000198,11.0000,11.4430,,,nem
2026.08.17 10:00,2026.08.17 11:00,39N050209187000U,000027000005926405,0.0000,0.0000,,,nem
2026.08.17 10:00,2026.08.17 11:00,39N0502109170005,000053400003708002,0.0000,0.0000,,,nem
2026.08.17 10:00,2026.08.17 11:00,39N0502109620000,000027100005894243,0.0000,0.0000,,,nem
2026.08.17 10:00,2026.08.17 11:00,39N050212788000U,000053600000897292,0.0000,0.0000,,,nem
2026.08.17 10:00,2026.08.17 11:00,39N050213910000G,000027100005898038,0.0000,0.0000,,,nem
2026.08.17 10:00,2026.08.17 11:00,39N050214190000G,K3SC03400699752,4.6600,15.8400,,,nem
2026.08.17 10:00,2026.08.17 11:00,39N050214638000E,K02000017L28861,0.0000,0.0000,,,nem
2026.08.17 10:00,2026.08.17 11:00,39N050214647000D,K3SC06000003455,0.0000,0.0000,,,nem
2026.08.17 10:00,2026.08.17 11:00,39N050214652000W,000008800043449669,2.5600,2.5779,,,nem
2026.08.17 10:00,2026.08.17 11:00,39N050214652000W,000027000005894200,0.0000,0.0000,,,nem
2026.08.17 10:00,2026.08.17 11:00,39N050214652000W,K3SC08000002012,0.0000,0.0000,,,nem
2026.08.17 10:00,2026.08.17 11:00,39N050214655000H,K3SC09000000230,0.0879,0.5800,,,nem
2026.08.17 10:00,2026.08.17 11:00,39N050214668000X,000000002246000235,0.0000,0.0000,,,nem
2026.08.17 10:00,2026.08.17 11:00,39N050214674000A,K3SC07000007598,0.0000,0.0000,,,nem
2026.08.17 10:00,2026.08.17 11:00,39N050214697000K,K3SC07000006334,0.0000,0.0000,,,nem
2026.08.17 10:00,2026.08.17 11:00,39N050214912000Z,K3SC07000001923,0.0000,0.0000,,,nem
2026.08.17 10:00,2026.08.17 11:00,39N050214941000M,EP07883,0.0000,0.0000,,,nem
2026.08.17 10:00,2026.08.17 11:00,39N050215930000P,K3SC06000002907,0.0000,0.0000,,,nem
2026.08.17 10:00,2026.08.17 11:00,39N050215938000M,K02000017L29066,0.0000,0.0000,,,nem
2026.08.17 10:00,2026.08.17 11:00,39N0502159430004,K3SC07000001954,0.0000,0.0000,,,nem
2026.08.17 10:00,2026.08.17 11:00,39N050215958000A,000000002246000117,0.0000,0.0000,,,nem
2026.08.17 10:00,2026.08.17 11:00,39N050215958000A,K02000017L29366,0.0000,0.0000,,,nem
2026.08.17 10:00,2026.08.17 11:00,39N050215987000Y,000040300012214341,0.0000,0.0000,,,nem
2026.08.17 10:00,2026.08.17 11:00,39N050215987000Y,K3SC04000000062,0.0000,0.0000,,,nem
2026.08.17 10:00,2026.08.17 11:00,39N050215987000Y,K3SC07000002663,0.0000,0.0000,,,nem
2026.08.17 10:00,2026.08.17 11:00,39N050215990000Q,000000002146000419,0.0000,0.0000,,,nem
2026.08.17 10:00,2026.08.17 11:00,39N050215990000Q,000000002246000261,0.0420,0.0410,,,nem
2026.08.17 10:00,2026.08.17 11:00,39N050215996000X,000000002246000205,0.0000,0.0000,,,nem
2026.08.17 10:00,2026.08.17 11:00,39N050215996000X,000044600000607648,0.0000,0.0000,,,nem
2026.08.17 10:00,2026.08.17 11:00,39N050215996000X,000044600000614795,0.0000,0.0000,,,nem
2026.08.17 10:00,2026.08.17 11:00,39N050216000000O,K3SC08000006643,0.0000,0.0000,,,nem
2026.08.17 10:00,2026.08.17 11:00,39N050216189000Z,K3SC09000000005,0.0000,0.0000,,,nem
2026.08.17 10:00,2026.08.17 11:00,39N050216319000Q,K3SC04000000788,0.0000,0.0000,,,nem
2026.08.17 10:00,2026.08.17 11:00,39N050217344000P,SC06000007846,80.0000,152.6600,,,nem
2026.08.17 10:00,2026.08.17 11:00,39N050217514000T,000000002246000191,7.0770,7.4070,,,nem
2026.08.17 10:00,2026.08.17 11:00,39N050217594000I,K02000017L28855,0.0000,0.0000,,,nem
2026.08.17 10:00,2026.08.17 11:00,39N0502177240009,000006209160519002,4.4000,4.4308,,,nem
2026.08.17 10:00,2026.08.17 11:00,39N0502177240009,000027700001201786,0.0000,0.0000,,,nem
2026.08.17 10:00,2026.08.17 11:00,39N0502177240009,K3SC08000001999,0.0000,0.0000,,,nem
2026.08.17 10:00,2026.08.17 11:00,39N0502177250004,000000002146000444,0.0000,0.0000,,,nem
2026.08.17 10:00,2026.08.17 11:00,39N0502177250004,000053200002511869,0.0000,0.0000,,,nem
2026.08.17 10:00,2026.08.17 11:00,39N050218554000Y,K02202146000431,0.0000,0.0000,,,nem
2026.08.17 10:00,2026.08.17 11:00,39N050218563000X,000000000001084616,0.0000,0.0000,,,nem
2026.08.17 10:00,2026.08.17 11:00,39N050218588000X,K3SC08000009353,0.3000,1.0100,,,nem
2026.08.17 10:00,2026.08.17 11:00,39N050218591000P,000008800043780320,0.0000,0.0000,,,nem
2026.08.17 10:00,2026.08.17 11:00,39N050218591000P,K02202146000387,0.0000,0.0000,,,nem
2026.08.17 10:00,2026.08.17 11:00,39N0502185960000,000045500001090171,0.0000,0.0000,,,nem
2026.08.17 10:00,2026.08.17 11:00,39N0502186000003,000000002246000034,0.0000,0.0000,,,nem
2026.08.17 10:00,2026.08.17 11:00,39N0502186000003,000044500026294967,0.0100,0.0100,,,nem
2026.08.17 10:00,2026.08.17 11:00,39N050218709000P,000000002146000433,0.0000,0.0000,,,nem
2026.08.17 10:00,2026.08.17 11:00,39N050218709000P,000027000005871862,0.0000,0.0000,,,nem
2026.08.17 10:00,2026.08.17 11:00,39N050219101000P,000053100006284304,0.0000,0.0000,,,nem
2026.08.17 10:00,2026.08.17 11:00,39N050219101000P,K11702446102256,0.0000,0.0000,,,nem
2026.08.17 10:00,2026.08.17 11:00,39N050219111000J,000053100006086023,0.1300,0.1302,,,nem
2026.08.17 10:00,2026.08.17 11:00,39N050219111000J,K3SC08000002002,0.0000,0.0000,,,nem
2026.08.17 10:00,2026.08.17 11:00,39N0502191220008,000000002146000405,0.0000,0.0000,,,nem
2026.08.17 10:00,2026.08.17 11:00,39N050219127000K,K02000018L30060,0.0000,0.0000,,,nem
2026.08.17 10:00,2026.08.17 11:00,39N050219144000N,K3SC07000001933,9.7000,9.4200,,,nem
2026.08.17 10:00,2026.08.17 11:00,39N050222615000B,K3SC08000002009,0.0000,0.0000,,,nem
2026.08.17 10:00,2026.08.17 11:00,39N050224132000X,000052600000885006,0.0000,0.0000,,,nem
2026.08.17 10:00,2026.08.17 11:00,39N050225228000V,000052600000887973,0.0000,0.0000,,,nem
2026.08.17 10:00,2026.08.17 11:00,39N050225361000Z,000028700084243212,0.0000,0.0000,,,nem
2026.08.17 10:00,2026.08.17 11:00,39N050225592000Z,K02000018L29674,11.0000,11.0000,,,nem
2026.08.17 10:00,2026.08.17 11:00,39N0502258590003,000053400004078297,0.0000,0.0000,,,nem
2026.08.17 10:00,2026.08.17 11:00,39N0502320940001,000053400002726024,2.4000,2.3477,,,nem
2026.08.17 10:00,2026.08.17 11:00,39N050233268000E,000040300013218204,0.0000,0.0000,,,nem
2026.08.17 10:00,2026.08.17 11:00,39N050233872000X,K3SC09000003822,0.0000,0.0000,,,nem
2026.08.17 10:00,2026.08.17 11:00,39N050235722000H,000000002246000065,0.4390,1.6800,,,nem
2026.08.17 10:00,2026.08.17 11:00,39N050235781000N,000000000000071480,0.0000,0.0000,,,nem
2026.08.17 10:00,2026.08.17 11:00,39N050236245000H,000006209160513005,0.0000,0.0000,,,nem
2026.08.17 10:00,2026.08.17 11:00,39N0502362660000,000027900020508134,3.0000,3.0297,,,nem
2026.08.17 10:00,2026.08.17 11:00,39N0502362660000,000040300011213597,0.0000,0.0000,,,nem
2026.08.17 10:00,2026.08.17 11:00,39N0502477110003,000052700000884957,0.9000,0.8657,,,nem
2026.08.17 10:00,2026.08.17 11:00,39N0502510990003,000019900016977384,8.5000,8.5672,,,nem
2026.08.17 10:00,2026.08.17 11:00,39N050251837000U,000040300007204770,0.0000,0.0000,,,nem
2026.08.17 10:00,2026.08.17 11:00,39N050252043000I,000027100005898029,0.0000,0.0000,,,nem
2026.08.17 10:00,2026.08.17 11:00,39N050252204000N,000006203229509031,0.0000,0.0000,,,nem
2026.08.17 10:00,2026.08.17 11:00,39N050253671000Y,000053400003708027,1.5000,1.5341,,,nem
2026.08.17 10:00,2026.08.17 11:00,39N050254055000N,000028700084243189,0.0000,0.0000,,,nem
2026.08.17 10:00,2026.08.17 11:00,39N0502542550009,000006203403563870,0.4000,0.3918,,,nem
2026.08.17 10:00,2026.08.17 11:00,39N050258835000L,000019900017022057,3.0000,3.0789,,,nem
2026.08.17 10:00,2026.08.17 11:00,39N050261616000F,000027100005848476,1.3000,1.3295,,,nem
2026.08.17 10:00,2026.08.17 11:00,39N050269363000V,000052700000884401,0.0000,0.0000,,,nem
2026.08.17 10:00,2026.08.17 11:00,39N050316475000U,000003300035201642,0.0000,0.0000,,,nem
2026.08.17 10:00,2026.08.17 11:00,39N050316475000U,000027000005848437,1.1000,1.1174,,,nem
2026.08.17 10:00,2026.08.17 11:00,39N0503424040008,000027100005870727,0.1000,0.0978,,,nem
2026.08.17 10:00,2026.08.17 11:00,39N0503439790009,000029200020502760,0.1000,0.0980,,,nem
2026.08.17 10:00,2026.08.17 11:00,39N050369436000H,000052700000889661,0.0000,0.0000,,,nem
2026.08.17 10:00,2026.08.17 11:00,39N050373639000R,000040300006202862,0.9000,0.9142,,,igen
2026.08.17 10:00,2026.08.17 11:00,39N050373666000O,000052700000887369,0.0000,0.0000,,,nem
2026.08.17 10:00,2026.08.17 11:00,39N050377940000D,000053400002719761,1.3000,1.2724,,,nem
2026.08.17 10:00,2026.08.17 11:00,39N050381165000Y,000000002246000284,3.0000,2.9270,,,nem
2026.08.17 10:00,2026.08.17 11:00,39N050385675000Z,000040400009210687,0.0000,0.0000,,,nem
2026.08.17 10:00,2026.08.17 11:00,39N050405255000Q,000029200020519053,0.0000,0.0000,,,nem
2026.08.17 10:00,2026.08.17 11:00,39N050414007000M,000029900020520529,0.0000,0.0000,,,nem
2026.08.17 10:00,2026.08.17 11:00,39N050414007000M,000040300011213341,0.0000,0.0000,,,nem
2026.08.17 10:00,2026.08.17 11:00,39N050415384000Y,000000002146000548,0.0000,0.0000,,,nem
2026.08.17 10:00,2026.08.17 11:00,39N050415384000Y,000053100004423834,0.0000,0.0000,,,nem
2026.08.17 10:00,2026.08.17 11:00,39N0504237770004,000028400084243416,0.0000,0.0000,,,nem
2026.08.17 10:00,2026.08.17 11:00,39N050433181000O,000000002246000180,0.0000,0.0000,,,nem
2026.08.17 10:00,2026.08.17 11:00,39N050445873000K,000053400002725979,0.0000,0.0000,,,nem
2026.08.17 10:00,2026.08.17 11:00,39N050450493000U,K3SCC0400000594,0.0000,0.0000,,,nem
2026.08.17 10:00,2026.08.17 11:00,39N0504550620004,000052600000887704,3.4000,3.3289,,,nem
2026.08.17 10:00,2026.08.17 11:00,39N050458746000Y,000027100005870754,0.0000,0.0000,,,nem
2026.08.17 10:00,2026.08.17 11:00,39N050458746000Y,000053300004228243,0.4000,0.3918,,,nem
2026.08.17 10:00,2026.08.17 11:00,39N050458746000Y,000053300006548960,0.0000,0.0000,,,nem
2026.08.17 10:00,2026.08.17 11:00,39N0504648650006,000052600000887402,0.0000,0.0000,,,nem
2026.08.17 10:00,2026.08.17 11:00,39N050471715000L,000029200020517911,0.0000,0.0000,,,nem
2026.08.17 10:00,2026.08.17 11:00,39N050483780000G,000027100005870759,0.0000,0.0000,,,nem
2026.08.17 10:00,2026.08.17 11:00,39N050484438000J,000052600000889209,0.4000,0.3913,,,nem
2026.08.17 10:00,2026.08.17 11:00,39N050485100000G,000040400014219743,0.0000,0.0000,,,nem
2026.08.17 10:00,2026.08.17 11:00,39N0504864890005,000053400003287118,0.0000,0.0000,,,nem
2026.08.17 10:00,2026.08.17 11:00,39N050510259000R,000027100005848322,0.0000,0.0000,,,nem
2026.08.17 10:00,2026.08.17 11:00,39N050515515000A,000052700000885935,0.0000,0.0000,,,nem
2026.08.17 10:00,2026.08.17 11:00,39N0505226180003,000011100000109610,1.6000,1.5672,,,nem
2026.08.17 10:00,2026.08.17 11:00,39N0505384670009,000027100005848294,0.0000,0.0000,,,nem
2026.08.17 10:00,2026.08.17 11:00,39N0505387730002,000052600000900177,2.2000,2.1549,,,nem
2026.08.17 10:00,2026.08.17 11:00,39N050548215000H,000053400002719801,0.0000,0.0000,,,nem
2026.08.17 10:00,2026.08.17 11:00,39N050548840000J,K3SC09000000010,5.2000,19.1400,,,nem
2026.08.17 10:00,2026.08.17 11:00,39N050552094000R,000029900020521702,0.0000,0.0000,,,nem
2026.08.17 10:00,2026.08.17 11:00,39N050553222000K,K3SC08000003475,1.0000,3.7900,,,nem
2026.08.17 10:00,2026.08.17 11:00,39N050553661000A,000034800000061526,0.0000,0.0000,,,nem
2026.08.17 10:00,2026.08.17 11:00,39N0505752100002,000052600000887553,0.0000,0.0000,,,nem
2026.08.17 10:00,2026.08.17 11:00,39N050576124000C,000034800000546505,6.0000,6.0924,,,nem
2026.08.17 10:00,2026.08.17 11:00,39N0505779810001,000006202897801013,6.8000,6.6518,,,nem
2026.08.17 10:00,2026.08.17 11:00,39N050583139000X,000053300004078348,0.0000,0.0000,,,nem
2026.08.17 10:00,2026.08.17 11:00,39N0505847100003,000053400002726046,0.0000,0.0000,,,nem
2026.08.17 10:00,2026.08.17 11:00,39N0505992060002,000053400003708023,3.9000,3.8150,,,nem
2026.08.17 10:00,2026.08.17 11:00,39N050603076000J,000051303403563786,0.4000,0.3913,,,nem
2026.08.17 10:00,2026.08.17 11:00,39N050607494000V,000038200077141480,0.0000,0.0000,,,nem
2026.08.17 10:00,2026.08.17 11:00,39N0506230230009,000053400003707928,0.7000,0.6847,,,nem
2026.08.17 10:00,2026.08.17 11:00,39N050626352000P,000034800000072507,10.9000,10.6624,,,nem
2026.08.17 10:00,2026.08.17 11:00,39N050626352000P,000053300002318656,0.8000,0.7826,,,nem
2026.08.17 10:00,2026.08.17 11:00,39N050627784000Z,000001300013013134,0.0000,0.0000,,,nem
2026.08.17 10:00,2026.08.17 11:00,39N050627784000Z,K3SC03402019428,0.0000,0.0000,,,nem
2026.08.17 10:00,2026.08.17 11:00,39N050635744000T,000051303403398549,1.2500,1.2693,,,nem
2026.08.17 10:00,2026.08.17 11:00,39N050636182000C,000040300014219987,0.0000,0.0000,,,nem
2026.08.17 10:00,2026.08.17 11:00,39N050636182000C,000053200006188793,0.0000,0.0000,,,nem
2026.08.17 10:00,2026.08.17 11:00,39N050636182000C,000053300004228213,0.0000,0.0000,,,nem
2026.08.17 10:00,2026.08.17 11:00,39N050642904000H,000053400002719822,3.8000,3.8448,,,nem
2026.08.17 10:00,2026.08.17 11:00,39N0506488920006,000038200077159774,0.8000,0.8094,,,igen
2026.08.17 10:00,2026.08.17 11:00,39N050655561000S,000027000005848448,0.0000,0.0000,,,nem
2026.08.17 10:00,2026.08.17 11:00,39N050655561000S,000027000005950344,0.0000,0.0000,,,nem
2026.08.17 10:00,2026.08.17 11:00,39N050655561000S,000040200008208469,0.0000,0.0000,,,nem
2026.08.17 10:00,2026.08.17 11:00,39N050673657000W,000029900020524037,0.2000,0.1956,,,igen
2026.08.17 10:00,2026.08.17 11:00,39N050690260000L,000051303403663324,3.2000,3.1344,,,nem
2026.08.17 10:00,2026.08.17 11:00,39N050708788000F,000027000005921259,3.6000,3.4942,,,nem
2026.08.17 10:00,2026.08.17 11:00,39N050720770000X,000040400012214791,0.0000,0.0000,,,nem
2026.08.17 10:00,2026.08.17 11:00,39N050740233000M,000052700000900251,0.0000,0.0000,,,nem
2026.08.17 10:00,2026.08.17 11:00,39N050744134000T,000052600000888120,6.4000,6.2605,,,nem
2026.08.17 10:00,2026.08.17 11:00,39N0507451030007,000000002246000087,0.0000,0.0000,,,nem
2026.08.17 10:00,2026.08.17 11:00,39N0507495580003,000000002246000226,0.0000,0.0000,,,nem
2026.08.17 10:00,2026.08.17 11:00,39N050750365000F,000044500028323170,0.0100,0.0102,,,nem
2026.08.17 10:00,2026.08.17 11:00,39N050750365000F,K3SC08000011520,0.0000,0.0000,,,nem
2026.08.17 10:00,2026.08.17 11:00,39N050750873000L,K02000018L29990,0.0000,0.0000,,,nem
2026.08.17 10:00,2026.08.17 11:00,39N050753398000W,000008800043780262,0.1900,0.1930,,,nem
2026.08.17 10:00,2026.08.17 11:00,39N050753398000W,000027000005848440,0.0000,0.0000,,,nem
2026.08.17 10:00,2026.08.17 11:00,39N050753398000W,000027000005950363,0.0000,0.0000,,,nem
2026.08.17 10:00,2026.08.17 11:00,39N050753398000W,000028700084243194,0.4000,0.3918,,,nem
2026.08.17 10:00,2026.08.17 11:00,39N050753839000S,000040300014219478,0.0000,0.0000,,,nem
2026.08.17 10:00,2026.08.17 11:00,39N050753876000J,000027000005848396,0.0000,0.0000,,,nem
2026.08.17 10:00,2026.08.17 11:00,39N050753876000J,000051303403563777,0.0000,0.0000,,,nem
2026.08.17 10:00,2026.08.17 11:00,39N050753876000J,000053300002728766,0.0000,0.0000,,,nem
2026.08.17 10:00,2026.08.17 11:00,39N050754012000C,K3SC03402019415,0.0000,0.0000,,,nem
2026.08.17 10:00,2026.08.17 11:00,39N050754015000Y,000027100005870748,0.0000,0.0000,,,nem
2026.08.17 10:00,2026.08.17 11:00,39N050754015000Y,K3SC03400984912,0.0000,0.0000,,,nem
2026.08.17 10:00,2026.08.17 11:00,39N050754578000M,000027100005848567,3.6000,3.6569,,,nem
2026.08.17 10:00,2026.08.17 11:00,39N050754578000M,000053300004228283,0.0000,0.0000,,,nem
2026.08.17 10:00,2026.08.17 11:00,39N050754578000M,000053400003290776,0.0000,0.0000,,,nem
2026.08.17 10:00,2026.08.17 11:00,39N050754716000H,000040300006200780,0.0000,0.0000,,,nem
2026.08.17 10:00,2026.08.17 11:00,39N050754716000H,K3SC04000000943,0.0000,0.0000,,,nem
2026.08.17 10:00,2026.08.17 11:00,39N050755929000B,SC07000007591,0.0000,0.0000,,,nem
2026.08.17 10:00,2026.08.17 11:00,39N050755997000G,000000002246000049,3.3630,3.2570,,,nem
2026.08.17 10:00,2026.08.17 11:00,39N050755997000G,000003500035198891,0.1000,0.0980,,,nem
2026.08.17 10:00,2026.08.17 11:00,39N0507569640004,000029200020511689,0.0000,0.0000,,,nem
2026.08.17 10:00,2026.08.17 11:00,39N050756996000D,K3SC08000006659,0.0000,0.0000,,,nem
2026.08.17 10:00,2026.08.17 11:00,39N050757163000K,K3SC08000005254,0.0000,0.0000,,,nem
2026.08.17 10:00,2026.08.17 11:00,39N050757415000J,000053400003290785,0.1000,0.1050,,,nem
2026.08.17 10:00,2026.08.17 11:00,39N050757415000J,K3SC09000000237,0.0000,0.0000,,,nem
2026.08.17 10:00,2026.08.17 11:00,39N050757439000O,000001300013505669,0.0000,0.0000,,,nem
2026.08.17 10:00,2026.08.17 11:00,39N050757439000O,000040300012216291,0.0000,0.0000,,,nem
2026.08.17 10:00,2026.08.17 11:00,39N050757439000O,000044500037979231,0.0000,0.0000,,,nem
2026.08.17 10:00,2026.08.17 11:00,39N050757439000O,K3SC08000002229,0.0000,0.0000,,,nem
2026.08.17 10:00,2026.08.17 11:00,39N050757450000K,000053400002719733,5.0000,5.9680,,,nem
2026.08.17 10:00,2026.08.17 11:00,39N050757450000K,K3SC03401169913,0.0000,0.0000,,,nem
2026.08.17 10:00,2026.08.17 11:00,39N050757472000Z,000000002246000059,0.0000,0.0000,,,nem
2026.08.17 10:00,2026.08.17 11:00,39N050757472000Z,000053400002719783,0.1000,0.0980,,,nem
2026.08.17 10:00,2026.08.17 11:00,39N050758923000H,000027900020522241,2.0000,1.9590,,,nem
2026.08.17 10:00,2026.08.17 11:00,39N050759606000R,K02202146000564,0.0000,0.0000,,,nem
2026.08.17 10:00,2026.08.17 11:00,39N0507599930004,000002800024149874,0.0000,0.0000,,,nem
2026.08.17 10:00,2026.08.17 11:00,39N0507599930004,SC07000001919,0.0000,0.0000,,,nem
2026.08.17 10:00,2026.08.17 11:00,39N050760458000R,000000002246000162,0.0000,0.0000,,,nem
2026.08.17 10:00,2026.08.17 11:00,39N050760458000R,000001300016230255,0.0100,0.0102,,,nem
2026.08.17 10:00,2026.08.17 11:00,39N050760709000V,K3SC03401061094,10.2000,68.4300,,,nem
2026.08.17 10:00,2026.08.17 11:00,39N050762038000E,K02202246000183,0.0000,0.0000,,,nem
2026.08.17 10:00,2026.08.17 11:00,39N050762094000Z,000033300005960005,0.0000,0.0000,,,nem
2026.08.17 10:00,2026.08.17 11:00,39N050762094000Z,K3SC03400723975,0.0000,0.0000,,,nem
2026.08.17 10:00,2026.08.17 11:00,39N050764763000U,000012000075117793,0.0000,0.0000,,,nem
2026.08.17 10:00,2026.08.17 11:00,39N050764763000U,000053100006730746,0.0000,0.0000,,,nem
2026.08.17 10:00,2026.08.17 11:00,39N050764763000U,K3SC09000000002,0.0000,0.0000,,,nem
2026.08.17 10:00,2026.08.17 11:00,39N050764779000V,000052100004064528,0.0000,0.0000,,,nem
2026.08.17 10:00,2026.08.17 11:00,39N050764779000V,K3SC03402019421,0.0000,0.0000,,,nem
2026.08.17 10:00,2026.08.17 11:00,39N050765037000W,K02000017L29370,0.0000,0.0000,,,nem
2026.08.17 10:00,2026.08.17 11:00,39N0507679070008,000000002146000466,0.0000,0.0000,,,nem
2026.08.17 10:00,2026.08.17 11:00,39N0507679070008,000040300007204577,0.0000,0.0000,,,nem
2026.08.17 10:00,2026.08.17 11:00,39N0507679070008,000040300014219638,0.0000,0.0000,,,nem
2026.08.17 10:00,2026.08.17 11:00,39N0507679070008,000053100004211708,0.0000,0.0000,,,nem
2026.08.17 10:00,2026.08.17 11:00,39N0507679070008,000053300004078695,0.0000,0.0000,,,nem
2026.08.17 10:00,2026.08.17 11:00,39N0507679070008,SC07000001932,0.0000,0.0000,,,nem
2026.08.17 10:00,2026.08.17 11:00,39N0507693140006,000000002246000115,0.0000,0.0000,,,nem
2026.08.17 10:00,2026.08.17 11:00,39N0507705100001,000029900020514285,0.0000,0.0000,,,nem
2026.08.17 10:00,2026.08.17 11:00,39N0507705100001,000051303403563760,0.0000,0.0000,,,nem
2026.08.17 10:00,2026.08.17 11:00,39N0507705100001,000052700000899611,0.0000,0.0000,,,nem
2026.08.17 10:00,2026.08.17 11:00,39N0507705100001,K3SC07000001924,0.0000,0.0000,,,nem
2026.08.17 10:00,2026.08.17 11:00,39N050771852000C,K3SC07000001832,0.0000,0.0000,,,nem
2026.08.17 10:00,2026.08.17 11:00,39N0507730720003,000053300004228387,0.0000,0.0000,,,nem
2026.08.17 10:00,2026.08.17 11:00,39N050773615000J,K3SC34000505359,0.0000,0.0000,,,nem
2026.08.17 10:00,2026.08.17 11:00,39N050773622000S,000053300004228493,0.0000,0.0000,,,nem
2026.08.17 10:00,2026.08.17 11:00,39N050773622000S,K3SC09000000250,0.0000,0.0000,,,nem
2026.08.17 10:00,2026.08.17 11:00,39N050773882000F,K3SC03402019413,0.0000,0.0000,,,nem
2026.08.17 10:00,2026.08.17 11:00,39N0507741940003,K02000018L29724,0.0000,0.0000,,,nem
2026.08.17 10:00,2026.08.17 11:00,39N050774244000Q,000044700031395811,1.2700,1.2896,,,nem
2026.08.17 10:00,2026.08.17 11:00,39N050774244000Q,K3SC03400699635,11.5000,43.3800,,,nem
2026.08.17 10:00,2026.08.17 11:00,39N0507742750003,000027900020519928,0.0000,0.0000,,,nem
2026.08.17 10:00,2026.08.17 11:00,39N050775645000M,000008800045007665,0.0000,0.0000,,,nem
2026.08.17 10:00,2026.08.17 11:00,39N050775645000M,000027900020502769,0.0000,0.0000,,,nem
2026.08.17 10:00,2026.08.17 11:00,39N050776264000Z,000027100005870779,1.3000,1.2717,,,nem
2026.08.17 10:00,2026.08.17 11:00,39N050776439000E,000001300023106173,0.0000,0.0000,,,nem
2026.08.17 10:00,2026.08.17 11:00,39N050776439000E,SC07000006370,0.0000,0.0000,,,nem
2026.08.17 10:00,2026.08.17 11:00,39N050776462000V,K02000017L29063,0.0000,0.0000,,,nem
2026.08.17 10:00,2026.08.17 11:00,39N0507772080006,000000002246000073,0.0000,0.0000,,,nem
2026.08.17 10:00,2026.08.17 11:00,39N050777442000Z,000002600043780817,0.0000,0.0000,,,nem
2026.08.17 10:00,2026.08.17 11:00,39N050777442000Z,K02000017L29055,1.0000,1.0000,,,nem
2026.08.17 10:00,2026.08.17 11:00,39N050777442000Z,K02202146000484,0.0000,0.0000,,,nem
2026.08.17 10:00,2026.08.17 11:00,39N050777482000B,000000002246000043,0.0000,0.0000,,,nem
2026.08.17 10:00,2026.08.17 11:00,39N050792697000P,000027000005848410,0.0000,0.0000,,,nem
2026.08.17 10:00,2026.08.17 11:00,39N050793035000V,000035500084243061,1.8000,1.8284,,,nem
2026.08.17 10:00,2026.08.17 11:00,39N050793035000V,000035500084243063,1.0000,1.0158,,,nem
2026.08.17 10:00,2026.08.17 11:00,39N0507981050002,000029200020524061,0.0000,0.0000,,,nem
2026.08.17 10:00,2026.08.17 11:00,39N050813036000E,000027100005897973,1.1000,1.0767,,,nem
2026.08.17 10:00,2026.08.17 11:00,39N050814444000J,000053300003306760,0.0000,0.0000,,,nem
2026.08.17 10:00,2026.08.17 11:00,39N050816644000Q,000052600000899462,4.0000,3.9128,,,nem
2026.08.17 10:00,2026.08.17 11:00,39N0508179760006,SC10000001096,1.1900,4.0700,,,nem
2026.08.17 10:00,2026.08.17 11:00,39N050818676000J,000040400014219207,0.0000,0.0000,,,nem
2026.08.17 10:00,2026.08.17 11:00,39N050820134000W,000053100004211197,0.0100,0.0102,,,nem
2026.08.17 10:00,2026.08.17 11:00,39N050820134000W,K3SC03402019414,0.0000,0.0000,,,nem
2026.08.17 10:00,2026.08.17 11:00,39N050820458000G,000052700000885406,10.0000,10.3580,,,nem
2026.08.17 10:00,2026.08.17 11:00,39N050822345000S,000052600000884385,1.0000,0.9619,,,nem
2026.08.17 10:00,2026.08.17 11:00,39N0508227020002,K3SC03401147239,0.0000,0.0000,,,nem
2026.08.17 10:00,2026.08.17 11:00,39N050831052000K,K3SC03401169907,0.0000,0.0000,,,nem
2026.08.17 10:00,2026.08.17 11:00,39N050831052000K,K3SC07000006344,0.0000,0.0000,,,nem
2026.08.17 10:00,2026.08.17 11:00,39N050831214000K,K3SC08000001061,0.0000,0.0000,,,nem
2026.08.17 10:00,2026.08.17 11:00,39N050831732000K,000000002246000171,0.0000,0.0000,,,nem
2026.08.17 10:00,2026.08.17 11:00,39N050831732000K,000000002246000297,0.0000,0.0000,,,nem
2026.08.17 10:00,2026.08.17 11:00,39N050832564000Z,K3SC08000002241,0.0000,0.0000,,,nem
2026.08.17 10:00,2026.08.17 11:00,39N050833827000F,K3SC03400699729,0.0000,0.0000,,,nem
2026.08.17 10:00,2026.08.17 11:00,39N050836149000I,K3SC03401414828,0.0000,0.0000,,,nem
2026.08.17 10:00,2026.08.17 11:00,39N050836830000K,000000003403233014,0.0000,0.0000,,,nem
2026.08.17 10:00,2026.08.17 11:00,39N050836979000I,000053400003290796,0.0000,0.0000,,,nem
2026.08.17 10:00,2026.08.17 11:00,39N0508398450002,K3SC08000002237,0.0000,0.0000,,,nem
2026.08.17 10:00,2026.08.17 11:00,39N050841968000N,SC11000000589,0.0000,0.0000,,,nem
2026.08.17 10:00,2026.08.17 11:00,39N050843706000U,000053300004078513,0.0000,0.0000,,,nem
2026.08.17 10:00,2026.08.17 11:00,39N050844930000K,000052600000914889,0.1000,0.0980,,,nem
2026.08.17 10:00,2026.08.17 11:00,39N050847541000D,K3SC09000000240,0.0000,0.0000,,,nem
2026.08.17 10:00,2026.08.17 11:00,39N050847787000J,000034800000031563,0.0000,0.0000,,,nem
2026.08.17 10:00,2026.08.17 11:00,39N0508480240000,000052700000909509,0.0000,0.0000,,,nem
2026.08.17 10:00,2026.08.17 11:00,39N050848355000U,000040300012215942,0.0000,0.0000,,,nem
2026.08.17 10:00,2026.08.17 11:00,39N0508490730004,000051303403563818,17.5000,17.1290,,,nem
2026.08.17 10:00,2026.08.17 11:00,39N050849323000D,K3SC04000000054,1.8000,6.8800,,,nem
2026.08.17 10:00,2026.08.17 11:00,39N050851794000U,K3SC07000006360,0.0000,0.0000,,,nem
2026.08.17 10:00,2026.08.17 11:00,39N050861247000Y,K3SC09000003821,2.3000,7.7900,,,nem
2026.08.17 10:00,2026.08.17 11:00,39N050866001000P,000000002246000036,0.0000,0.0000,,,nem
2026.08.17 10:00,2026.08.17 11:00,39N050875710000B,K3SC11000000578,0.0000,0.0000,,,nem
2026.08.17 10:00,2026.08.17 11:00,39N0508759240008,K3SC03401061101,0.0000,0.0000,,,nem
2026.08.17 10:00,2026.08.17 11:00,39N0508788210006,000053300004078461,0.0000,0.0000,,,nem
2026.08.17 10:00,2026.08.17 11:00,39N050879364000V,K02000016L28058,0.0000,0.0000,,,nem
2026.08.17 10:00,2026.08.17 11:00,39N0508813320003,000029900020519902,0.0000,0.0000,,,nem
2026.08.17 10:00,2026.08.17 11:00,39N050882973000Z,000040300009900172,0.0000,0.0000,,,nem
2026.08.17 10:00,2026.08.17 11:00,39N050890535000A,000000002146000441,0.0000,0.0000,,,nem
2026.08.17 10:00,2026.08.17 11:00,39N0508949570002,000027100005897971,0.0000,0.0000,,,nem
2026.08.17 10:00,2026.08.17 11:00,39N050896400000C,K3SC03400574253,0.0000,0.0000,,,nem
2026.08.17 10:00,2026.08.17 11:00,39N050896796000I,000027700001184418,0.0000,0.0000,,,nem
2026.08.17 10:00,2026.08.17 11:00,39N050898846000P,K3SC03400699737,0.0000,0.0000,,,nem
2026.08.17 10:00,2026.08.17 11:00,39N050913091000U,000027100005848490,0.5000,0.5049,,,nem
2026.08.17 10:00,2026.08.17 11:00,39N050915973000R,K3SC08000002025,0.0000,0.0000,,,nem
2026.08.17 10:00,2026.08.17 11:00,39N050916593000Z,K3SC03401169915,95.1000,354.7800,,,nem
2026.08.17 11:00,2026.08.17 12:00,39N0500091210005,000038200077158060,0.0000,0.0000,,,nem
2026.08.17 11:00,2026.08.17 12:00,39N050022609000H,000053300003307178,0.1000,0.1012,,,nem
2026.08.17 11:00,2026.08.17 12:00,39N050029731000D,000052600000914866,0.0000,0.0000,,,nem
2026.08.17 11:00,2026.08.17 12:00,39N050031988000Q,000052600000899454,0.0000,0.0000,,,nem
2026.08.17 11:00,2026.08.17 12:00,39N050032468000S,000052700000899362,0.0000,0.0000,,,nem
2026.08.17 11:00,2026.08.17 12:00,39N050033836000K,000027100005848245,0.0000,0.0000,,,nem
2026.08.17 11:00,2026.08.17 12:00,39N050034412000Z,000002600043780756,0.0000,0.0000,,,nem
2026.08.17 11:00,2026.08.17 12:00,39N050034412000Z,000052700000885403,4.1000,4.0131,,,nem
2026.08.17 11:00,2026.08.17 12:00,39N0500344350008,000046700000888615,0.0000,0.0000,,,nem
2026.08.17 11:00,2026.08.17 12:00,39N050034459000D,000040400014219775,0.0000,0.0000,,,nem
2026.08.17 11:00,2026.08.17 12:00,39N050042294000Z,000040400008209973,0.0000,0.0000,,,nem
2026.08.17 11:00,2026.08.17 12:00,39N050044030000F,000027000035197562,0.4000,0.4063,,,nem
2026.08.17 11:00,2026.08.17 12:00,39N050052498000T,SC05000004104,0.0000,0.0000,,,nem
2026.08.17 11:00,2026.08.17 12:00,39N050053842000G,K3SC03401169905,0.0000,0.0000,,,nem
2026.08.17 11:00,2026.08.17 12:00,39N0500617550009,000044500034101914,0.0000,0.0000,,,nem
2026.08.17 11:00,2026.08.17 12:00,39N0500617550009,K3SC03400699700,0.0000,0.0000,,,nem
2026.08.17 11:00,2026.08.17 12:00,39N050066949000F,000053400003290721,0.0000,0.0000,,,nem
2026.08.17 11:00,2026.08.17 12:00,39N050068660000G,000035500084243026,0.1000,0.1007,,,nem
2026.08.17 11:00,2026.08.17 12:00,39N050068660000G,000035500084243027,0.1000,0.1007,,,nem
2026.08.17 11:00,2026.08.17 12:00,39N050071512000G,000051303403398537,0.0000,0.0000,,,nem
2026.08.17 11:00,2026.08.17 12:00,39N050073737000N,000040400006201455,0.0000,0.0000,,,nem
2026.08.17 11:00,2026.08.17 12:00,39N050073762000U,000053400004078277,2.2000,2.2154,,,nem
2026.08.17 11:00,2026.08.17 12:00,39N050075194000S,000029200020524049,18.3000,18.6386,,,nem
2026.08.17 11:00,2026.08.17 12:00,39N0500755940000,000027000005950284,0.0000,0.0000,,,nem
2026.08.17 11:00,2026.08.17 12:00,39N0500755940000,000052600000886571,0.0000,0.0000,,,nem
2026.08.17 11:00,2026.08.17 12:00,39N050076850000F,000006201754704050,6.5000,6.3973,,,nem
2026.08.17 11:00,2026.08.17 12:00,39N050076850000F,000040300006201137,0.5000,0.4898,,,nem
2026.08.17 11:00,2026.08.17 12:00,39N050081322000F,000053400003290798,14.3000,14.4001,,,nem
2026.08.17 11:00,2026.08.17 12:00,39N050083908000D,000006202897801002,0.0000,0.0000,,,nem
2026.08.17 11:00,2026.08.17 12:00,39N050083908000D,000040300011213334,0.0000,0.0000,,,nem
2026.08.17 11:00,2026.08.17 12:00,39N050089206000O,000006203403563919,2.3000,2.3156,,,nem
2026.08.17 11:00,2026.08.17 12:00,39N050089206000O,000028700084091487,0.0000,0.0000,,,nem
2026.08.17 11:00,2026.08.17 12:00,39N050089342000D,000015608267713002,0.0000,0.0000,,,nem
2026.08.17 11:00,2026.08.17 12:00,39N050094459000X,000040400006201425,0.0000,0.0000,,,nem
2026.08.17 11:00,2026.08.17 12:00,39N050094490000H,000027100005894204,4.2000,4.0568,,,nem
2026.08.17 11:00,2026.08.17 12:00,39N050106941000P,000027100005848507,0.3000,0.2898,,,nem
2026.08.17 11:00,2026.08.17 12:00,39N0501191590002,000029200020517908,0.0000,0.0000,,,nem
2026.08.17 11:00,2026.08.17 12:00,39N050132558000H,000040400007204469,2.2000,2.1534,,,nem
2026.08.17 11:00,2026.08.17 12:00,39N050137387000F,000052600000900202,8.4000,8.2219,,,nem
2026.08.17 11:00,2026.08.17 12:00,39N050145410000I,000027100005848241,0.8000,0.7830,,,nem
2026.08.17 11:00,2026.08.17 12:00,39N050146207000W,000052700000899364,1.1000,1.1174,,,nem
2026.08.17 11:00,2026.08.17 12:00,39N050153206000F,K3SC06000007800,0.0000,0.0000,,,nem
2026.08.17 11:00,2026.08.17 12:00,39N0501601470008,000040300008206765,0.0000,0.0000,,,igen
2026.08.17 11:00,2026.08.17 12:00,39N0501601470008,000040300014219822,0.0000,0.0000,,,igen
2026.08.17 11:00,2026.08.17 12:00,39N050160341000O,000052700000899034,0.0000,0.0000,,,nem
2026.08.17 11:00,2026.08.17 12:00,39N0501618590009,000053400002726045,12.2000,11.9414,,,nem
2026.08.17 11:00,2026.08.17 12:00,39N050168020000Z,L01A625,4.0000,3.9836,,,nem
2026.08.17 11:00,2026.08.17 12:00,39N050176728000R,000040300012214339,0.0000,0.0000,,,nem
2026.08.17 11:00,2026.08.17 12:00,39N050176728000R,000053300003348438,0.0000,0.0000,,,nem
2026.08.17 11:00,2026.08.17 12:00,39N050177032000I,000053400003290719,0.0000,0.0000,,,nem
2026.08.17 11:00,2026.08.17 12:00,39N0501770340008,000053400002725990,0.0000,0.0000,,,nem
2026.08.17 11:00,2026.08.17 12:00,39N050180150000J,000000002246000217,0.8840,0.8670,,,nem
2026.08.17 11:00,2026.08.17 12:00,39N050197735000A,000053400003290744,0.0000,0.0000,,,nem
2026.08.17 11:00,2026.08.17 12:00,39N0502000520004,000029900020519904,22.1000,23.7686,,,nem
2026.08.17 11:00,2026.08.17 12:00,39N0502000520004,000053400003290731,3.6000,3.4438,,,nem
2026.08.17 11:00,2026.08.17 12:00,39N050207087000G,000033300005960021,0.5000,0.5035,,,nem
2026.08.17 11:00,2026.08.17 12:00,39N050207887000Y,000011100000109615,0.0000,0.0000,,,nem
2026.08.17 11:00,2026.08.17 12:00,39N050208125000A,000028700084091484,0.0000,0.0000,,,nem
2026.08.17 11:00,2026.08.17 12:00,39N050208128000W,000052600000896583,0.0000,0.0000,,,nem
2026.08.17 11:00,2026.08.17 12:00,39N050208164000S,000000002246000198,6.0000,6.2290,,,nem
2026.08.17 11:00,2026.08.17 12:00,39N050209187000U,000027000005926405,0.0000,0.0000,,,nem
2026.08.17 11:00,2026.08.17 12:00,39N0502109170005,000053400003708002,0.0000,0.0000,,,nem
2026.08.17 11:00,2026.08.17 12:00,39N0502109620000,000027100005894243,0.1000,0.1007,,,nem
2026.08.17 11:00,2026.08.17 12:00,39N050212788000U,000053600000897292,0.0000,0.0000,,,nem
2026.08.17 11:00,2026.08.17 12:00,39N050213910000G,000027100005898038,0.0000,0.0000,,,nem
2026.08.17 11:00,2026.08.17 12:00,39N050214190000G,K3SC03400699752,0.9800,3.4300,,,nem
2026.08.17 11:00,2026.08.17 12:00,39N050214638000E,K02000017L28861,0.0000,0.0000,,,nem
2026.08.17 11:00,2026.08.17 12:00,39N050214647000D,K3SC06000003455,0.0000,0.0000,,,nem
2026.08.17 11:00,2026.08.17 12:00,39N050214652000W,000008800043449669,1.8700,1.8831,,,nem
2026.08.17 11:00,2026.08.17 12:00,39N050214652000W,000027000005894200,0.0000,0.0000,,,nem
2026.08.17 11:00,2026.08.17 12:00,39N050214652000W,K3SC08000002012,0.0000,0.0000,,,nem
2026.08.17 11:00,2026.08.17 12:00,39N050214655000H,K3SC09000000230,0.0000,0.0000,,,nem
2026.08.17 11:00,2026.08.17 12:00,39N050214668000X,000000002246000235,0.0000,0.0000,,,nem
2026.08.17 11:00,2026.08.17 12:00,39N050214674000A,K3SC07000007598,0.0000,0.0000,,,nem
2026.08.17 11:00,2026.08.17 12:00,39N050214697000K,K3SC07000006334,0.0000,0.0000,,,nem
2026.08.17 11:00,2026.08.17 12:00,39N050214912000Z,K3SC07000001923,0.0000,0.0000,,,nem
2026.08.17 11:00,2026.08.17 12:00,39N050214941000M,EP07883,0.0000,0.0000,,,nem
2026.08.17 11:00,2026.08.17 12:00,39N050215930000P,K3SC06000002907,0.0000,0.0000,,,nem
2026.08.17 11:00,2026.08.17 12:00,39N050215938000M,K02000017L29066,0.0000,0.0000,,,nem
2026.08.17 11:00,2026.08.17 12:00,39N0502159430004,K3SC07000001954,0.0000,0.0000,,,nem
2026.08.17 11:00,2026.08.17 12:00,39N050215958000A,000000002246000117,0.0000,0.0000,,,nem
2026.08.17 11:00,2026.08.17 12:00,39N050215958000A,K02000017L29366,0.0000,0.0000,,,nem
2026.08.17 11:00,2026.08.17 12:00,39N050215987000Y,000040300012214341,0.0000,0.0000,,,nem
2026.08.17 11:00,2026.08.17 12:00,39N050215987000Y,K3SC04000000062,0.0000,0.0000,,,nem
2026.08.17 11:00,2026.08.17 12:00,39N050215987000Y,K3SC07000002663,0.0000,0.0000,,,nem
2026.08.17 11:00,2026.08.17 12:00,39N050215990000Q,000000002146000419,0.0000,0.0000,,,nem
2026.08.17 11:00,2026.08.17 12:00,39N050215990000Q,000000002246000261,0.0060,0.0060,,,nem
2026.08.17 11:00,2026.08.17 12:00,39N050215996000X,000000002246000205,0.0000,0.0000,,,nem
2026.08.17 11:00,2026.08.17 12:00,39N050215996000X,000044600000607648,0.0000,0.0000,,,nem
2026.08.17 11:00,2026.08.17 12:00,39N050215996000X,000044600000614795,0.0000,0.0000,,,nem
2026.08.17 11:00,2026.08.17 12:00,39N050216000000O,K3SC08000006643,0.0000,0.0000,,,nem
2026.08.17 11:00,2026.08.17 12:00,39N050216189000Z,K3SC09000000005,0.0000,0.0000,,,nem
2026.08.17 11:00,2026.08.17 12:00,39N050216319000Q,K3SC04000000788,0.0000,0.0000,,,nem
2026.08.17 11:00,2026.08.17 12:00,39N050217344000P,SC06000007846,63.0000,119.7900,,,nem
2026.08.17 11:00,2026.08.17 12:00,39N050217514000T,000000002246000191,4.2490,4.4350,,,nem
2026.08.17 11:00,2026.08.17 12:00,39N050217594000I,K02000017L28855,0.0000,0.0000,,,nem
2026.08.17 11:00,2026.08.17 12:00,39N0502177240009,000006209160519002,2.9000,2.9203,,,nem
2026.08.17 11:00,2026.08.17 12:00,39N0502177240009,000027700001201786,0.0000,0.0000,,,nem
2026.08.17 11:00,2026.08.17 12:00,39N0502177240009,K3SC08000001999,0.0000,0.0000,,,nem
2026.08.17 11:00,2026.08.17 12:00,39N0502177250004,000000002146000444,0.0000,0.0000,,,nem
2026.08.17 11:00,2026.08.17 12:00,39N0502177250004,000053200002511869,0.0000,0.0000,,,nem
2026.08.17 11:00,2026.08.17 12:00,39N050218554000Y,K02202146000431,0.0000,0.0000,,,nem
2026.08.17 11:00,2026.08.17 12:00,39N050218563000X,000000000001084616,0.0000,0.0000,,,nem
2026.08.17 11:00,2026.08.17 12:00,39N050218588000X,K3SC08000009353,2.9000,9.6800,,,nem
2026.08.17 11:00,2026.08.17 12:00,39N050218591000P,000008800043780320,0.0000,0.0000,,,nem
2026.08.17 11:00,2026.08.17 12:00,39N050218591000P,K02202146000387,0.0000,0.0000,,,nem
2026.08.17 11:00,2026.08.17 12:00,39N0502185960000,000045500001090171,0.0000,0.0000,,,nem
2026.08.17 11:00,2026.08.17 12:00,39N0502186000003,000000002246000034,0.0000,0.0000,,,nem
2026.08.17 11:00,2026.08.17 12:00,39N0502186000003,000044500026294967,0.0500,0.0501,,,nem
2026.08.17 11:00,2026.08.17 12:00,39N050218709000P,000000002146000433,0.0000,0.0000,,,nem
2026.08.17 11:00,2026.08.17 12:00,39N050218709000P,000027000005871862,0.0000,0.0000,,,nem
2026.08.17 11:00,2026.08.17 12:00,39N050219101000P,000053100006284304,0.0000,0.0000,,,nem
2026.08.17 11:00,2026.08.17 12:00,39N050219101000P,K11702446102256,0.0000,0.0000,,,nem
2026.08.17 11:00,2026.08.17 12:00,39N050219111000J,000053100006086023,0.0400,0.0401,,,nem
2026.08.17 11:00,2026.08.17 12:00,39N050219111000J,K3SC08000002002,0.0000,0.0000,,,nem
2026.08.17 11:00,2026.08.17 12:00,39N0502191220008,000000002146000405,0.0000,0.0000,,,nem
2026.08.17 11:00,2026.08.17 12:00,39N050219127000K,K02000018L30060,0.0000,0.0000,,,nem
2026.08.17 11:00,2026.08.17 12:00,39N050219144000N,K3SC07000001933,9.3000,9.0500,,,nem
2026.08.17 11:00,2026.08.17 12:00,39N050222615000B,K3SC08000002009,0.0000,0.0000,,,nem
2026.08.17 11:00,2026.08.17 12:00,39N050224132000X,000052600000885006,0.0000,0.0000,,,nem
2026.08.17 11:00,2026.08.17 12:00,39N050225228000V,000052600000887973,0.0000,0.0000,,,nem
2026.08.17 11:00,2026.08.17 12:00,39N050225361000Z,000028700084243212,0.0000,0.0000,,,nem
2026.08.17 11:00,2026.08.17 12:00,39N050225592000Z,K02000018L29674,8.0000,9.0000,,,nem
2026.08.17 11:00,2026.08.17 12:00,39N0502258590003,000053400004078297,0.0000,0.0000,,,nem
2026.08.17 11:00,2026.08.17 12:00,39N0502320940001,000053400002726024,0.0000,0.0000,,,nem
2026.08.17 11:00,2026.08.17 12:00,39N050233268000E,000040300013218204,0.0000,0.0000,,,nem
2026.08.17 11:00,2026.08.17 12:00,39N050233872000X,K3SC09000003822,0.0000,0.0000,,,nem
2026.08.17 11:00,2026.08.17 12:00,39N050235722000H,000000002246000065,1.2370,4.7550,,,nem
2026.08.17 11:00,2026.08.17 12:00,39N050235781000N,000000000000071480,0.0000,0.0000,,,nem
2026.08.17 11:00,2026.08.17 12:00,39N050236245000H,000006209160513005,0.6000,0.5771,,,nem
2026.08.17 11:00,2026.08.17 12:00,39N0502362660000,000027900020508134,1.0000,1.0099,,,nem
2026.08.17 11:00,2026.08.17 12:00,39N0502362660000,000040300011213597,0.0000,0.0000,,,nem
2026.08.17 11:00,2026.08.17 12:00,39N0502477110003,000052700000884957,0.0000,0.0000,,,nem
2026.08.17 11:00,2026.08.17 12:00,39N0502510990003,000019900016977384,11.2000,11.2885,,,nem
2026.08.17 11:00,2026.08.17 12:00,39N050251837000U,000040300007204770,0.0000,0.0000,,,nem
2026.08.17 11:00,2026.08.17 12:00,39N050252043000I,000027100005898029,0.0000,0.0000,,,nem
2026.08.17 11:00,2026.08.17 12:00,39N050252204000N,000006203229509031,0.1000,0.1033,,,nem
2026.08.17 11:00,2026.08.17 12:00,39N050253671000Y,000053400003708027,0.0000,0.0000,,,nem
2026.08.17 11:00,2026.08.17 12:00,39N050254055000N,000028700084243189,0.0000,0.0000,,,nem
2026.08.17 11:00,2026.08.17 12:00,39N0502542550009,000006203403563870,0.3000,0.2939,,,nem
2026.08.17 11:00,2026.08.17 12:00,39N050258835000L,000019900017022057,3.8000,3.8999,,,nem
2026.08.17 11:00,2026.08.17 12:00,39N050261616000F,000027100005848476,3.0000,3.0681,,,nem
2026.08.17 11:00,2026.08.17 12:00,39N050269363000V,000052700000884401,0.0000,0.0000,,,nem
2026.08.17 11:00,2026.08.17 12:00,39N050316475000U,000003300035201642,0.7000,0.7111,,,nem
2026.08.17 11:00,2026.08.17 12:00,39N050316475000U,000027000005848437,0.0000,0.0000,,,nem
2026.08.17 11:00,2026.08.17 12:00,39N0503424040008,000027100005870727,0.3000,0.2935,,,nem
2026.08.17 11:00,2026.08.17 12:00,39N0503439790009,000029200020502760,0.1000,0.0980,,,nem
2026.08.17 11:00,2026.08.17 12:00,39N050369436000H,000052700000889661,0.0000,0.0000,,,nem
2026.08.17 11:00,2026.08.17 12:00,39N050373639000R,000040300006202862,0.0000,0.0000,,,igen
2026.08.17 11:00,2026.08.17 12:00,39N050373666000O,000052700000887369,0.0000,0.0000,,,nem
2026.08.17 11:00,2026.08.17 12:00,39N050377940000D,000053400002719761,0.0000,0.0000,,,nem
2026.08.17 11:00,2026.08.17 12:00,39N050381165000Y,000000002246000284,2.0000,1.9280,,,nem
2026.08.17 11:00,2026.08.17 12:00,39N050385675000Z,000040400009210687,0.0000,0.0000,,,nem
2026.08.17 11:00,2026.08.17 12:00,39N050405255000Q,000029200020519053,0.0000,0.0000,,,nem
2026.08.17 11:00,2026.08.17 12:00,39N050414007000M,000029900020520529,1.8000,1.7618,,,nem
2026.08.17 11:00,2026.08.17 12:00,39N050414007000M,000040300011213341,0.0000,0.0000,,,nem
2026.08.17 11:00,2026.08.17 12:00,39N050415384000Y,000000002146000548,0.0000,0.0000,,,nem
2026.08.17 11:00,2026.08.17 12:00,39N050415384000Y,000053100004423834,0.0000,0.0000,,,nem
2026.08.17 11:00,2026.08.17 12:00,39N0504237770004,000028400084243416,0.0000,0.0000,,,nem
2026.08.17 11:00,2026.08.17 12:00,39N050433181000O,000000002246000180,0.0000,0.0000,,,nem
2026.08.17 11:00,2026.08.17 12:00,39N050445873000K,000053400002725979,0.0000,0.0000,,,nem
2026.08.17 11:00,2026.08.17 12:00,39N050450493000U,K3SCC0400000594,0.0000,0.0000,,,nem
2026.08.17 11:00,2026.08.17 12:00,39N0504550620004,000052600000887704,2.4000,2.3498,,,nem
2026.08.17 11:00,2026.08.17 12:00,39N050458746000Y,000027100005870754,0.0000,0.0000,,,nem
2026.08.17 11:00,2026.08.17 12:00,39N050458746000Y,000053300004228243,0.0000,0.0000,,,nem
2026.08.17 11:00,2026.08.17 12:00,39N050458746000Y,000053300006548960,0.0000,0.0000,,,nem
2026.08.17 11:00,2026.08.17 12:00,39N0504648650006,000052600000887402,0.0000,0.0000,,,nem
2026.08.17 11:00,2026.08.17 12:00,39N050471715000L,000029200020517911,0.0000,0.0000,,,nem
2026.08.17 11:00,2026.08.17 12:00,39N050483780000G,000027100005870759,1.0000,1.0366,,,nem
2026.08.17 11:00,2026.08.17 12:00,39N050484438000J,000052600000889209,0.4000,0.3913,,,nem
2026.08.17 11:00,2026.08.17 12:00,39N050485100000G,000040400014219743,0.0000,0.0000,,,nem
2026.08.17 11:00,2026.08.17 12:00,39N0504864890005,000053400003287118,0.0000,0.0000,,,nem
2026.08.17 11:00,2026.08.17 12:00,39N050510259000R,000027100005848322,0.0000,0.0000,,,nem
2026.08.17 11:00,2026.08.17 12:00,39N050515515000A,000052700000885935,0.0000,0.0000,,,nem
2026.08.17 11:00,2026.08.17 12:00,39N0505226180003,000011100000109610,0.0000,0.0000,,,nem
2026.08.17 11:00,2026.08.17 12:00,39N0505384670009,000027100005848294,0.0000,0.0000,,,nem
2026.08.17 11:00,2026.08.17 12:00,39N0505387730002,000052600000900177,1.7000,1.6652,,,nem
2026.08.17 11:00,2026.08.17 12:00,39N050548215000H,000053400002719801,0.0000,0.0000,,,nem
2026.08.17 11:00,2026.08.17 12:00,39N050548840000J,K3SC09000000010,4.8000,17.6500,,,nem
2026.08.17 11:00,2026.08.17 12:00,39N050552094000R,000029900020521702,0.0000,0.0000,,,nem
2026.08.17 11:00,2026.08.17 12:00,39N050553222000K,K3SC08000003475,0.9000,3.3900,,,nem
2026.08.17 11:00,2026.08.17 12:00,39N050553661000A,000034800000061526,0.0000,0.0000,,,nem
2026.08.17 11:00,2026.08.17 12:00,39N0505752100002,000052600000887553,0.0000,0.0000,,,nem
2026.08.17 11:00,2026.08.17 12:00,39N050576124000C,000034800000546505,1.0000,1.0154,,,nem
2026.08.17 11:00,2026.08.17 12:00,39N0505779810001,000006202897801013,1.0000,0.9782,,,nem
2026.08.17 11:00,2026.08.17 12:00,39N050583139000X,000053300004078348,0.0000,0.0000,,,nem
2026.08.17 11:00,2026.08.17 12:00,39N0505847100003,000053400002726046,0.0000,0.0000,,,nem
2026.08.17 11:00,2026.08.17 12:00,39N0505992060002,000053400003708023,4.4000,4.3041,,,nem
2026.08.17 11:00,2026.08.17 12:00,39N050603076000J,000051303403563786,0.3000,0.2935,,,nem
2026.08.17 11:00,2026.08.17 12:00,39N050607494000V,000038200077141480,0.0000,0.0000,,,nem
2026.08.17 11:00,2026.08.17 12:00,39N0506230230009,000053400003707928,2.4000,2.3477,,,nem
2026.08.17 11:00,2026.08.17 12:00,39N050626352000P,000034800000072507,0.4000,0.3913,,,nem
2026.08.17 11:00,2026.08.17 12:00,39N050626352000P,000053300002318656,0.7000,0.6847,,,nem
2026.08.17 11:00,2026.08.17 12:00,39N050627784000Z,000001300013013134,0.0000,0.0000,,,nem
2026.08.17 11:00,2026.08.17 12:00,39N050627784000Z,K3SC03402019428,0.0000,0.0000,,,nem
2026.08.17 11:00,2026.08.17 12:00,39N050635744000T,000051303403398549,10.2400,10.3977,,,nem
2026.08.17 11:00,2026.08.17 12:00,39N050636182000C,000040300014219987,0.0000,0.0000,,,nem
2026.08.17 11:00,2026.08.17 12:00,39N050636182000C,000053200006188793,0.0000,0.0000,,,nem
2026.08.17 11:00,2026.08.17 12:00,39N050636182000C,000053300004228213,0.0000,0.0000,,,nem
2026.08.17 11:00,2026.08.17 12:00,39N050642904000H,000053400002719822,6.2000,6.2732,,,nem
2026.08.17 11:00,2026.08.17 12:00,39N0506488920006,000038200077159774,0.4000,0.4047,,,igen
2026.08.17 11:00,2026.08.17 12:00,39N050655561000S,000027000005848448,0.0000,0.0000,,,nem
2026.08.17 11:00,2026.08.17 12:00,39N050655561000S,000027000005950344,0.0000,0.0000,,,nem
2026.08.17 11:00,2026.08.17 12:00,39N050655561000S,000040200008208469,0.0000,0.0000,,,nem
2026.08.17 11:00,2026.08.17 12:00,39N050673657000W,000029900020524037,0.1000,0.0978,,,igen
2026.08.17 11:00,2026.08.17 12:00,39N050690260000L,000051303403663324,2.8000,2.7426,,,nem
2026.08.17 11:00,2026.08.17 12:00,39N050708788000F,000027000005921259,0.0000,0.0000,,,nem
2026.08.17 11:00,2026.08.17 12:00,39N050720770000X,000040400012214791,0.0000,0.0000,,,nem
2026.08.17 11:00,2026.08.17 12:00,39N050740233000M,000052700000900251,0.0000,0.0000,,,nem
2026.08.17 11:00,2026.08.17 12:00,39N050744134000T,000052600000888120,6.4000,6.2605,,,nem
2026.08.17 11:00,2026.08.17 12:00,39N0507451030007,000000002246000087,0.0000,0.0000,,,nem
2026.08.17 11:00,2026.08.17 12:00,39N0507495580003,000000002246000226,0.0000,0.0000,,,nem
2026.08.17 11:00,2026.08.17 12:00,39N050750365000F,000044500028323170,0.0100,0.0102,,,nem
2026.08.17 11:00,2026.08.17 12:00,39N050750365000F,K3SC08000011520,0.0000,0.0000,,,nem
2026.08.17 11:00,2026.08.17 12:00,39N050750873000L,K02000018L29990,0.0000,0.0000,,,nem
2026.08.17 11:00,2026.08.17 12:00,39N050753398000W,000008800043780262,0.0000,0.0000,,,nem
2026.08.17 11:00,2026.08.17 12:00,39N050753398000W,000027000005848440,0.1000,0.0980,,,nem
2026.08.17 11:00,2026.08.17 12:00,39N050753398000W,000027000005950363,0.0000,0.0000,,,nem
2026.08.17 11:00,2026.08.17 12:00,39N050753398000W,000028700084243194,0.6000,0.5877,,,nem
2026.08.17 11:00,2026.08.17 12:00,39N050753839000S,000040300014219478,0.0000,0.0000,,,nem
2026.08.17 11:00,2026.08.17 12:00,39N050753876000J,000027000005848396,0.0000,0.0000,,,nem
2026.08.17 11:00,2026.08.17 12:00,39N050753876000J,000051303403563777,0.0000,0.0000,,,nem
2026.08.17 11:00,2026.08.17 12:00,39N050753876000J,000053300002728766,0.0000,0.0000,,,nem
2026.08.17 11:00,2026.08.17 12:00,39N050754012000C,K3SC03402019415,0.0000,0.0000,,,nem
2026.08.17 11:00,2026.08.17 12:00,39N050754015000Y,000027100005870748,0.0000,0.0000,,,nem
2026.08.17 11:00,2026.08.17 12:00,39N050754015000Y,K3SC03400984912,0.0000,0.0000,,,nem
2026.08.17 11:00,2026.08.17 12:00,39N050754578000M,000027100005848567,0.7000,0.7111,,,nem
2026.08.17 11:00,2026.08.17 12:00,39N050754578000M,000053300004228283,0.0000,0.0000,,,nem
2026.08.17 11:00,2026.08.17 12:00,39N050754578000M,000053400003290776,0.0000,0.0000,,,nem
2026.08.17 11:00,2026.08.17 12:00,39N050754716000H,000040300006200780,0.0000,0.0000,,,nem
2026.08.17 11:00,2026.08.17 12:00,39N050754716000H,K3SC04000000943,0.0000,0.0000,,,nem
2026.08.17 11:00,2026.08.17 12:00,39N050755929000B,SC07000007591,0.0000,0.0000,,,nem
2026.08.17 11:00,2026.08.17 12:00,39N050755997000G,000000002246000049,0.0510,0.0490,,,nem
2026.08.17 11:00,2026.08.17 12:00,39N050755997000G,000003500035198891,0.0000,0.0000,,,nem
2026.08.17 11:00,2026.08.17 12:00,39N0507569640004,000029200020511689,0.0000,0.0000,,,nem
2026.08.17 11:00,2026.08.17 12:00,39N050756996000D,K3SC08000006659,0.0000,0.0000,,,nem
2026.08.17 11:00,2026.08.17 12:00,39N050757163000K,K3SC08000005254,0.0000,0.0000,,,nem
2026.08.17 11:00,2026.08.17 12:00,39N050757415000J,000053400003290785,0.1000,0.1050,,,nem
2026.08.17 11:00,2026.08.17 12:00,39N050757415000J,K3SC09000000237,0.0000,0.0000,,,nem
2026.08.17 11:00,2026.08.17 12:00,39N050757439000O,000001300013505669,0.0000,0.0000,,,nem
2026.08.17 11:00,2026.08.17 12:00,39N050757439000O,000040300012216291,0.0000,0.0000,,,nem
2026.08.17 11:00,2026.08.17 12:00,39N050757439000O,000044500037979231,0.0000,0.0000,,,nem
2026.08.17 11:00,2026.08.17 12:00,39N050757439000O,K3SC08000002229,0.0000,0.0000,,,nem
2026.08.17 11:00,2026.08.17 12:00,39N050757450000K,000053400002719733,4.2000,5.0131,,,nem
2026.08.17 11:00,2026.08.17 12:00,39N050757450000K,K3SC03401169913,0.0000,0.0000,,,nem
2026.08.17 11:00,2026.08.17 12:00,39N050757472000Z,000000002246000059,0.0000,0.0000,,,nem
2026.08.17 11:00,2026.08.17 12:00,39N050757472000Z,000053400002719783,0.0000,0.0000,,,nem
2026.08.17 11:00,2026.08.17 12:00,39N050758923000H,000027900020522241,3.0000,2.9385,,,nem
2026.08.17 11:00,2026.08.17 12:00,39N050759606000R,K02202146000564,0.0090,0.0090,,,nem
2026.08.17 11:00,2026.08.17 12:00,39N0507599930004,000002800024149874,0.0000,0.0000,,,nem
2026.08.17 11:00,2026.08.17 12:00,39N0507599930004,SC07000001919,0.0000,0.0000,,,nem
2026.08.17 11:00,2026.08.17 12:00,39N050760458000R,000000002246000162,0.0000,0.0000,,,nem
2026.08.17 11:00,2026.08.17 12:00,39N050760458000R,000001300016230255,0.0000,0.0000,,,nem
2026.08.17 11:00,2026.08.17 12:00,39N050760709000V,K3SC03401061094,9.5000,62.9100,,,nem
2026.08.17 11:00,2026.08.17 12:00,39N050762038000E,K02202246000183,0.0000,0.0000,,,nem
2026.08.17 11:00,2026.08.17 12:00,39N050762094000Z,000033300005960005,0.0000,0.0000,,,nem
2026.08.17 11:00,2026.08.17 12:00,39N050762094000Z,K3SC03400723975,0.0000,0.0000,,,nem
2026.08.17 11:00,2026.08.17 12:00,39N050764763000U,000012000075117793,0.0000,0.0000,,,nem
2026.08.17 11:00,2026.08.17 12:00,39N050764763000U,000053100006730746,0.0000,0.0000,,,nem
2026.08.17 11:00,2026.08.17 12:00,39N050764763000U,K3SC09000000002,0.0000,0.0000,,,nem
2026.08.17 11:00,2026.08.17 12:00,39N050764779000V,000052100004064528,0.0000,0.0000,,,nem
2026.08.17 11:00,2026.08.17 12:00,39N050764779000V,K3SC03402019421,0.0000,0.0000,,,nem
2026.08.17 11:00,2026.08.17 12:00,39N050765037000W,K02000017L29370,0.0000,0.0000,,,nem
2026.08.17 11:00,2026.08.17 12:00,39N0507679070008,000000002146000466,0.0000,0.0000,,,nem
2026.08.17 11:00,2026.08.17 12:00,39N0507679070008,000040300007204577,0.0000,0.0000,,,nem
2026.08.17 11:00,2026.08.17 12:00,39N0507679070008,000040300014219638,0.0000,0.0000,,,nem
2026.08.17 11:00,2026.08.17 12:00,39N0507679070008,000053100004211708,0.0000,0.0000,,,nem
2026.08.17 11:00,2026.08.17 12:00,39N0507679070008,000053300004078695,0.0000,0.0000,,,nem
2026.08.17 11:00,2026.08.17 12:00,39N0507679070008,SC07000001932,0.0000,0.0000,,,nem
2026.08.17 11:00,2026.08.17 12:00,39N0507693140006,000000002246000115,0.0000,0.0000,,,nem
2026.08.17 11:00,2026.08.17 12:00,39N0507705100001,000029900020514285,0.0000,0.0000,,,nem
2026.08.17 11:00,2026.08.17 12:00,39N0507705100001,000051303403563760,0.0000,0.0000,,,nem
2026.08.17 11:00,2026.08.17 12:00,39N0507705100001,000052700000899611,0.0000,0.0000,,,nem
2026.08.17 11:00,2026.08.17 12:00,39N0507705100001,K3SC07000001924,0.0000,0.0000,,,nem
2026.08.17 11:00,2026.08.17 12:00,39N050771852000C,K3SC07000001832,0.0000,0.0000,,,nem
2026.08.17 11:00,2026.08.17 12:00,39N0507730720003,000053300004228387,0.0000,0.0000,,,nem
2026.08.17 11:00,2026.08.17 12:00,39N050773615000J,K3SC34000505359,0.0000,0.0000,,,nem
2026.08.17 11:00,2026.08.17 12:00,39N050773622000S,000053300004228493,0.0000,0.0000,,,nem
2026.08.17 11:00,2026.08.17 12:00,39N050773622000S,K3SC09000000250,0.0000,0.0000,,,nem
2026.08.17 11:00,2026.08.17 12:00,39N050773882000F,K3SC03402019413,0.0000,0.0000,,,nem
2026.08.17 11:00,2026.08.17 12:00,39N0507741940003,K02000018L29724,0.0000,0.0000,,,nem
2026.08.17 11:00,2026.08.17 12:00,39N050774244000Q,000044700031395811,2.9700,3.0157,,,nem
2026.08.17 11:00,2026.08.17 12:00,39N050774244000Q,K3SC03400699635,5.7000,21.4500,,,nem
2026.08.17 11:00,2026.08.17 12:00,39N0507742750003,000027900020519928,0.0000,0.0000,,,nem
2026.08.17 11:00,2026.08.17 12:00,39N050775645000M,000008800045007665,0.0000,0.0000,,,nem
2026.08.17 11:00,2026.08.17 12:00,39N050775645000M,000027900020502769,0.0000,0.0000,,,nem
2026.08.17 11:00,2026.08.17 12:00,39N050776264000Z,000027100005870779,0.0000,0.0000,,,nem
2026.08.17 11:00,2026.08.17 12:00,39N050776439000E,000001300023106173,0.0000,0.0000,,,nem
2026.08.17 11:00,2026.08.17 12:00,39N050776439000E,SC07000006370,0.0000,0.0000,,,nem
2026.08.17 11:00,2026.08.17 12:00,39N050776462000V,K02000017L29063,0.0000,0.0000,,,nem
2026.08.17 11:00,2026.08.17 12:00,39N0507772080006,000000002246000073,0.0000,0.0000,,,nem
2026.08.17 11:00,2026.08.17 12:00,39N050777442000Z,000002600043780817,0.0000,0.0000,,,nem
2026.08.17 11:00,2026.08.17 12:00,39N050777442000Z,K02000017L29055,2.0000,1.0000,,,nem
2026.08.17 11:00,2026.08.17 12:00,39N050777442000Z,K02202146000484,0.0000,0.0000,,,nem
2026.08.17 11:00,2026.08.17 12:00,39N050777482000B,000000002246000043,0.0000,0.0000,,,nem
2026.08.17 11:00,2026.08.17 12:00,39N050792697000P,000027000005848410,0.0000,0.0000,,,nem
2026.08.17 11:00,2026.08.17 12:00,39N050793035000V,000035500084243061,0.0000,0.0000,,,nem
2026.08.17 11:00,2026.08.17 12:00,39N050793035000V,000035500084243063,0.0000,0.0000,,,nem
2026.08.17 11:00,2026.08.17 12:00,39N0507981050002,000029200020524061,0.0000,0.0000,,,nem
2026.08.17 11:00,2026.08.17 12:00,39N050813036000E,000027100005897973,1.1000,1.0767,,,nem
2026.08.17 11:00,2026.08.17 12:00,39N050814444000J,000053300003306760,0.0000,0.0000,,,nem
2026.08.17 11:00,2026.08.17 12:00,39N050816644000Q,000052600000899462,5.6000,5.4779,,,nem
2026.08.17 11:00,2026.08.17 12:00,39N0508179760006,SC10000001096,1.3700,4.6600,,,nem
2026.08.17 11:00,2026.08.17 12:00,39N050818676000J,000040400014219207,0.0000,0.0000,,,nem
2026.08.17 11:00,2026.08.17 12:00,39N050820134000W,000053100004211197,0.0100,0.0102,,,nem
2026.08.17 11:00,2026.08.17 12:00,39N050820134000W,K3SC03402019414,0.0000,0.0000,,,nem
2026.08.17 11:00,2026.08.17 12:00,39N050820458000G,000052700000885406,12.1000,12.5332,,,nem
2026.08.17 11:00,2026.08.17 12:00,39N050822345000S,000052600000884385,2.7000,2.5971,,,nem
2026.08.17 11:00,2026.08.17 12:00,39N0508227020002,K3SC03401147239,0.0000,0.0000,,,nem
2026.08.17 11:00,2026.08.17 12:00,39N050831052000K,K3SC03401169907,0.0000,0.0000,,,nem
2026.08.17 11:00,2026.08.17 12:00,39N050831052000K,K3SC07000006344,0.0000,0.0000,,,nem
2026.08.17 11:00,2026.08.17 12:00,39N050831214000K,K3SC08000001061,0.0000,0.0000,,,nem
2026.08.17 11:00,2026.08.17 12:00,39N050831732000K,000000002246000171,0.0000,0.0000,,,nem
2026.08.17 11:00,2026.08.17 12:00,39N050831732000K,000000002246000297,0.0000,0.0000,,,nem
2026.08.17 11:00,2026.08.17 12:00,39N050832564000Z,K3SC08000002241,0.0000,0.0000,,,nem
2026.08.17 11:00,2026.08.17 12:00,39N050833827000F,K3SC03400699729,0.0000,0.0000,,,nem
2026.08.17 11:00,2026.08.17 12:00,39N050836149000I,K3SC03401414828,0.0000,0.0000,,,nem
2026.08.17 11:00,2026.08.17 12:00,39N050836830000K,000000003403233014,0.0000,0.0000,,,nem
2026.08.17 11:00,2026.08.17 12:00,39N050836979000I,000053400003290796,0.0000,0.0000,,,nem
2026.08.17 11:00,2026.08.17 12:00,39N0508398450002,K3SC08000002237,0.0000,0.0000,,,nem
2026.08.17 11:00,2026.08.17 12:00,39N050841968000N,SC11000000589,0.0000,0.0000,,,nem
2026.08.17 11:00,2026.08.17 12:00,39N050843706000U,000053300004078513,0.0000,0.0000,,,nem
2026.08.17 11:00,2026.08.17 12:00,39N050844930000K,000052600000914889,0.2000,0.1959,,,nem
2026.08.17 11:00,2026.08.17 12:00,39N050847541000D,K3SC09000000240,0.0000,0.0000,,,nem
2026.08.17 11:00,2026.08.17 12:00,39N050847787000J,000034800000031563,0.0000,0.0000,,,nem
2026.08.17 11:00,2026.08.17 12:00,39N0508480240000,000052700000909509,0.0000,0.0000,,,nem
2026.08.17 11:00,2026.08.17 12:00,39N050848355000U,000040300012215942,0.0000,0.0000,,,nem
2026.08.17 11:00,2026.08.17 12:00,39N0508490730004,000051303403563818,18.3000,17.9120,,,nem
2026.08.17 11:00,2026.08.17 12:00,39N050849323000D,K3SC04000000054,5.1000,19.2700,,,nem
2026.08.17 11:00,2026.08.17 12:00,39N050851794000U,K3SC07000006360,0.0000,0.0000,,,nem
2026.08.17 11:00,2026.08.17 12:00,39N050861247000Y,K3SC09000003821,1.7000,5.7400,,,nem
2026.08.17 11:00,2026.08.17 12:00,39N050866001000P,000000002246000036,0.0000,0.0000,,,nem
2026.08.17 11:00,2026.08.17 12:00,39N050875710000B,K3SC11000000578,0.0000,0.0000,,,nem
2026.08.17 11:00,2026.08.17 12:00,39N0508759240008,K3SC03401061101,0.0000,0.0000,,,nem
2026.08.17 11:00,2026.08.17 12:00,39N0508788210006,000053300004078461,0.0000,0.0000,,,nem
2026.08.17 11:00,2026.08.17 12:00,39N050879364000V,K02000016L28058,0.0000,0.0000,,,nem
2026.08.17 11:00,2026.08.17 12:00,39N0508813320003,000029900020519902,0.0000,0.0000,,,nem
2026.08.17 11:00,2026.08.17 12:00,39N050882973000Z,000040300009900172,0.0000,0.0000,,,nem
2026.08.17 11:00,2026.08.17 12:00,39N050890535000A,000000002146000441,0.0000,0.0000,,,nem
2026.08.17 11:00,2026.08.17 12:00,39N0508949570002,000027100005897971,0.0000,0.0000,,,nem
2026.08.17 11:00,2026.08.17 12:00,39N050896400000C,K3SC03400574253,0.0000,0.0000,,,nem
2026.08.17 11:00,2026.08.17 12:00,39N050896796000I,000027700001184418,0.0000,0.0000,,,nem
2026.08.17 11:00,2026.08.17 12:00,39N050898846000P,K3SC03400699737,0.0000,0.0000,,,nem
2026.08.17 11:00,2026.08.17 12:00,39N050913091000U,000027100005848490,0.0000,0.0000,,,nem
2026.08.17 11:00,2026.08.17 12:00,39N050915973000R,K3SC08000002025,0.0000,0.0000,,,nem
2026.08.17 11:00,2026.08.17 12:00,39N050916593000Z,K3SC03401169915,79.2000,293.0600,,,nem
2026.08.17 12:00,2026.08.17 13:00,39N0500091210005,000038200077158060,0.0000,0.0000,,,nem
2026.08.17 12:00,2026.08.17 13:00,39N050022609000H,000053300003307178,0.5000,0.5059,,,nem
2026.08.17 12:00,2026.08.17 13:00,39N050029731000D,000052600000914866,0.0000,0.0000,,,nem
2026.08.17 12:00,2026.08.17 13:00,39N050031988000Q,000052600000899454,0.0000,0.0000,,,nem
2026.08.17 12:00,2026.08.17 13:00,39N050032468000S,000052700000899362,0.0000,0.0000,,,nem
2026.08.17 12:00,2026.08.17 13:00,39N050033836000K,000027100005848245,0.2000,0.2031,,,nem
2026.08.17 12:00,2026.08.17 13:00,39N050034412000Z,000002600043780756,0.0000,0.0000,,,nem
2026.08.17 12:00,2026.08.17 13:00,39N050034412000Z,000052700000885403,4.4000,4.3067,,,nem
2026.08.17 12:00,2026.08.17 13:00,39N0500344350008,000046700000888615,0.0000,0.0000,,,nem
2026.08.17 12:00,2026.08.17 13:00,39N050034459000D,000040400014219775,0.0000,0.0000,,,nem
2026.08.17 12:00,2026.08.17 13:00,39N050042294000Z,000040400008209973,0.0000,0.0000,,,nem
2026.08.17 12:00,2026.08.17 13:00,39N050044030000F,000027000035197562,0.0000,0.0000,,,nem
2026.08.17 12:00,2026.08.17 13:00,39N050052498000T,SC05000004104,0.0000,0.0000,,,nem
2026.08.17 12:00,2026.08.17 13:00,39N050053842000G,K3SC03401169905,0.0000,0.0000,,,nem
2026.08.17 12:00,2026.08.17 13:00,39N0500617550009,000044500034101914,0.0000,0.0000,,,nem
2026.08.17 12:00,2026.08.17 13:00,39N0500617550009,K3SC03400699700,0.0000,0.0000,,,nem
2026.08.17 12:00,2026.08.17 13:00,39N050066949000F,000053400003290721,0.0000,0.0000,,,nem
2026.08.17 12:00,2026.08.17 13:00,39N050068660000G,000035500084243026,0.0000,0.0000,,,nem
2026.08.17 12:00,2026.08.17 13:00,39N050068660000G,000035500084243027,1.0000,1.0070,,,nem
2026.08.17 12:00,2026.08.17 13:00,39N050071512000G,000051303403398537,0.0000,0.0000,,,nem
2026.08.17 12:00,2026.08.17 13:00,39N050073737000N,000040400006201455,0.0000,0.0000,,,nem
2026.08.17 12:00,2026.08.17 13:00,39N050073762000U,000053400004078277,0.0000,0.0000,,,nem
2026.08.17 12:00,2026.08.17 13:00,39N050075194000S,000029200020524049,4.2000,4.2777,,,nem
2026.08.17 12:00,2026.08.17 13:00,39N0500755940000,000027000005950284,0.0000,0.0000,,,nem
2026.08.17 12:00,2026.08.17 13:00,39N0500755940000,000052600000886571,0.0000,0.0000,,,nem
2026.08.17 12:00,2026.08.17 13:00,39N050076850000F,000006201754704050,6.6000,6.4957,,,nem
2026.08.17 12:00,2026.08.17 13:00,39N050076850000F,000040300006201137,0.1000,0.0980,,,nem
2026.08.17 12:00,2026.08.17 13:00,39N050081322000F,000053400003290798,25.4000,25.5778,,,nem
2026.08.17 12:00,2026.08.17 13:00,39N050083908000D,000006202897801002,0.0000,0.0000,,,nem
2026.08.17 12:00,2026.08.17 13:00,39N050083908000D,000040300011213334,0.0000,0.0000,,,nem
2026.08.17 12:00,2026.08.17 13:00,39N050089206000O,000006203403563919,1.0000,1.0068,,,nem
2026.08.17 12:00,2026.08.17 13:00,39N050089206000O,000028700084091487,0.0000,0.0000,,,nem
2026.08.17 12:00,2026.08.17 13:00,39N050089342000D,000015608267713002,0.0000,0.0000,,,nem
2026.08.17 12:00,2026.08.17 13:00,39N050094459000X,000040400006201425,0.0000,0.0000,,,nem
2026.08.17 12:00,2026.08.17 13:00,39N050094490000H,000027100005894204,0.0000,0.0000,,,nem
2026.08.17 12:00,2026.08.17 13:00,39N050106941000P,000027100005848507,0.2000,0.1932,,,nem
2026.08.17 12:00,2026.08.17 13:00,39N0501191590002,000029200020517908,4.7000,4.6779,,,nem
2026.08.17 12:00,2026.08.17 13:00,39N050132558000H,000040400007204469,0.0000,0.0000,,,nem
2026.08.17 12:00,2026.08.17 13:00,39N050137387000F,000052600000900202,7.4000,7.2431,,,nem
2026.08.17 12:00,2026.08.17 13:00,39N050145410000I,000027100005848241,0.7000,0.6852,,,nem
2026.08.17 12:00,2026.08.17 13:00,39N050146207000W,000052700000899364,0.0000,0.0000,,,nem
2026.08.17 12:00,2026.08.17 13:00,39N050153206000F,K3SC06000007800,0.0000,0.0000,,,nem
2026.08.17 12:00,2026.08.17 13:00,39N0501601470008,000040300008206765,0.0000,0.0000,,,igen
2026.08.17 12:00,2026.08.17 13:00,39N0501601470008,000040300014219822,0.0000,0.0000,,,igen
2026.08.17 12:00,2026.08.17 13:00,39N050160341000O,000052700000899034,0.0000,0.0000,,,nem
2026.08.17 12:00,2026.08.17 13:00,39N0501618590009,000053400002726045,8.1000,7.9283,,,nem
2026.08.17 12:00,2026.08.17 13:00,39N050168020000Z,L01A625,6.0000,5.9754,,,nem
2026.08.17 12:00,2026.08.17 13:00,39N050176728000R,000040300012214339,0.0000,0.0000,,,nem
2026.08.17 12:00,2026.08.17 13:00,39N050176728000R,000053300003348438,0.0000,0.0000,,,nem
2026.08.17 12:00,2026.08.17 13:00,39N050177032000I,000053400003290719,0.0000,0.0000,,,nem
2026.08.17 12:00,2026.08.17 13:00,39N0501770340008,000053400002725990,1.1000,1.1089,,,nem
2026.08.17 12:00,2026.08.17 13:00,39N050180150000J,000000002246000217,1.0410,1.0230,,,nem
2026.08.17 12:00,2026.08.17 13:00,39N050197735000A,000053400003290744,0.0000,0.0000,,,nem
2026.08.17 12:00,2026.08.17 13:00,39N0502000520004,000029900020519904,18.1000,19.4666,,,nem
2026.08.17 12:00,2026.08.17 13:00,39N0502000520004,000053400003290731,3.0000,2.8698,,,nem
2026.08.17 12:00,2026.08.17 13:00,39N050207087000G,000033300005960021,0.0000,0.0000,,,nem
2026.08.17 12:00,2026.08.17 13:00,39N050207887000Y,000011100000109615,0.0000,0.0000,,,nem
2026.08.17 12:00,2026.08.17 13:00,39N050208125000A,000028700084091484,0.0000,0.0000,,,nem
2026.08.17 12:00,2026.08.17 13:00,39N050208128000W,000052600000896583,0.0000,0.0000,,,nem
2026.08.17 12:00,2026.08.17 13:00,39N050208164000S,000000002246000198,5.0000,5.1800,,,nem
2026.08.17 12:00,2026.08.17 13:00,39N050209187000U,000027000005926405,0.0000,0.0000,,,nem
2026.08.17 12:00,2026.08.17 13:00,39N0502109170005,000053400003708002,0.0000,0.0000,,,nem
2026.08.17 12:00,2026.08.17 13:00,39N0502109620000,000027100005894243,0.0000,0.0000,,,nem
2026.08.17 12:00,2026.08.17 13:00,39N050212788000U,000053600000897292,0.0000,0.0000,,,nem
2026.08.17 12:00,2026.08.17 13:00,39N050213910000G,000027100005898038,0.0000,0.0000,,,nem
2026.08.17 12:00,2026.08.17 13:00,39N050214190000G,K3SC03400699752,4.3800,14.9700,,,nem
2026.08.17 12:00,2026.08.17 13:00,39N050214638000E,K02000017L28861,0.0000,0.0000,,,nem
2026.08.17 12:00,2026.08.17 13:00,39N050214647000D,K3SC06000003455,0.0000,0.0000,,,nem
2026.08.17 12:00,2026.08.17 13:00,39N050214652000W,000008800043449669,0.2600,0.2618,,,nem
2026.08.17 12:00,2026.08.17 13:00,39N050214652000W,000027000005894200,0.0000,0.0000,,,nem
2026.08.17 12:00,2026.08.17 13:00,39N050214652000W,K3SC08000002012,0.0000,0.0000,,,nem
2026.08.17 12:00,2026.08.17 13:00,39N050214655000H,K3SC09000000230,0.0864,0.5700,,,nem
2026.08.17 12:00,2026.08.17 13:00,39N050214668000X,000000002246000235,0.0000,0.0000,,,nem
2026.08.17 12:00,2026.08.17 13:00,39N050214674000A,K3SC07000007598,0.0000,0.0000,,,nem
2026.08.17 12:00,2026.08.17 13:00,39N050214697000K,K3SC07000006334,0.0000,0.0000,,,nem
2026.08.17 12:00,2026.08.17 13:00,39N050214912000Z,K3SC07000001923,0.0000,0.0000,,,nem
2026.08.17 12:00,2026.08.17 13:00,39N050214941000M,EP07883,0.0000,0.0000,,,nem
2026.08.17 12:00,2026.08.17 13:00,39N050215930000P,K3SC06000002907,0.0000,0.0000,,,nem
2026.08.17 12:00,2026.08.17 13:00,39N050215938000M,K02000017L29066,0.0000,0.0000,,,nem
2026.08.17 12:00,2026.08.17 13:00,39N0502159430004,K3SC07000001954,0.0000,0.0000,,,nem
2026.08.17 12:00,2026.08.17 13:00,39N050215958000A,000000002246000117,0.0000,0.0000,,,nem
2026.08.17 12:00,2026.08.17 13:00,39N050215958000A,K02000017L29366,0.0000,0.0000,,,nem
2026.08.17 12:00,2026.08.17 13:00,39N050215987000Y,000040300012214341,0.0000,0.0000,,,nem
2026.08.17 12:00,2026.08.17 13:00,39N050215987000Y,K3SC04000000062,0.0000,0.0000,,,nem
2026.08.17 12:00,2026.08.17 13:00,39N050215987000Y,K3SC07000002663,0.0000,0.0000,,,nem
2026.08.17 12:00,2026.08.17 13:00,39N050215990000Q,000000002146000419,0.0000,0.0000,,,nem
2026.08.17 12:00,2026.08.17 13:00,39N050215990000Q,000000002246000261,0.0430,0.0420,,,nem
2026.08.17 12:00,2026.08.17 13:00,39N050215996000X,000000002246000205,0.0000,0.0000,,,nem
2026.08.17 12:00,2026.08.17 13:00,39N050215996000X,000044600000607648,0.0000,0.0000,,,nem
2026.08.17 12:00,2026.08.17 13:00,39N050215996000X,000044600000614795,0.0000,0.0000,,,nem
2026.08.17 12:00,2026.08.17 13:00,39N050216000000O,K3SC08000006643,0.0000,0.0000,,,nem
2026.08.17 12:00,2026.08.17 13:00,39N050216189000Z,K3SC09000000005,0.0000,0.0000,,,nem
2026.08.17 12:00,2026.08.17 13:00,39N050216319000Q,K3SC04000000788,0.0000,0.0000,,,nem
2026.08.17 12:00,2026.08.17 13:00,39N050217344000P,SC06000007846,80.0000,151.3100,,,nem
2026.08.17 12:00,2026.08.17 13:00,39N050217514000T,000000002246000191,2.9960,3.1180,,,nem
2026.08.17 12:00,2026.08.17 13:00,39N050217594000I,K02000017L28855,0.0000,0.0000,,,nem
2026.08.17 12:00,2026.08.17 13:00,39N0502177240009,000006209160519002,2.1000,2.1147,,,nem
2026.08.17 12:00,2026.08.17 13:00,39N0502177240009,000027700001201786,0.0000,0.0000,,,nem
2026.08.17 12:00,2026.08.17 13:00,39N0502177240009,K3SC08000001999,0.0000,0.0000,,,nem
2026.08.17 12:00,2026.08.17 13:00,39N0502177250004,000000002146000444,0.0000,0.0000,,,nem
2026.08.17 12:00,2026.08.17 13:00,39N0502177250004,000053200002511869,0.0000,0.0000,,,nem
2026.08.17 12:00,2026.08.17 13:00,39N050218554000Y,K02202146000431,0.0000,0.0000,,,nem
2026.08.17 12:00,2026.08.17 13:00,39N050218563000X,000000000001084616,0.0000,0.0000,,,nem
2026.08.17 12:00,2026.08.17 13:00,39N050218588000X,K3SC08000009353,0.0000,0.0000,,,nem
2026.08.17 12:00,2026.08.17 13:00,39N050218591000P,000008800043780320,0.0000,0.0000,,,nem
2026.08.17 12:00,2026.08.17 13:00,39N050218591000P,K02202146000387,0.0000,0.0000,,,nem
2026.08.17 12:00,2026.08.17 13:00,39N0502185960000,000045500001090171,0.0000,0.0000,,,nem
2026.08.17 12:00,2026.08.17 13:00,39N0502186000003,000000002246000034,0.0000,0.0000,,,nem
2026.08.17 12:00,2026.08.17 13:00,39N0502186000003,000044500026294967,0.0400,0.0401,,,nem
2026.08.17 12:00,2026.08.17 13:00,39N050218709000P,000000002146000433,0.0000,0.0000,,,nem
2026.08.17 12:00,2026.08.17 13:00,39N050218709000P,000027000005871862,0.0000,0.0000,,,nem
2026.08.17 12:00,2026.08.17 13:00,39N050219101000P,000053100006284304,0.0000,0.0000,,,nem
2026.08.17 12:00,2026.08.17 13:00,39N050219101000P,K11702446102256,0.0000,0.0000,,,nem
2026.08.17 12:00,2026.08.17 13:00,39N050219111000J,000053100006086023,0.1700,0.1702,,,nem
2026.08.17 12:00,2026.08.17 13:00,39N050219111000J,K3SC08000002002,0.0000,0.0000,,,nem
2026.08.17 12:00,2026.08.17 13:00,39N0502191220008,000000002146000405,0.0000,0.0000,,,nem
2026.08.17 12:00,2026.08.17 13:00,39N050219127000K,K02000018L30060,0.0000,0.0000,,,nem
2026.08.17 12:00,2026.08.17 13:00,39N050219144000N,K3SC07000001933,10.3000,10.0200,,,nem
2026.08.17 12:00,2026.08.17 13:00,39N050222615000B,K3SC08000002009,0.0000,0.0000,,,nem
2026.08.17 12:00,2026.08.17 13:00,39N050224132000X,000052600000885006,0.0000,0.0000,,,nem
2026.08.17 12:00,2026.08.17 13:00,39N050225228000V,000052600000887973,0.0000,0.0000,,,nem
2026.08.17 12:00,2026.08.17 13:00,39N050225361000Z,000028700084243212,0.0000,0.0000,,,nem
2026.08.17 12:00,2026.08.17 13:00,39N050225592000Z,K02000018L29674,8.6705,9.0000,,,nem
2026.08.17 12:00,2026.08.17 13:00,39N0502258590003,000053400004078297,0.0000,0.0000,,,nem
2026.08.17 12:00,2026.08.17 13:00,39N0502320940001,000053400002726024,0.2000,0.1956,,,nem
2026.08.17 12:00,2026.08.17 13:00,39N050233268000E,000040300013218204,0.0000,0.0000,,,nem
2026.08.17 12:00,2026.08.17 13:00,39N050233872000X,K3SC09000003822,0.0000,0.0000,,,nem
2026.08.17 12:00,2026.08.17 13:00,39N050235722000H,000000002246000065,0.0370,0.1420,,,nem
2026.08.17 12:00,2026.08.17 13:00,39N050235781000N,000000000000071480,0.0000,0.0000,,,nem
2026.08.17 12:00,2026.08.17 13:00,39N050236245000H,000006209160513005,0.0000,0.0000,,,nem
2026.08.17 12:00,2026.08.17 13:00,39N0502362660000,000027900020508134,5.0000,5.0495,,,nem
2026.08.17 12:00,2026.08.17 13:00,39N0502362660000,000040300011213597,0.0000,0.0000,,,nem
2026.08.17 12:00,2026.08.17 13:00,39N0502477110003,000052700000884957,2.6000,2.5009,,,nem
2026.08.17 12:00,2026.08.17 13:00,39N0502510990003,000019900016977384,3.9000,3.9308,,,nem
2026.08.17 12:00,2026.08.17 13:00,39N050251837000U,000040300007204770,0.0000,0.0000,,,nem
2026.08.17 12:00,2026.08.17 13:00,39N050252043000I,000027100005898029,0.0000,0.0000,,,nem
2026.08.17 12:00,2026.08.17 13:00,39N050252204000N,000006203229509031,0.0000,0.0000,,,nem
2026.08.17 12:00,2026.08.17 13:00,39N050253671000Y,000053400003708027,0.0000,0.0000,,,nem
2026.08.17 12:00,2026.08.17 13:00,39N050254055000N,000028700084243189,0.0000,0.0000,,,nem
2026.08.17 12:00,2026.08.17 13:00,39N0502542550009,000006203403563870,0.3000,0.2939,,,nem
2026.08.17 12:00,2026.08.17 13:00,39N050258835000L,000019900017022057,1.6000,1.6421,,,nem
2026.08.17 12:00,2026.08.17 13:00,39N050261616000F,000027100005848476,2.8000,2.8636,,,nem
2026.08.17 12:00,2026.08.17 13:00,39N050269363000V,000052700000884401,0.0000,0.0000,,,nem
2026.08.17 12:00,2026.08.17 13:00,39N050316475000U,000003300035201642,0.0000,0.0000,,,nem
2026.08.17 12:00,2026.08.17 13:00,39N050316475000U,000027000005848437,0.0000,0.0000,,,nem
2026.08.17 12:00,2026.08.17 13:00,39N0503424040008,000027100005870727,0.3000,0.2935,,,nem
2026.08.17 12:00,2026.08.17 13:00,39N0503439790009,000029200020502760,0.0000,0.0000,,,nem
2026.08.17 12:00,2026.08.17 13:00,39N050369436000H,000052700000889661,0.0000,0.0000,,,nem
2026.08.17 12:00,2026.08.17 13:00,39N050373639000R,000040300006202862,0.0000,0.0000,,,igen
2026.08.17 12:00,2026.08.17 13:00,39N050373666000O,000052700000887369,0.0000,0.0000,,,nem
2026.08.17 12:00,2026.08.17 13:00,39N050377940000D,000053400002719761,0.0000,0.0000,,,nem
2026.08.17 12:00,2026.08.17 13:00,39N050381165000Y,000000002246000284,3.0000,2.8780,,,nem
2026.08.17 12:00,2026.08.17 13:00,39N050385675000Z,000040400009210687,0.0000,0.0000,,,nem
2026.08.17 12:00,2026.08.17 13:00,39N050405255000Q,000029200020519053,0.0000,0.0000,,,nem
2026.08.17 12:00,2026.08.17 13:00,39N050414007000M,000029900020520529,2.8000,2.7406,,,nem
2026.08.17 12:00,2026.08.17 13:00,39N050414007000M,000040300011213341,0.0000,0.0000,,,nem
2026.08.17 12:00,2026.08.17 13:00,39N050415384000Y,000000002146000548,0.0000,0.0000,,,nem
2026.08.17 12:00,2026.08.17 13:00,39N050415384000Y,000053100004423834,0.0000,0.0000,,,nem
2026.08.17 12:00,2026.08.17 13:00,39N0504237770004,000028400084243416,0.0000,0.0000,,,nem
2026.08.17 12:00,2026.08.17 13:00,39N050433181000O,000000002246000180,0.0000,0.0000,,,nem
2026.08.17 12:00,2026.08.17 13:00,39N050445873000K,000053400002725979,0.0000,0.0000,,,nem
2026.08.17 12:00,2026.08.17 13:00,39N050450493000U,K3SCC0400000594,0.0000,0.0000,,,nem
2026.08.17 12:00,2026.08.17 13:00,39N0504550620004,000052600000887704,2.4000,2.3498,,,nem
2026.08.17 12:00,2026.08.17 13:00,39N050458746000Y,000027100005870754,0.0000,0.0000,,,nem
2026.08.17 12:00,2026.08.17 13:00,39N050458746000Y,000053300004228243,0.0000,0.0000,,,nem
2026.08.17 12:00,2026.08.17 13:00,39N050458746000Y,000053300006548960,0.0000,0.0000,,,nem
2026.08.17 12:00,2026.08.17 13:00,39N0504648650006,000052600000887402,0.0000,0.0000,,,nem
2026.08.17 12:00,2026.08.17 13:00,39N050471715000L,000029200020517911,0.0000,0.0000,,,nem
2026.08.17 12:00,2026.08.17 13:00,39N050483780000G,000027100005870759,0.6000,0.6220,,,nem
2026.08.17 12:00,2026.08.17 13:00,39N050484438000J,000052600000889209,0.1000,0.0978,,,nem
2026.08.17 12:00,2026.08.17 13:00,39N050485100000G,000040400014219743,0.0000,0.0000,,,nem
2026.08.17 12:00,2026.08.17 13:00,39N0504864890005,000053400003287118,0.0000,0.0000,,,nem
2026.08.17 12:00,2026.08.17 13:00,39N050510259000R,000027100005848322,0.0000,0.0000,,,nem
2026.08.17 12:00,2026.08.17 13:00,39N050515515000A,000052700000885935,0.0000,0.0000,,,nem
2026.08.17 12:00,2026.08.17 13:00,39N0505226180003,000011100000109610,2.9000,2.8406,,,nem
2026.08.17 12:00,2026.08.17 13:00,39N0505384670009,000027100005848294,0.0000,0.0000,,,nem
2026.08.17 12:00,2026.08.17 13:00,39N0505387730002,000052600000900177,0.0000,0.0000,,,nem
2026.08.17 12:00,2026.08.17 13:00,39N050548215000H,000053400002719801,0.2000,0.1959,,,nem
2026.08.17 12:00,2026.08.17 13:00,39N050548840000J,K3SC09000000010,3.4000,12.4800,,,nem
2026.08.17 12:00,2026.08.17 13:00,39N050552094000R,000029900020521702,3.4000,3.4401,,,nem
2026.08.17 12:00,2026.08.17 13:00,39N050553222000K,K3SC08000003475,1.4000,5.2200,,,nem
2026.08.17 12:00,2026.08.17 13:00,39N050553661000A,000034800000061526,0.0000,0.0000,,,nem
2026.08.17 12:00,2026.08.17 13:00,39N0505752100002,000052600000887553,0.0000,0.0000,,,nem
2026.08.17 12:00,2026.08.17 13:00,39N050576124000C,000034800000546505,0.0000,0.0000,,,nem
2026.08.17 12:00,2026.08.17 13:00,39N0505779810001,000006202897801013,15.1000,14.7708,,,nem
2026.08.17 12:00,2026.08.17 13:00,39N050583139000X,000053300004078348,0.0000,0.0000,,,nem
2026.08.17 12:00,2026.08.17 13:00,39N0505847100003,000053400002726046,0.0000,0.0000,,,nem
2026.08.17 12:00,2026.08.17 13:00,39N0505992060002,000053400003708023,5.1000,4.9888,,,nem
2026.08.17 12:00,2026.08.17 13:00,39N050603076000J,000051303403563786,0.3000,0.2935,,,nem
2026.08.17 12:00,2026.08.17 13:00,39N050607494000V,000038200077141480,0.0000,0.0000,,,nem
2026.08.17 12:00,2026.08.17 13:00,39N0506230230009,000053400003707928,9.1000,8.9016,,,nem
2026.08.17 12:00,2026.08.17 13:00,39N050626352000P,000034800000072507,0.0000,0.0000,,,nem
2026.08.17 12:00,2026.08.17 13:00,39N050626352000P,000053300002318656,0.0000,0.0000,,,nem
2026.08.17 12:00,2026.08.17 13:00,39N050627784000Z,000001300013013134,0.0000,0.0000,,,nem
2026.08.17 12:00,2026.08.17 13:00,39N050627784000Z,K3SC03402019428,0.0000,0.0000,,,nem
2026.08.17 12:00,2026.08.17 13:00,39N050635744000T,000051303403398549,4.1700,4.2342,,,nem
2026.08.17 12:00,2026.08.17 13:00,39N050636182000C,000040300014219987,0.0000,0.0000,,,nem
2026.08.17 12:00,2026.08.17 13:00,39N050636182000C,000053200006188793,0.1000,0.0980,,,nem
2026.08.17 12:00,2026.08.17 13:00,39N050636182000C,000053300004228213,0.0000,0.0000,,,nem
2026.08.17 12:00,2026.08.17 13:00,39N050642904000H,000053400002719822,4.5000,4.5531,,,nem
2026.08.17 12:00,2026.08.17 13:00,39N0506488920006,000038200077159774,0.0000,0.0000,,,igen
2026.08.17 12:00,2026.08.17 13:00,39N050655561000S,000027000005848448,0.0000,0.0000,,,nem
2026.08.17 12:00,2026.08.17 13:00,39N050655561000S,000027000005950344,0.0000,0.0000,,,nem
2026.08.17 12:00,2026.08.17 13:00,39N050655561000S,000040200008208469,0.0000,0.0000,,,nem
2026.08.17 12:00,2026.08.17 13:00,39N050673657000W,000029900020524037,0.0000,0.0000,,,igen
2026.08.17 12:00,2026.08.17 13:00,39N050690260000L,000051303403663324,0.0000,0.0000,,,nem
2026.08.17 12:00,2026.08.17 13:00,39N050708788000F,000027000005921259,0.3000,0.2912,,,nem
2026.08.17 12:00,2026.08.17 13:00,39N050720770000X,000040400012214791,0.0000,0.0000,,,nem
2026.08.17 12:00,2026.08.17 13:00,39N050740233000M,000052700000900251,0.0000,0.0000,,,nem
2026.08.17 12:00,2026.08.17 13:00,39N050744134000T,000052600000888120,6.3000,6.1627,,,nem
2026.08.17 12:00,2026.08.17 13:00,39N0507451030007,000000002246000087,1.5970,1.4780,,,nem
2026.08.17 12:00,2026.08.17 13:00,39N0507495580003,000000002246000226,0.0000,0.0000,,,nem
2026.08.17 12:00,2026.08.17 13:00,39N050750365000F,000044500028323170,0.0200,0.0203,,,nem
2026.08.17 12:00,2026.08.17 13:00,39N050750365000F,K3SC08000011520,0.0000,0.0000,,,nem
2026.08.17 12:00,2026.08.17 13:00,39N050750873000L,K02000018L29990,0.0000,0.0000,,,nem
2026.08.17 12:00,2026.08.17 13:00,39N050753398000W,000008800043780262,0.0000,0.0000,,,nem
2026.08.17 12:00,2026.08.17 13:00,39N050753398000W,000027000005848440,0.0000,0.0000,,,nem
2026.08.17 12:00,2026.08.17 13:00,39N050753398000W,000027000005950363,1.2000,1.1754,,,nem
2026.08.17 12:00,2026.08.17 13:00,39N050753398000W,000028700084243194,0.2000,0.1959,,,nem
2026.08.17 12:00,2026.08.17 13:00,39N050753839000S,000040300014219478,0.0000,0.0000,,,nem
2026.08.17 12:00,2026.08.17 13:00,39N050753876000J,000027000005848396,0.0000,0.0000,,,nem
2026.08.17 12:00,2026.08.17 13:00,39N050753876000J,000051303403563777,0.0000,0.0000,,,nem
2026.08.17 12:00,2026.08.17 13:00,39N050753876000J,000053300002728766,0.0000,0.0000,,,nem
2026.08.17 12:00,2026.08.17 13:00,39N050754012000C,K3SC03402019415,0.0000,0.0000,,,nem
2026.08.17 12:00,2026.08.17 13:00,39N050754015000Y,000027100005870748,0.0000,0.0000,,,nem
2026.08.17 12:00,2026.08.17 13:00,39N050754015000Y,K3SC03400984912,0.0000,0.0000,,,nem
2026.08.17 12:00,2026.08.17 13:00,39N050754578000M,000027100005848567,0.0000,0.0000,,,nem
2026.08.17 12:00,2026.08.17 13:00,39N050754578000M,000053300004228283,0.0000,0.0000,,,nem
2026.08.17 12:00,2026.08.17 13:00,39N050754578000M,000053400003290776,11.5000,11.2643,,,nem
2026.08.17 12:00,2026.08.17 13:00,39N050754716000H,000040300006200780,0.0000,0.0000,,,nem
2026.08.17 12:00,2026.08.17 13:00,39N050754716000H,K3SC04000000943,0.0000,0.0000,,,nem
2026.08.17 12:00,2026.08.17 13:00,39N050755929000B,SC07000007591,0.0000,0.0000,,,nem
2026.08.17 12:00,2026.08.17 13:00,39N050755997000G,000000002246000049,0.0000,0.0000,,,nem
2026.08.17 12:00,2026.08.17 13:00,39N050755997000G,000003500035198891,0.1000,0.0980,,,nem
2026.08.17 12:00,2026.08.17 13:00,39N0507569640004,000029200020511689,0.0000,0.0000,,,nem
2026.08.17 12:00,2026.08.17 13:00,39N050756996000D,K3SC08000006659,0.0000,0.0000,,,nem
2026.08.17 12:00,2026.08.17 13:00,39N050757163000K,K3SC08000005254,0.0000,0.0000,,,nem
2026.08.17 12:00,2026.08.17 13:00,39N050757415000J,000053400003290785,0.0000,0.0000,,,nem
2026.08.17 12:00,2026.08.17 13:00,39N050757415000J,K3SC09000000237,0.0000,0.0000,,,nem
2026.08.17 12:00,2026.08.17 13:00,39N050757439000O,000001300013505669,0.0000,0.0000,,,nem
2026.08.17 12:00,2026.08.17 13:00,39N050757439000O,000040300012216291,0.0000,0.0000,,,nem
2026.08.17 12:00,2026.08.17 13:00,39N050757439000O,000044500037979231,0.0000,0.0000,,,nem
2026.08.17 12:00,2026.08.17 13:00,39N050757439000O,K3SC08000002229,0.0000,0.0000,,,nem
2026.08.17 12:00,2026.08.17 13:00,39N050757450000K,000053400002719733,3.8000,4.5357,,,nem
2026.08.17 12:00,2026.08.17 13:00,39N050757450000K,K3SC03401169913,0.0000,0.0000,,,nem
2026.08.17 12:00,2026.08.17 13:00,39N050757472000Z,000000002246000059,0.0000,0.0000,,,nem
2026.08.17 12:00,2026.08.17 13:00,39N050757472000Z,000053400002719783,0.0000,0.0000,,,nem
2026.08.17 12:00,2026.08.17 13:00,39N050758923000H,000027900020522241,4.0000,3.9180,,,nem
2026.08.17 12:00,2026.08.17 13:00,39N050759606000R,K02202146000564,0.0100,0.0090,,,nem
2026.08.17 12:00,2026.08.17 13:00,39N0507599930004,000002800024149874,0.0000,0.0000,,,nem
2026.08.17 12:00,2026.08.17 13:00,39N0507599930004,SC07000001919,0.0000,0.0000,,,nem
2026.08.17 12:00,2026.08.17 13:00,39N050760458000R,000000002246000162,0.0000,0.0000,,,nem
2026.08.17 12:00,2026.08.17 13:00,39N050760458000R,000001300016230255,0.0100,0.0102,,,nem
2026.08.17 12:00,2026.08.17 13:00,39N050760709000V,K3SC03401061094,10.9000,72.1900,,,nem
2026.08.17 12:00,2026.08.17 13:00,39N050762038000E,K02202246000183,0.0000,0.0000,,,nem
2026.08.17 12:00,2026.08.17 13:00,39N050762094000Z,000033300005960005,0.0000,0.0000,,,nem
2026.08.17 12:00,2026.08.17 13:00,39N050762094000Z,K3SC03400723975,0.0000,0.0000,,,nem
2026.08.17 12:00,2026.08.17 13:00,39N050764763000U,000012000075117793,0.1000,0.1015,,,nem
2026.08.17 12:00,2026.08.17 13:00,39N050764763000U,000053100006730746,0.0000,0.0000,,,nem
2026.08.17 12:00,2026.08.17 13:00,39N050764763000U,K3SC09000000002,0.0000,0.0000,,,nem
2026.08.17 12:00,2026.08.17 13:00,39N050764779000V,000052100004064528,0.0000,0.0000,,,nem
2026.08.17 12:00,2026.08.17 13:00,39N050764779000V,K3SC03402019421,0.0000,0.0000,,,nem
2026.08.17 12:00,2026.08.17 13:00,39N050765037000W,K02000017L29370,0.0000,0.0000,,,nem
2026.08.17 12:00,2026.08.17 13:00,39N0507679070008,000000002146000466,0.0000,0.0000,,,nem
2026.08.17 12:00,2026.08.17 13:00,39N0507679070008,000040300007204577,0.0000,0.0000,,,nem
2026.08.17 12:00,2026.08.17 13:00,39N0507679070008,000040300014219638,0.0000,0.0000,,,nem
2026.08.17 12:00,2026.08.17 13:00,39N0507679070008,000053100004211708,0.0000,0.0000,,,nem
2026.08.17 12:00,2026.08.17 13:00,39N0507679070008,000053300004078695,0.0000,0.0000,,,nem
2026.08.17 12:00,2026.08.17 13:00,39N0507679070008,SC07000001932,0.0000,0.0000,,,nem
2026.08.17 12:00,2026.08.17 13:00,39N0507693140006,000000002246000115,0.0000,0.0000,,,nem
2026.08.17 12:00,2026.08.17 13:00,39N0507705100001,000029900020514285,0.0000,0.0000,,,nem
2026.08.17 12:00,2026.08.17 13:00,39N0507705100001,000051303403563760,0.0000,0.0000,,,nem
2026.08.17 12:00,2026.08.17 13:00,39N0507705100001,000052700000899611,0.0000,0.0000,,,nem
2026.08.17 12:00,2026.08.17 13:00,39N0507705100001,K3SC07000001924,0.0000,0.0000,,,nem
2026.08.17 12:00,2026.08.17 13:00,39N050771852000C,K3SC07000001832,0.0000,0.0000,,,nem
2026.08.17 12:00,2026.08.17 13:00,39N0507730720003,000053300004228387,0.0000,0.0000,,,nem
2026.08.17 12:00,2026.08.17 13:00,39N050773615000J,K3SC34000505359,0.0000,0.0000,,,nem
2026.08.17 12:00,2026.08.17 13:00,39N050773622000S,000053300004228493,0.0000,0.0000,,,nem
2026.08.17 12:00,2026.08.17 13:00,39N050773622000S,K3SC09000000250,0.0000,0.0000,,,nem
2026.08.17 12:00,2026.08.17 13:00,39N050773882000F,K3SC03402019413,0.0000,0.0000,,,nem
2026.08.17 12:00,2026.08.17 13:00,39N0507741940003,K02000018L29724,0.0000,0.0000,,,nem
2026.08.17 12:00,2026.08.17 13:00,39N050774244000Q,000044700031395811,0.5300,0.5382,,,nem
2026.08.17 12:00,2026.08.17 13:00,39N050774244000Q,K3SC03400699635,11.4000,42.6400,,,nem
2026.08.17 12:00,2026.08.17 13:00,39N0507742750003,000027900020519928,0.0000,0.0000,,,nem
2026.08.17 12:00,2026.08.17 13:00,39N050775645000M,000008800045007665,0.0000,0.0000,,,nem
2026.08.17 12:00,2026.08.17 13:00,39N050775645000M,000027900020502769,0.0000,0.0000,,,nem
2026.08.17 12:00,2026.08.17 13:00,39N050776264000Z,000027100005870779,1.1000,1.0760,,,nem
2026.08.17 12:00,2026.08.17 13:00,39N050776439000E,000001300023106173,0.0000,0.0000,,,nem
2026.08.17 12:00,2026.08.17 13:00,39N050776439000E,SC07000006370,0.0000,0.0000,,,nem
2026.08.17 12:00,2026.08.17 13:00,39N050776462000V,K02000017L29063,0.0000,0.0000,,,nem
2026.08.17 12:00,2026.08.17 13:00,39N0507772080006,000000002246000073,0.0000,0.0000,,,nem
2026.08.17 12:00,2026.08.17 13:00,39N050777442000Z,000002600043780817,0.0000,0.0000,,,nem
2026.08.17 12:00,2026.08.17 13:00,39N050777442000Z,K02000017L29055,0.0000,0.0000,,,nem
2026.08.17 12:00,2026.08.17 13:00,39N050777442000Z,K02202146000484,0.0000,0.0000,,,nem
2026.08.17 12:00,2026.08.17 13:00,39N050777482000B,000000002246000043,0.0000,0.0000,,,nem
2026.08.17 12:00,2026.08.17 13:00,39N050792697000P,000027000005848410,0.0000,0.0000,,,nem
2026.08.17 12:00,2026.08.17 13:00,39N050793035000V,000035500084243061,0.0000,0.0000,,,nem
2026.08.17 12:00,2026.08.17 13:00,39N050793035000V,000035500084243063,0.0000,0.0000,,,nem
2026.08.17 12:00,2026.08.17 13:00,39N0507981050002,000029200020524061,0.0000,0.0000,,,nem
2026.08.17 12:00,2026.08.17 13:00,39N050813036000E,000027100005897973,0.0000,0.0000,,,nem
2026.08.17 12:00,2026.08.17 13:00,39N050814444000J,000053300003306760,0.0000,0.0000,,,nem
2026.08.17 12:00,2026.08.17 13:00,39N050816644000Q,000052600000899462,0.2000,0.1956,,,nem
2026.08.17 12:00,2026.08.17 13:00,39N0508179760006,SC10000001096,1.3700,4.6300,,,nem
2026.08.17 12:00,2026.08.17 13:00,39N050818676000J,000040400014219207,0.0000,0.0000,,,nem
2026.08.17 12:00,2026.08.17 13:00,39N050820134000W,000053100004211197,0.0300,0.0305,,,nem
2026.08.17 12:00,2026.08.17 13:00,39N050820134000W,K3SC03402019414,0.0000,0.0000,,,nem
2026.08.17 12:00,2026.08.17 13:00,39N050820458000G,000052700000885406,20.8000,21.5446,,,nem
2026.08.17 12:00,2026.08.17 13:00,39N050822345000S,000052600000884385,2.6000,2.5009,,,nem
2026.08.17 12:00,2026.08.17 13:00,39N0508227020002,K3SC03401147239,0.0000,0.0000,,,nem
2026.08.17 12:00,2026.08.17 13:00,39N050831052000K,K3SC03401169907,0.0300,0.0900,,,nem
2026.08.17 12:00,2026.08.17 13:00,39N050831052000K,K3SC07000006344,0.0000,0.0000,,,nem
2026.08.17 12:00,2026.08.17 13:00,39N050831214000K,K3SC08000001061,0.0000,0.0000,,,nem
2026.08.17 12:00,2026.08.17 13:00,39N050831732000K,000000002246000171,0.0000,0.0000,,,nem
2026.08.17 12:00,2026.08.17 13:00,39N050831732000K,000000002246000297,0.0000,0.0000,,,nem
2026.08.17 12:00,2026.08.17 13:00,39N050832564000Z,K3SC08000002241,0.0000,0.0000,,,nem
2026.08.17 12:00,2026.08.17 13:00,39N050833827000F,K3SC03400699729,0.0000,0.0000,,,nem
2026.08.17 12:00,2026.08.17 13:00,39N050836149000I,K3SC03401414828,0.0000,0.0000,,,nem
2026.08.17 12:00,2026.08.17 13:00,39N050836830000K,000000003403233014,0.0000,0.0000,,,nem
2026.08.17 12:00,2026.08.17 13:00,39N050836979000I,000053400003290796,0.0000,0.0000,,,nem
2026.08.17 12:00,2026.08.17 13:00,39N0508398450002,K3SC08000002237,0.0000,0.0000,,,nem
2026.08.17 12:00,2026.08.17 13:00,39N050841968000N,SC11000000589,0.0000,0.0000,,,nem
2026.08.17 12:00,2026.08.17 13:00,39N050843706000U,000053300004078513,0.0000,0.0000,,,nem
2026.08.17 12:00,2026.08.17 13:00,39N050844930000K,000052600000914889,0.1000,0.0980,,,nem
2026.08.17 12:00,2026.08.17 13:00,39N050847541000D,K3SC09000000240,0.0000,0.0000,,,nem
2026.08.17 12:00,2026.08.17 13:00,39N050847787000J,000034800000031563,0.0000,0.0000,,,nem
2026.08.17 12:00,2026.08.17 13:00,39N0508480240000,000052700000909509,0.0000,0.0000,,,nem
2026.08.17 12:00,2026.08.17 13:00,39N050848355000U,000040300012215942,0.0000,0.0000,,,nem
2026.08.17 12:00,2026.08.17 13:00,39N0508490730004,000051303403563818,18.0000,17.6184,,,nem
2026.08.17 12:00,2026.08.17 13:00,39N050849323000D,K3SC04000000054,6.2000,23.4800,,,nem
2026.08.17 12:00,2026.08.17 13:00,39N050851794000U,K3SC07000006360,0.0000,0.0000,,,nem
2026.08.17 12:00,2026.08.17 13:00,39N050861247000Y,K3SC09000003821,0.0000,0.0000,,,nem
2026.08.17 12:00,2026.08.17 13:00,39N050866001000P,000000002246000036,0.4200,2.7110,,,nem
2026.08.17 12:00,2026.08.17 13:00,39N050875710000B,K3SC11000000578,0.0000,0.0000,,,nem
2026.08.17 12:00,2026.08.17 13:00,39N0508759240008,K3SC03401061101,0.0000,0.0000,,,nem
2026.08.17 12:00,2026.08.17 13:00,39N0508788210006,000053300004078461,0.0000,0.0000,,,nem
2026.08.17 12:00,2026.08.17 13:00,39N050879364000V,K02000016L28058,0.0000,0.0000,,,nem
2026.08.17 12:00,2026.08.17 13:00,39N0508813320003,000029900020519902,0.0000,0.0000,,,nem
2026.08.17 12:00,2026.08.17 13:00,39N050882973000Z,000040300009900172,0.0000,0.0000,,,nem
2026.08.17 12:00,2026.08.17 13:00,39N050890535000A,000000002146000441,0.0000,0.0000,,,nem
2026.08.17 12:00,2026.08.17 13:00,39N0508949570002,000027100005897971,0.0000,0.0000,,,nem
2026.08.17 12:00,2026.08.17 13:00,39N050896400000C,K3SC03400574253,0.0000,0.0000,,,nem
2026.08.17 12:00,2026.08.17 13:00,39N050896796000I,000027700001184418,0.0000,0.0000,,,nem
2026.08.17 12:00,2026.08.17 13:00,39N050898846000P,K3SC03400699737,0.0000,0.0000,,,nem
2026.08.17 12:00,2026.08.17 13:00,39N050913091000U,000027100005848490,0.0000,0.0000,,,nem
2026.08.17 12:00,2026.08.17 13:00,39N050915973000R,K3SC08000002025,0.0000,0.0000,,,nem
2026.08.17 12:00,2026.08.17 13:00,39N050916593000Z,K3SC03401169915,1.4000,5.2300,,,nem
2026.08.17 13:00,2026.08.17 14:00,39N0500091210005,000038200077158060,0.0000,0.0000,,,nem
2026.08.17 13:00,2026.08.17 14:00,39N050022609000H,000053300003307178,0.5000,0.5059,,,nem
2026.08.17 13:00,2026.08.17 14:00,39N050029731000D,000052600000914866,0.0000,0.0000,,,nem
2026.08.17 13:00,2026.08.17 14:00,39N050031988000Q,000052600000899454,0.0000,0.0000,,,nem
2026.08.17 13:00,2026.08.17 14:00,39N050032468000S,000052700000899362,0.0000,0.0000,,,nem
2026.08.17 13:00,2026.08.17 14:00,39N050033836000K,000027100005848245,1.8000,1.8277,,,nem
2026.08.17 13:00,2026.08.17 14:00,39N050034412000Z,000002600043780756,0.0000,0.0000,,,nem
2026.08.17 13:00,2026.08.17 14:00,39N050034412000Z,000052700000885403,3.1000,3.0343,,,nem
2026.08.17 13:00,2026.08.17 14:00,39N0500344350008,000046700000888615,0.0000,0.0000,,,nem
2026.08.17 13:00,2026.08.17 14:00,39N050034459000D,000040400014219775,0.0000,0.0000,,,nem
2026.08.17 13:00,2026.08.17 14:00,39N050042294000Z,000040400008209973,0.0000,0.0000,,,nem
2026.08.17 13:00,2026.08.17 14:00,39N050044030000F,000027000035197562,0.0000,0.0000,,,nem
2026.08.17 13:00,2026.08.17 14:00,39N050052498000T,SC05000004104,0.0000,0.0000,,,nem
2026.08.17 13:00,2026.08.17 14:00,39N050053842000G,K3SC03401169905,0.0000,0.0000,,,nem
2026.08.17 13:00,2026.08.17 14:00,39N0500617550009,000044500034101914,0.0000,0.0000,,,nem
2026.08.17 13:00,2026.08.17 14:00,39N0500617550009,K3SC03400699700,0.0000,0.0000,,,nem
2026.08.17 13:00,2026.08.17 14:00,39N050066949000F,000053400003290721,0.0000,0.0000,,,nem
2026.08.17 13:00,2026.08.17 14:00,39N050068660000G,000035500084243026,0.0000,0.0000,,,nem
2026.08.17 13:00,2026.08.17 14:00,39N050068660000G,000035500084243027,0.0000,0.0000,,,nem
2026.08.17 13:00,2026.08.17 14:00,39N050071512000G,000051303403398537,0.0000,0.0000,,,nem
2026.08.17 13:00,2026.08.17 14:00,39N050073737000N,000040400006201455,0.0000,0.0000,,,nem
2026.08.17 13:00,2026.08.17 14:00,39N050073762000U,000053400004078277,0.0000,0.0000,,,nem
2026.08.17 13:00,2026.08.17 14:00,39N050075194000S,000029200020524049,0.4000,0.4074,,,nem
2026.08.17 13:00,2026.08.17 14:00,39N0500755940000,000027000005950284,0.0000,0.0000,,,nem
2026.08.17 13:00,2026.08.17 14:00,39N0500755940000,000052600000886571,0.0000,0.0000,,,nem
2026.08.17 13:00,2026.08.17 14:00,39N050076850000F,000006201754704050,6.2000,6.1020,,,nem
2026.08.17 13:00,2026.08.17 14:00,39N050076850000F,000040300006201137,0.3000,0.2939,,,nem
2026.08.17 13:00,2026.08.17 14:00,39N050081322000F,000053400003290798,5.0000,5.0350,,,nem
2026.08.17 13:00,2026.08.17 14:00,39N050083908000D,000006202897801002,0.0000,0.0000,,,nem
2026.08.17 13:00,2026.08.17 14:00,39N050083908000D,000040300011213334,0.0000,0.0000,,,nem
2026.08.17 13:00,2026.08.17 14:00,39N050089206000O,000006203403563919,2.9000,2.9197,,,nem
2026.08.17 13:00,2026.08.17 14:00,39N050089206000O,000028700084091487,0.0000,0.0000,,,nem
2026.08.17 13:00,2026.08.17 14:00,39N050089342000D,000015608267713002,0.0000,0.0000,,,nem
2026.08.17 13:00,2026.08.17 14:00,39N050094459000X,000040400006201425,0.0000,0.0000,,,nem
2026.08.17 13:00,2026.08.17 14:00,39N050094490000H,000027100005894204,0.0000,0.0000,,,nem
2026.08.17 13:00,2026.08.17 14:00,39N050106941000P,000027100005848507,0.0000,0.0000,,,nem
2026.08.17 13:00,2026.08.17 14:00,39N0501191590002,000029200020517908,0.0000,0.0000,,,nem
2026.08.17 13:00,2026.08.17 14:00,39N050132558000H,000040400007204469,2.5000,2.4470,,,nem
2026.08.17 13:00,2026.08.17 14:00,39N050137387000F,000052600000900202,6.6000,6.4601,,,nem
2026.08.17 13:00,2026.08.17 14:00,39N050145410000I,000027100005848241,0.9000,0.8809,,,nem
2026.08.17 13:00,2026.08.17 14:00,39N050146207000W,000052700000899364,0.0000,0.0000,,,nem
2026.08.17 13:00,2026.08.17 14:00,39N050153206000F,K3SC06000007800,1.0000,0.9700,,,nem
2026.08.17 13:00,2026.08.17 14:00,39N0501601470008,000040300008206765,0.0000,0.0000,,,igen
2026.08.17 13:00,2026.08.17 14:00,39N0501601470008,000040300014219822,0.0000,0.0000,,,igen
2026.08.17 13:00,2026.08.17 14:00,39N050160341000O,000052700000899034,1.9000,1.9293,,,nem
2026.08.17 13:00,2026.08.17 14:00,39N0501618590009,000053400002726045,4.9000,4.7961,,,nem
2026.08.17 13:00,2026.08.17 14:00,39N050168020000Z,L01A625,3.0000,2.9877,,,nem
2026.08.17 13:00,2026.08.17 14:00,39N050176728000R,000040300012214339,0.0000,0.0000,,,nem
2026.08.17 13:00,2026.08.17 14:00,39N050176728000R,000053300003348438,0.0000,0.0000,,,nem
2026.08.17 13:00,2026.08.17 14:00,39N050177032000I,000053400003290719,0.0000,0.0000,,,nem
2026.08.17 13:00,2026.08.17 14:00,39N0501770340008,000053400002725990,0.3000,0.3024,,,nem
2026.08.17 13:00,2026.08.17 14:00,39N050180150000J,000000002246000217,0.9230,0.9090,,,nem
2026.08.17 13:00,2026.08.17 14:00,39N050197735000A,000053400003290744,0.0000,0.0000,,,nem
2026.08.17 13:00,2026.08.17 14:00,39N0502000520004,000029900020519904,24.8000,26.6724,,,nem
2026.08.17 13:00,2026.08.17 14:00,39N0502000520004,000053400003290731,3.3000,3.1568,,,nem
2026.08.17 13:00,2026.08.17 14:00,39N050207087000G,000033300005960021,0.0000,0.0000,,,nem
2026.08.17 13:00,2026.08.17 14:00,39N050207887000Y,000011100000109615,0.0000,0.0000,,,nem
2026.08.17 13:00,2026.08.17 14:00,39N050208125000A,000028700084091484,0.0000,0.0000,,,nem
2026.08.17 13:00,2026.08.17 14:00,39N050208128000W,000052600000896583,0.0000,0.0000,,,nem
2026.08.17 13:00,2026.08.17 14:00,39N050208164000S,000000002246000198,9.0000,9.2520,,,nem
2026.08.17 13:00,2026.08.17 14:00,39N050209187000U,000027000005926405,0.0000,0.0000,,,nem
2026.08.17 13:00,2026.08.17 14:00,39N0502109170005,000053400003708002,0.0000,0.0000,,,nem
2026.08.17 13:00,2026.08.17 14:00,39N0502109620000,000027100005894243,0.0000,0.0000,,,nem
2026.08.17 13:00,2026.08.17 14:00,39N050212788000U,000053600000897292,0.0000,0.0000,,,nem
2026.08.17 13:00,2026.08.17 14:00,39N050213910000G,000027100005898038,0.0000,0.0000,,,nem
2026.08.17 13:00,2026.08.17 14:00,39N050214190000G,K3SC03400699752,2.6300,9.0400,,,nem
2026.08.17 13:00,2026.08.17 14:00,39N050214638000E,K02000017L28861,0.0000,0.0000,,,nem
2026.08.17 13:00,2026.08.17 14:00,39N050214647000D,K3SC06000003455,0.0000,0.0000,,,nem
2026.08.17 13:00,2026.08.17 14:00,39N050214652000W,000008800043449669,0.0000,0.0000,,,nem
2026.08.17 13:00,2026.08.17 14:00,39N050214652000W,000027000005894200,0.0000,0.0000,,,nem
2026.08.17 13:00,2026.08.17 14:00,39N050214652000W,K3SC08000002012,0.0000,0.0000,,,nem
2026.08.17 13:00,2026.08.17 14:00,39N050214655000H,K3SC09000000230,0.0000,0.0000,,,nem
2026.08.17 13:00,2026.08.17 14:00,39N050214668000X,000000002246000235,0.0000,0.0000,,,nem
2026.08.17 13:00,2026.08.17 14:00,39N050214674000A,K3SC07000007598,0.0000,0.0000,,,nem
2026.08.17 13:00,2026.08.17 14:00,39N050214697000K,K3SC07000006334,0.0000,0.0000,,,nem
2026.08.17 13:00,2026.08.17 14:00,39N050214912000Z,K3SC07000001923,0.0000,0.0000,,,nem
2026.08.17 13:00,2026.08.17 14:00,39N050214941000M,EP07883,0.0000,0.0000,,,nem
2026.08.17 13:00,2026.08.17 14:00,39N050215930000P,K3SC06000002907,0.0000,0.0000,,,nem
2026.08.17 13:00,2026.08.17 14:00,39N050215938000M,K02000017L29066,0.0000,0.0000,,,nem
2026.08.17 13:00,2026.08.17 14:00,39N0502159430004,K3SC07000001954,0.0000,0.0000,,,nem
2026.08.17 13:00,2026.08.17 14:00,39N050215958000A,000000002246000117,0.0000,0.0000,,,nem
2026.08.17 13:00,2026.08.17 14:00,39N050215958000A,K02000017L29366,0.0000,0.0000,,,nem
2026.08.17 13:00,2026.08.17 14:00,39N050215987000Y,000040300012214341,0.0000,0.0000,,,nem
2026.08.17 13:00,2026.08.17 14:00,39N050215987000Y,K3SC04000000062,0.0000,0.0000,,,nem
2026.08.17 13:00,2026.08.17 14:00,39N050215987000Y,K3SC07000002663,0.0000,0.0000,,,nem
2026.08.17 13:00,2026.08.17 14:00,39N050215990000Q,000000002146000419,0.0000,0.0000,,,nem
2026.08.17 13:00,2026.08.17 14:00,39N050215990000Q,000000002246000261,0.0050,0.0050,,,nem
2026.08.17 13:00,2026.08.17 14:00,39N050215996000X,000000002246000205,0.0000,0.0000,,,nem
2026.08.17 13:00,2026.08.17 14:00,39N050215996000X,000044600000607648,0.0000,0.0000,,,nem
2026.08.17 13:00,2026.08.17 14:00,39N050215996000X,000044600000614795,0.0000,0.0000,,,nem
2026.08.17 13:00,2026.08.17 14:00,39N050216000000O,K3SC08000006643,0.0000,0.0000,,,nem
2026.08.17 13:00,2026.08.17 14:00,39N050216189000Z,K3SC09000000005,0.0000,0.0000,,,nem
2026.08.17 13:00,2026.08.17 14:00,39N050216319000Q,K3SC04000000788,0.0000,0.0000,,,nem
2026.08.17 13:00,2026.08.17 14:00,39N050217344000P,SC06000007846,43.0000,81.4300,,,nem
2026.08.17 13:00,2026.08.17 14:00,39N050217514000T,000000002246000191,2.6900,2.7880,,,nem
2026.08.17 13:00,2026.08.17 14:00,39N050217594000I,K02000017L28855,0.0000,0.0000,,,nem
2026.08.17 13:00,2026.08.17 14:00,39N0502177240009,000006209160519002,1.0000,1.0070,,,nem
2026.08.17 13:00,2026.08.17 14:00,39N0502177240009,000027700001201786,0.0000,0.0000,,,nem
2026.08.17 13:00,2026.08.17 14:00,39N0502177240009,K3SC08000001999,0.0000,0.0000,,,nem
2026.08.17 13:00,2026.08.17 14:00,39N0502177250004,000000002146000444,0.0000,0.0000,,,nem
2026.08.17 13:00,2026.08.17 14:00,39N0502177250004,000053200002511869,0.0000,0.0000,,,nem
2026.08.17 13:00,2026.08.17 14:00,39N050218554000Y,K02202146000431,0.0000,0.0000,,,nem
2026.08.17 13:00,2026.08.17 14:00,39N050218563000X,000000000001084616,0.0000,0.0000,,,nem
2026.08.17 13:00,2026.08.17 14:00,39N050218588000X,K3SC08000009353,3.0000,9.9500,,,nem
2026.08.17 13:00,2026.08.17 14:00,39N050218591000P,000008800043780320,0.0000,0.0000,,,nem
2026.08.17 13:00,2026.08.17 14:00,39N050218591000P,K02202146000387,0.0000,0.0000,,,nem
2026.08.17 13:00,2026.08.17 14:00,39N0502185960000,000045500001090171,0.0000,0.0000,,,nem
2026.08.17 13:00,2026.08.17 14:00,39N0502186000003,000000002246000034,0.0000,0.0000,,,nem
2026.08.17 13:00,2026.08.17 14:00,39N0502186000003,000044500026294967,0.0000,0.0000,,,nem
2026.08.17 13:00,2026.08.17 14:00,39N050218709000P,000000002146000433,0.0000,0.0000,,,nem
2026.08.17 13:00,2026.08.17 14:00,39N050218709000P,000027000005871862,0.0000,0.0000,,,nem
2026.08.17 13:00,2026.08.17 14:00,39N050219101000P,000053100006284304,0.0000,0.0000,,,nem
2026.08.17 13:00,2026.08.17 14:00,39N050219101000P,K11702446102256,0.0000,0.0000,,,nem
2026.08.17 13:00,2026.08.17 14:00,39N050219111000J,000053100006086023,0.0000,0.0000,,,nem
2026.08.17 13:00,2026.08.17 14:00,39N050219111000J,K3SC08000002002,0.0000,0.0000,,,nem
2026.08.17 13:00,2026.08.17 14:00,39N0502191220008,000000002146000405,0.0000,0.0000,,,nem
2026.08.17 13:00,2026.08.17 14:00,39N050219127000K,K02000018L30060,0.0000,0.0000,,,nem
2026.08.17 13:00,2026.08.17 14:00,39N050219144000N,K3SC07000001933,9.6000,9.2800,,,nem
2026.08.17 13:00,2026.08.17 14:00,39N050222615000B,K3SC08000002009,0.0000,0.0000,,,nem
2026.08.17 13:00,2026.08.17 14:00,39N050224132000X,000052600000885006,0.0000,0.0000,,,nem
2026.08.17 13:00,2026.08.17 14:00,39N050225228000V,000052600000887973,0.0000,0.0000,,,nem
2026.08.17 13:00,2026.08.17 14:00,39N050225361000Z,000028700084243212,0.0000,0.0000,,,nem
2026.08.17 13:00,2026.08.17 14:00,39N050225592000Z,K02000018L29674,8.6705,9.0000,,,nem
2026.08.17 13:00,2026.08.17 14:00,39N0502258590003,000053400004078297,0.0000,0.0000,,,nem
2026.08.17 13:00,2026.08.17 14:00,39N0502320940001,000053400002726024,0.2000,0.1956,,,nem
2026.08.17 13:00,2026.08.17 14:00,39N050233268000E,000040300013218204,0.0000,0.0000,,,nem
2026.08.17 13:00,2026.08.17 14:00,39N050233872000X,K3SC09000003822,0.0000,0.0000,,,nem
2026.08.17 13:00,2026.08.17 14:00,39N050235722000H,000000002246000065,1.4510,5.5520,,,nem
2026.08.17 13:00,2026.08.17 14:00,39N050235781000N,000000000000071480,0.0000,0.0000,,,nem
2026.08.17 13:00,2026.08.17 14:00,39N050236245000H,000006209160513005,0.5000,0.4810,,,nem
2026.08.17 13:00,2026.08.17 14:00,39N0502362660000,000027900020508134,0.0000,0.0000,,,nem
2026.08.17 13:00,2026.08.17 14:00,39N0502362660000,000040300011213597,0.0000,0.0000,,,nem
2026.08.17 13:00,2026.08.17 14:00,39N0502477110003,000052700000884957,4.8000,4.6171,,,nem
2026.08.17 13:00,2026.08.17 14:00,39N0502510990003,000019900016977384,8.5000,8.5672,,,nem
2026.08.17 13:00,2026.08.17 14:00,39N050251837000U,000040300007204770,0.0000,0.0000,,,nem
2026.08.17 13:00,2026.08.17 14:00,39N050252043000I,000027100005898029,1.1000,1.1567,,,nem
2026.08.17 13:00,2026.08.17 14:00,39N050252204000N,000006203229509031,3.2000,3.3043,,,nem
2026.08.17 13:00,2026.08.17 14:00,39N050253671000Y,000053400003708027,0.0000,0.0000,,,nem
2026.08.17 13:00,2026.08.17 14:00,39N050254055000N,000028700084243189,0.0000,0.0000,,,nem
2026.08.17 13:00,2026.08.17 14:00,39N0502542550009,000006203403563870,0.4000,0.3918,,,nem
2026.08.17 13:00,2026.08.17 14:00,39N050258835000L,000019900017022057,0.8000,0.8210,,,nem
2026.08.17 13:00,2026.08.17 14:00,39N050261616000F,000027100005848476,1.8000,1.8409,,,nem
2026.08.17 13:00,2026.08.17 14:00,39N050269363000V,000052700000884401,0.0000,0.0000,,,nem
2026.08.17 13:00,2026.08.17 14:00,39N050316475000U,000003300035201642,0.0000,0.0000,,,nem
2026.08.17 13:00,2026.08.17 14:00,39N050316475000U,000027000005848437,0.0000,0.0000,,,nem
2026.08.17 13:00,2026.08.17 14:00,39N0503424040008,000027100005870727,0.3000,0.2935,,,nem
2026.08.17 13:00,2026.08.17 14:00,39N0503439790009,000029200020502760,0.1000,0.0980,,,nem
2026.08.17 13:00,2026.08.17 14:00,39N050369436000H,000052700000889661,0.0000,0.0000,,,nem
2026.08.17 13:00,2026.08.17 14:00,39N050373639000R,000040300006202862,0.0000,0.0000,,,igen
2026.08.17 13:00,2026.08.17 14:00,39N050373666000O,000052700000887369,0.0000,0.0000,,,nem
2026.08.17 13:00,2026.08.17 14:00,39N050377940000D,000053400002719761,0.0000,0.0000,,,nem
2026.08.17 13:00,2026.08.17 14:00,39N050381165000Y,000000002246000284,1.0000,0.9560,,,nem
2026.08.17 13:00,2026.08.17 14:00,39N050385675000Z,000040400009210687,0.0000,0.0000,,,nem
2026.08.17 13:00,2026.08.17 14:00,39N050405255000Q,000029200020519053,0.0000,0.0000,,,nem
2026.08.17 13:00,2026.08.17 14:00,39N050414007000M,000029900020520529,0.0000,0.0000,,,nem
2026.08.17 13:00,2026.08.17 14:00,39N050414007000M,000040300011213341,0.0000,0.0000,,,nem
2026.08.17 13:00,2026.08.17 14:00,39N050415384000Y,000000002146000548,0.0000,0.0000,,,nem
2026.08.17 13:00,2026.08.17 14:00,39N050415384000Y,000053100004423834,0.0000,0.0000,,,nem
2026.08.17 13:00,2026.08.17 14:00,39N0504237770004,000028400084243416,0.0000,0.0000,,,nem
2026.08.17 13:00,2026.08.17 14:00,39N050433181000O,000000002246000180,0.0000,0.0000,,,nem
2026.08.17 13:00,2026.08.17 14:00,39N050445873000K,000053400002725979,0.0000,0.0000,,,nem
2026.08.17 13:00,2026.08.17 14:00,39N050450493000U,K3SCC0400000594,0.0000,0.0000,,,nem
2026.08.17 13:00,2026.08.17 14:00,39N0504550620004,000052600000887704,2.4000,2.3498,,,nem
2026.08.17 13:00,2026.08.17 14:00,39N050458746000Y,000027100005870754,0.0000,0.0000,,,nem
2026.08.17 13:00,2026.08.17 14:00,39N050458746000Y,000053300004228243,0.0000,0.0000,,,nem
2026.08.17 13:00,2026.08.17 14:00,39N050458746000Y,000053300006548960,0.0000,0.0000,,,nem
2026.08.17 13:00,2026.08.17 14:00,39N0504648650006,000052600000887402,0.0000,0.0000,,,nem
2026.08.17 13:00,2026.08.17 14:00,39N050471715000L,000029200020517911,0.0000,0.0000,,,nem
2026.08.17 13:00,2026.08.17 14:00,39N050483780000G,000027100005870759,0.6000,0.6220,,,nem
2026.08.17 13:00,2026.08.17 14:00,39N050484438000J,000052600000889209,0.1000,0.0978,,,nem
2026.08.17 13:00,2026.08.17 14:00,39N050485100000G,000040400014219743,1.3000,1.2734,,,nem
2026.08.17 13:00,2026.08.17 14:00,39N0504864890005,000053400003287118,0.0000,0.0000,,,nem
2026.08.17 13:00,2026.08.17 14:00,39N050510259000R,000027100005848322,0.0000,0.0000,,,nem
2026.08.17 13:00,2026.08.17 14:00,39N050515515000A,000052700000885935,0.0000,0.0000,,,nem
2026.08.17 13:00,2026.08.17 14:00,39N0505226180003,000011100000109610,4.5000,4.4078,,,nem
2026.08.17 13:00,2026.08.17 14:00,39N0505384670009,000027100005848294,0.0000,0.0000,,,nem
2026.08.17 13:00,2026.08.17 14:00,39N0505387730002,000052600000900177,0.0000,0.0000,,,nem
2026.08.17 13:00,2026.08.17 14:00,39N050548215000H,000053400002719801,0.0000,0.0000,,,nem
2026.08.17 13:00,2026.08.17 14:00,39N050548840000J,K3SC09000000010,4.2000,15.3500,,,nem
2026.08.17 13:00,2026.08.17 14:00,39N050552094000R,000029900020521702,14.6000,14.7723,,,nem
2026.08.17 13:00,2026.08.17 14:00,39N050553222000K,K3SC08000003475,1.9000,6.9900,,,nem
2026.08.17 13:00,2026.08.17 14:00,39N050553661000A,000034800000061526,8.0000,8.5680,,,nem
2026.08.17 13:00,2026.08.17 14:00,39N0505752100002,000052600000887553,0.0000,0.0000,,,nem
2026.08.17 13:00,2026.08.17 14:00,39N050576124000C,000034800000546505,0.0000,0.0000,,,nem
2026.08.17 13:00,2026.08.17 14:00,39N0505779810001,000006202897801013,0.3000,0.2935,,,nem
2026.08.17 13:00,2026.08.17 14:00,39N050583139000X,000053300004078348,0.0000,0.0000,,,nem
2026.08.17 13:00,2026.08.17 14:00,39N0505847100003,000053400002726046,0.0000,0.0000,,,nem
2026.08.17 13:00,2026.08.17 14:00,39N0505992060002,000053400003708023,1.8000,1.7608,,,nem
2026.08.17 13:00,2026.08.17 14:00,39N050603076000J,000051303403563786,0.4000,0.3913,,,nem
2026.08.17 13:00,2026.08.17 14:00,39N050607494000V,000038200077141480,0.0000,0.0000,,,nem
2026.08.17 13:00,2026.08.17 14:00,39N0506230230009,000053400003707928,5.8000,5.6736,,,nem
2026.08.17 13:00,2026.08.17 14:00,39N050626352000P,000034800000072507,0.0000,0.0000,,,nem
2026.08.17 13:00,2026.08.17 14:00,39N050626352000P,000053300002318656,0.0000,0.0000,,,nem
2026.08.17 13:00,2026.08.17 14:00,39N050627784000Z,000001300013013134,0.0000,0.0000,,,nem
2026.08.17 13:00,2026.08.17 14:00,39N050627784000Z,K3SC03402019428,0.0000,0.0000,,,nem
2026.08.17 13:00,2026.08.17 14:00,39N050635744000T,000051303403398549,2.7100,2.7517,,,nem
2026.08.17 13:00,2026.08.17 14:00,39N050636182000C,000040300014219987,0.0000,0.0000,,,nem
2026.08.17 13:00,2026.08.17 14:00,39N050636182000C,000053200006188793,0.0000,0.0000,,,nem
2026.08.17 13:00,2026.08.17 14:00,39N050636182000C,000053300004228213,0.0000,0.0000,,,nem
2026.08.17 13:00,2026.08.17 14:00,39N050642904000H,000053400002719822,0.0000,0.0000,,,nem
2026.08.17 13:00,2026.08.17 14:00,39N0506488920006,000038200077159774,0.0000,0.0000,,,igen
2026.08.17 13:00,2026.08.17 14:00,39N050655561000S,000027000005848448,0.0000,0.0000,,,nem
2026.08.17 13:00,2026.08.17 14:00,39N050655561000S,000027000005950344,0.0000,0.0000,,,nem
2026.08.17 13:00,2026.08.17 14:00,39N050655561000S,000040200008208469,0.0000,0.0000,,,nem
2026.08.17 13:00,2026.08.17 14:00,39N050673657000W,000029900020524037,0.0000,0.0000,,,igen
2026.08.17 13:00,2026.08.17 14:00,39N050690260000L,000051303403663324,0.0000,0.0000,,,nem
2026.08.17 13:00,2026.08.17 14:00,39N050708788000F,000027000005921259,0.0000,0.0000,,,nem
2026.08.17 13:00,2026.08.17 14:00,39N050720770000X,000040400012214791,0.0000,0.0000,,,nem
2026.08.17 13:00,2026.08.17 14:00,39N050740233000M,000052700000900251,0.0000,0.0000,,,nem
2026.08.17 13:00,2026.08.17 14:00,39N050744134000T,000052600000888120,1.1000,1.0760,,,nem
2026.08.17 13:00,2026.08.17 14:00,39N0507451030007,000000002246000087,0.1280,0.1190,,,nem
2026.08.17 13:00,2026.08.17 14:00,39N0507495580003,000000002246000226,0.0000,0.0000,,,nem
2026.08.17 13:00,2026.08.17 14:00,39N050750365000F,000044500028323170,0.0100,0.0102,,,nem
2026.08.17 13:00,2026.08.17 14:00,39N050750365000F,K3SC08000011520,0.0000,0.0000,,,nem
2026.08.17 13:00,2026.08.17 14:00,39N050750873000L,K02000018L29990,0.0000,0.0000,,,nem
2026.08.17 13:00,2026.08.17 14:00,39N050753398000W,000008800043780262,0.1900,0.1930,,,nem
2026.08.17 13:00,2026.08.17 14:00,39N050753398000W,000027000005848440,0.2000,0.1959,,,nem
2026.08.17 13:00,2026.08.17 14:00,39N050753398000W,000027000005950363,0.0000,0.0000,,,nem
2026.08.17 13:00,2026.08.17 14:00,39N050753398000W,000028700084243194,0.1000,0.0980,,,nem
2026.08.17 13:00,2026.08.17 14:00,39N050753839000S,000040300014219478,0.0000,0.0000,,,nem
2026.08.17 13:00,2026.08.17 14:00,39N050753876000J,000027000005848396,0.0000,0.0000,,,nem
2026.08.17 13:00,2026.08.17 14:00,39N050753876000J,000051303403563777,0.0000,0.0000,,,nem
2026.08.17 13:00,2026.08.17 14:00,39N050753876000J,000053300002728766,0.2000,0.2032,,,nem
2026.08.17 13:00,2026.08.17 14:00,39N050754012000C,K3SC03402019415,0.0000,0.0000,,,nem
2026.08.17 13:00,2026.08.17 14:00,39N050754015000Y,000027100005870748,0.0000,0.0000,,,nem
2026.08.17 13:00,2026.08.17 14:00,39N050754015000Y,K3SC03400984912,0.0000,0.0000,,,nem
2026.08.17 13:00,2026.08.17 14:00,39N050754578000M,000027100005848567,0.0000,0.0000,,,nem
2026.08.17 13:00,2026.08.17 14:00,39N050754578000M,000053300004228283,0.0000,0.0000,,,nem
2026.08.17 13:00,2026.08.17 14:00,39N050754578000M,000053400003290776,0.0000,0.0000,,,nem
2026.08.17 13:00,2026.08.17 14:00,39N050754716000H,000040300006200780,0.0000,0.0000,,,nem
2026.08.17 13:00,2026.08.17 14:00,39N050754716000H,K3SC04000000943,0.0000,0.0000,,,nem
2026.08.17 13:00,2026.08.17 14:00,39N050755929000B,SC07000007591,0.0000,0.0000,,,nem
2026.08.17 13:00,2026.08.17 14:00,39N050755997000G,000000002246000049,0.0000,0.0000,,,nem
2026.08.17 13:00,2026.08.17 14:00,39N050755997000G,000003500035198891,0.0000,0.0000,,,nem
2026.08.17 13:00,2026.08.17 14:00,39N0507569640004,000029200020511689,0.0000,0.0000,,,nem
2026.08.17 13:00,2026.08.17 14:00,39N050756996000D,K3SC08000006659,0.0000,0.0000,,,nem
2026.08.17 13:00,2026.08.17 14:00,39N050757163000K,K3SC08000005254,0.0000,0.0000,,,nem
2026.08.17 13:00,2026.08.17 14:00,39N050757415000J,000053400003290785,0.1000,0.1050,,,nem
2026.08.17 13:00,2026.08.17 14:00,39N050757415000J,K3SC09000000237,0.0000,0.0000,,,nem
2026.08.17 13:00,2026.08.17 14:00,39N050757439000O,000001300013505669,0.0000,0.0000,,,nem
2026.08.17 13:00,2026.08.17 14:00,39N050757439000O,000040300012216291,0.0000,0.0000,,,nem
2026.08.17 13:00,2026.08.17 14:00,39N050757439000O,000044500037979231,0.0000,0.0000,,,nem
2026.08.17 13:00,2026.08.17 14:00,39N050757439000O,K3SC08000002229,0.0000,0.0000,,,nem
2026.08.17 13:00,2026.08.17 14:00,39N050757450000K,000053400002719733,2.5000,2.9840,,,nem
2026.08.17 13:00,2026.08.17 14:00,39N050757450000K,K3SC03401169913,0.0000,0.0000,,,nem
2026.08.17 13:00,2026.08.17 14:00,39N050757472000Z,000000002246000059,0.0000,0.0000,,,nem
2026.08.17 13:00,2026.08.17 14:00,39N050757472000Z,000053400002719783,0.0000,0.0000,,,nem
2026.08.17 13:00,2026.08.17 14:00,39N050758923000H,000027900020522241,0.0000,0.0000,,,nem
2026.08.17 13:00,2026.08.17 14:00,39N050759606000R,K02202146000564,0.0000,0.0000,,,nem
2026.08.17 13:00,2026.08.17 14:00,39N0507599930004,000002800024149874,0.0000,0.0000,,,nem
2026.08.17 13:00,2026.08.17 14:00,39N0507599930004,SC07000001919,0.0000,0.0000,,,nem
2026.08.17 13:00,2026.08.17 14:00,39N050760458000R,000000002246000162,0.0000,0.0000,,,nem
2026.08.17 13:00,2026.08.17 14:00,39N050760458000R,000001300016230255,0.0000,0.0000,,,nem
2026.08.17 13:00,2026.08.17 14:00,39N050760709000V,K3SC03401061094,5.2000,34.1100,,,nem
2026.08.17 13:00,2026.08.17 14:00,39N050762038000E,K02202246000183,0.0000,0.0000,,,nem
2026.08.17 13:00,2026.08.17 14:00,39N050762094000Z,000033300005960005,0.0000,0.0000,,,nem
2026.08.17 13:00,2026.08.17 14:00,39N050762094000Z,K3SC03400723975,0.0000,0.0000,,,nem
2026.08.17 13:00,2026.08.17 14:00,39N050764763000U,000012000075117793,0.0000,0.0000,,,nem
2026.08.17 13:00,2026.08.17 14:00,39N050764763000U,000053100006730746,0.0000,0.0000,,,nem
2026.08.17 13:00,2026.08.17 14:00,39N050764763000U,K3SC09000000002,0.0000,0.0000,,,nem
2026.08.17 13:00,2026.08.17 14:00,39N050764779000V,000052100004064528,0.0000,0.0000,,,nem
2026.08.17 13:00,2026.08.17 14:00,39N050764779000V,K3SC03402019421,0.0000,0.0000,,,nem
2026.08.17 13:00,2026.08.17 14:00,39N050765037000W,K02000017L29370,0.0000,0.0000,,,nem
2026.08.17 13:00,2026.08.17 14:00,39N0507679070008,000000002146000466,0.0000,0.0000,,,nem
2026.08.17 13:00,2026.08.17 14:00,39N0507679070008,000040300007204577,0.0000,0.0000,,,nem
2026.08.17 13:00,2026.08.17 14:00,39N0507679070008,000040300014219638,0.0000,0.0000,,,nem
2026.08.17 13:00,2026.08.17 14:00,39N0507679070008,000053100004211708,0.0000,0.0000,,,nem
2026.08.17 13:00,2026.08.17 14:00,39N0507679070008,000053300004078695,0.0000,0.0000,,,nem
2026.08.17 13:00,2026.08.17 14:00,39N0507679070008,SC07000001932,0.0000,0.0000,,,nem
2026.08.17 13:00,2026.08.17 14:00,39N0507693140006,000000002246000115,0.0000,0.0000,,,nem
2026.08.17 13:00,2026.08.17 14:00,39N0507705100001,000029900020514285,0.0000,0.0000,,,nem
2026.08.17 13:00,2026.08.17 14:00,39N0507705100001,000051303403563760,0.0000,0.0000,,,nem
2026.08.17 13:00,2026.08.17 14:00,39N0507705100001,000052700000899611,0.0000,0.0000,,,nem
2026.08.17 13:00,2026.08.17 14:00,39N0507705100001,K3SC07000001924,0.0000,0.0000,,,nem
2026.08.17 13:00,2026.08.17 14:00,39N050771852000C,K3SC07000001832,0.0000,0.0000,,,nem
2026.08.17 13:00,2026.08.17 14:00,39N0507730720003,000053300004228387,0.0000,0.0000,,,nem
2026.08.17 13:00,2026.08.17 14:00,39N050773615000J,K3SC34000505359,0.0000,0.0000,,,nem
2026.08.17 13:00,2026.08.17 14:00,39N050773622000S,000053300004228493,0.0000,0.0000,,,nem
2026.08.17 13:00,2026.08.17 14:00,39N050773622000S,K3SC09000000250,0.0000,0.0000,,,nem
2026.08.17 13:00,2026.08.17 14:00,39N050773882000F,K3SC03402019413,0.0000,0.0000,,,nem
2026.08.17 13:00,2026.08.17 14:00,39N0507741940003,K02000018L29724,0.0000,0.0000,,,nem
2026.08.17 13:00,2026.08.17 14:00,39N050774244000Q,000044700031395811,0.8000,0.8123,,,nem
2026.08.17 13:00,2026.08.17 14:00,39N050774244000Q,K3SC03400699635,11.6000,43.1800,,,nem
2026.08.17 13:00,2026.08.17 14:00,39N0507742750003,000027900020519928,0.0000,0.0000,,,nem
2026.08.17 13:00,2026.08.17 14:00,39N050775645000M,000008800045007665,0.0000,0.0000,,,nem
2026.08.17 13:00,2026.08.17 14:00,39N050775645000M,000027900020502769,0.0000,0.0000,,,nem
2026.08.17 13:00,2026.08.17 14:00,39N050776264000Z,000027100005870779,1.1000,1.0760,,,nem
2026.08.17 13:00,2026.08.17 14:00,39N050776439000E,000001300023106173,0.0000,0.0000,,,nem
2026.08.17 13:00,2026.08.17 14:00,39N050776439000E,SC07000006370,0.0000,0.0000,,,nem
2026.08.17 13:00,2026.08.17 14:00,39N050776462000V,K02000017L29063,0.0000,0.0000,,,nem
2026.08.17 13:00,2026.08.17 14:00,39N0507772080006,000000002246000073,0.0000,0.0000,,,nem
2026.08.17 13:00,2026.08.17 14:00,39N050777442000Z,000002600043780817,0.0000,0.0000,,,nem
2026.08.17 13:00,2026.08.17 14:00,39N050777442000Z,K02000017L29055,0.0000,0.0000,,,nem
2026.08.17 13:00,2026.08.17 14:00,39N050777442000Z,K02202146000484,0.0000,0.0000,,,nem
2026.08.17 13:00,2026.08.17 14:00,39N050777482000B,000000002246000043,0.0000,0.0000,,,nem
2026.08.17 13:00,2026.08.17 14:00,39N050792697000P,000027000005848410,0.0000,0.0000,,,nem
2026.08.17 13:00,2026.08.17 14:00,39N050793035000V,000035500084243061,1.0000,1.0158,,,nem
2026.08.17 13:00,2026.08.17 14:00,39N050793035000V,000035500084243063,0.0000,0.0000,,,nem
2026.08.17 13:00,2026.08.17 14:00,39N0507981050002,000029200020524061,0.0000,0.0000,,,nem
2026.08.17 13:00,2026.08.17 14:00,39N050813036000E,000027100005897973,0.0000,0.0000,,,nem
2026.08.17 13:00,2026.08.17 14:00,39N050814444000J,000053300003306760,0.0000,0.0000,,,nem
2026.08.17 13:00,2026.08.17 14:00,39N050816644000Q,000052600000899462,0.2000,0.1956,,,nem
2026.08.17 13:00,2026.08.17 14:00,39N0508179760006,SC10000001096,1.1500,3.8500,,,nem
2026.08.17 13:00,2026.08.17 14:00,39N050818676000J,000040400014219207,0.0000,0.0000,,,nem
2026.08.17 13:00,2026.08.17 14:00,39N050820134000W,000053100004211197,0.0100,0.0102,,,nem
2026.08.17 13:00,2026.08.17 14:00,39N050820134000W,K3SC03402019414,0.0000,0.0000,,,nem
2026.08.17 13:00,2026.08.17 14:00,39N050820458000G,000052700000885406,16.8000,17.4014,,,nem
2026.08.17 13:00,2026.08.17 14:00,39N050822345000S,000052600000884385,0.7000,0.6733,,,nem
2026.08.17 13:00,2026.08.17 14:00,39N0508227020002,K3SC03401147239,0.0000,0.0000,,,nem
2026.08.17 13:00,2026.08.17 14:00,39N050831052000K,K3SC03401169907,0.0000,0.0000,,,nem
2026.08.17 13:00,2026.08.17 14:00,39N050831052000K,K3SC07000006344,0.0000,0.0000,,,nem
2026.08.17 13:00,2026.08.17 14:00,39N050831214000K,K3SC08000001061,0.0000,0.0000,,,nem
2026.08.17 13:00,2026.08.17 14:00,39N050831732000K,000000002246000171,0.0000,0.0000,,,nem
2026.08.17 13:00,2026.08.17 14:00,39N050831732000K,000000002246000297,0.0000,0.0000,,,nem
2026.08.17 13:00,2026.08.17 14:00,39N050832564000Z,K3SC08000002241,0.0000,0.0000,,,nem
2026.08.17 13:00,2026.08.17 14:00,39N050833827000F,K3SC03400699729,0.0000,0.0000,,,nem
2026.08.17 13:00,2026.08.17 14:00,39N050836149000I,K3SC03401414828,0.0000,0.0000,,,nem
2026.08.17 13:00,2026.08.17 14:00,39N050836830000K,000000003403233014,0.0000,0.0000,,,nem
2026.08.17 13:00,2026.08.17 14:00,39N050836979000I,000053400003290796,0.0000,0.0000,,,nem
2026.08.17 13:00,2026.08.17 14:00,39N0508398450002,K3SC08000002237,0.0000,0.0000,,,nem
2026.08.17 13:00,2026.08.17 14:00,39N050841968000N,SC11000000589,0.0000,0.0000,,,nem
2026.08.17 13:00,2026.08.17 14:00,39N050843706000U,000053300004078513,0.0000,0.0000,,,nem
2026.08.17 13:00,2026.08.17 14:00,39N050844930000K,000052600000914889,1.0000,0.9795,,,nem
2026.08.17 13:00,2026.08.17 14:00,39N050847541000D,K3SC09000000240,0.0000,0.0000,,,nem
2026.08.17 13:00,2026.08.17 14:00,39N050847787000J,000034800000031563,0.0000,0.0000,,,nem
2026.08.17 13:00,2026.08.17 14:00,39N0508480240000,000052700000909509,0.0000,0.0000,,,nem
2026.08.17 13:00,2026.08.17 14:00,39N050848355000U,000040300012215942,0.0000,0.0000,,,nem
2026.08.17 13:00,2026.08.17 14:00,39N0508490730004,000051303403563818,17.9000,17.5205,,,nem
2026.08.17 13:00,2026.08.17 14:00,39N050849323000D,K3SC04000000054,3.5000,13.2100,,,nem
2026.08.17 13:00,2026.08.17 14:00,39N050851794000U,K3SC07000006360,0.0000,0.0000,,,nem
2026.08.17 13:00,2026.08.17 14:00,39N050861247000Y,K3SC09000003821,0.0000,0.0000,,,nem
2026.08.17 13:00,2026.08.17 14:00,39N050866001000P,000000002246000036,0.0390,0.2510,,,nem
2026.08.17 13:00,2026.08.17 14:00,39N050875710000B,K3SC11000000578,0.0000,0.0000,,,nem
2026.08.17 13:00,2026.08.17 14:00,39N0508759240008,K3SC03401061101,0.0000,0.0000,,,nem
2026.08.17 13:00,2026.08.17 14:00,39N0508788210006,000053300004078461,0.1000,0.1066,,,nem
2026.08.17 13:00,2026.08.17 14:00,39N050879364000V,K02000016L28058,0.0000,0.0000,,,nem
2026.08.17 13:00,2026.08.17 14:00,39N0508813320003,000029900020519902,0.0000,0.0000,,,nem
2026.08.17 13:00,2026.08.17 14:00,39N050882973000Z,000040300009900172,0.0000,0.0000,,,nem
2026.08.17 13:00,2026.08.17 14:00,39N050890535000A,000000002146000441,0.0000,0.0000,,,nem
2026.08.17 13:00,2026.08.17 14:00,39N0508949570002,000027100005897971,0.0000,0.0000,,,nem
2026.08.17 13:00,2026.08.17 14:00,39N050896400000C,K3SC03400574253,0.0000,0.0000,,,nem
2026.08.17 13:00,2026.08.17 14:00,39N050896796000I,000027700001184418,0.0000,0.0000,,,nem
2026.08.17 13:00,2026.08.17 14:00,39N050898846000P,K3SC03400699737,0.0000,0.0000,,,nem
2026.08.17 13:00,2026.08.17 14:00,39N050913091000U,000027100005848490,0.6000,0.6058,,,nem
2026.08.17 13:00,2026.08.17 14:00,39N050915973000R,K3SC08000002025,0.0000,0.0000,,,nem
2026.08.17 13:00,2026.08.17 14:00,39N050916593000Z,K3SC03401169915,0.0000,0.0000,,,nem
2026.08.17 14:00,2026.08.17 15:00,39N0500091210005,000038200077158060,0.0000,0.0000,,,nem
2026.08.17 14:00,2026.08.17 15:00,39N050022609000H,000053300003307178,0.5000,0.5059,,,nem
2026.08.17 14:00,2026.08.17 15:00,39N050029731000D,000052600000914866,0.0000,0.0000,,,nem
2026.08.17 14:00,2026.08.17 15:00,39N050031988000Q,000052600000899454,0.0000,0.0000,,,nem
2026.08.17 14:00,2026.08.17 15:00,39N050032468000S,000052700000899362,1.3000,1.3200,,,nem
2026.08.17 14:00,2026.08.17 15:00,39N050033836000K,000027100005848245,0.1000,0.1015,,,nem
2026.08.17 14:00,2026.08.17 15:00,39N050034412000Z,000002600043780756,0.0000,0.0000,,,nem
2026.08.17 14:00,2026.08.17 15:00,39N050034412000Z,000052700000885403,2.9000,2.8385,,,nem
2026.08.17 14:00,2026.08.17 15:00,39N0500344350008,000046700000888615,0.0000,0.0000,,,nem
2026.08.17 14:00,2026.08.17 15:00,39N050034459000D,000040400014219775,0.0000,0.0000,,,nem
2026.08.17 14:00,2026.08.17 15:00,39N050042294000Z,000040400008209973,0.0000,0.0000,,,nem
2026.08.17 14:00,2026.08.17 15:00,39N050044030000F,000027000035197562,1.4000,1.4221,,,nem
2026.08.17 14:00,2026.08.17 15:00,39N050052498000T,SC05000004104,0.0000,0.0000,,,nem
2026.08.17 14:00,2026.08.17 15:00,39N050053842000G,K3SC03401169905,0.0000,0.0000,,,nem
2026.08.17 14:00,2026.08.17 15:00,39N0500617550009,000044500034101914,0.0100,0.0101,,,nem
2026.08.17 14:00,2026.08.17 15:00,39N0500617550009,K3SC03400699700,0.0000,0.0000,,,nem
2026.08.17 14:00,2026.08.17 15:00,39N050066949000F,000053400003290721,0.0000,0.0000,,,nem
2026.08.17 14:00,2026.08.17 15:00,39N050068660000G,000035500084243026,0.0000,0.0000,,,nem
2026.08.17 14:00,2026.08.17 15:00,39N050068660000G,000035500084243027,0.1000,0.1007,,,nem
2026.08.17 14:00,2026.08.17 15:00,39N050071512000G,000051303403398537,0.0000,0.0000,,,nem
2026.08.17 14:00,2026.08.17 15:00,39N050073737000N,000040400006201455,0.0000,0.0000,,,nem
2026.08.17 14:00,2026.08.17 15:00,39N050073762000U,000053400004078277,0.0000,0.0000,,,nem
2026.08.17 14:00,2026.08.17 15:00,39N050075194000S,000029200020524049,2.6000,2.6481,,,nem
2026.08.17 14:00,2026.08.17 15:00,39N0500755940000,000027000005950284,0.0000,0.0000,,,nem
2026.08.17 14:00,2026.08.17 15:00,39N0500755940000,000052600000886571,0.0000,0.0000,,,nem
2026.08.17 14:00,2026.08.17 15:00,39N050076850000F,000006201754704050,6.7000,6.5941,,,nem
2026.08.17 14:00,2026.08.17 15:00,39N050076850000F,000040300006201137,0.6000,0.5877,,,nem
2026.08.17 14:00,2026.08.17 15:00,39N050081322000F,000053400003290798,16.0000,16.1120,,,nem
2026.08.17 14:00,2026.08.17 15:00,39N050083908000D,000006202897801002,0.0000,0.0000,,,nem
2026.08.17 14:00,2026.08.17 15:00,39N050083908000D,000040300011213334,0.0000,0.0000,,,nem
2026.08.17 14:00,2026.08.17 15:00,39N050089206000O,000006203403563919,2.3000,2.3156,,,nem
2026.08.17 14:00,2026.08.17 15:00,39N050089206000O,000028700084091487,0.0000,0.0000,,,nem
2026.08.17 14:00,2026.08.17 15:00,39N050089342000D,000015608267713002,0.0000,0.0000,,,nem
2026.08.17 14:00,2026.08.17 15:00,39N050094459000X,000040400006201425,0.0000,0.0000,,,nem
2026.08.17 14:00,2026.08.17 15:00,39N050094490000H,000027100005894204,0.0000,0.0000,,,nem
2026.08.17 14:00,2026.08.17 15:00,39N050106941000P,000027100005848507,0.0000,0.0000,,,nem
2026.08.17 14:00,2026.08.17 15:00,39N0501191590002,000029200020517908,0.8000,0.7962,,,nem
2026.08.17 14:00,2026.08.17 15:00,39N050132558000H,000040400007204469,0.8000,0.7830,,,nem
2026.08.17 14:00,2026.08.17 15:00,39N050137387000F,000052600000900202,9.1000,8.9071,,,nem
2026.08.17 14:00,2026.08.17 15:00,39N050145410000I,000027100005848241,0.8000,0.7830,,,nem
2026.08.17 14:00,2026.08.17 15:00,39N050146207000W,000052700000899364,1.1000,1.1174,,,nem
2026.08.17 14:00,2026.08.17 15:00,39N050153206000F,K3SC06000007800,0.0000,0.0000,,,nem
2026.08.17 14:00,2026.08.17 15:00,39N0501601470008,000040300008206765,0.0000,0.0000,,,igen
2026.08.17 14:00,2026.08.17 15:00,39N0501601470008,000040300014219822,0.0000,0.0000,,,igen
2026.08.17 14:00,2026.08.17 15:00,39N050160341000O,000052700000899034,0.1000,0.1015,,,nem
2026.08.17 14:00,2026.08.17 15:00,39N0501618590009,000053400002726045,2.8000,2.7406,,,nem
2026.08.17 14:00,2026.08.17 15:00,39N050168020000Z,L01A625,5.0000,4.9795,,,nem
2026.08.17 14:00,2026.08.17 15:00,39N050176728000R,000040300012214339,0.0000,0.0000,,,nem
2026.08.17 14:00,2026.08.17 15:00,39N050176728000R,000053300003348438,0.0000,0.0000,,,nem
2026.08.17 14:00,2026.08.17 15:00,39N050177032000I,000053400003290719,0.0000,0.0000,,,nem
2026.08.17 14:00,2026.08.17 15:00,39N0501770340008,000053400002725990,0.0000,0.0000,,,nem
2026.08.17 14:00,2026.08.17 15:00,39N050180150000J,000000002246000217,0.2980,0.2920,,,nem
2026.08.17 14:00,2026.08.17 15:00,39N050197735000A,000053400003290744,0.0000,0.0000,,,nem
2026.08.17 14:00,2026.08.17 15:00,39N0502000520004,000029900020519904,16.1000,17.3156,,,nem
2026.08.17 14:00,2026.08.17 15:00,39N0502000520004,000053400003290731,0.4000,0.3826,,,nem
2026.08.17 14:00,2026.08.17 15:00,39N050207087000G,000033300005960021,0.0000,0.0000,,,nem
2026.08.17 14:00,2026.08.17 15:00,39N050207887000Y,000011100000109615,0.0000,0.0000,,,nem
2026.08.17 14:00,2026.08.17 15:00,39N050208125000A,000028700084091484,0.0000,0.0000,,,nem
2026.08.17 14:00,2026.08.17 15:00,39N050208128000W,000052600000896583,0.0000,0.0000,,,nem
2026.08.17 14:00,2026.08.17 15:00,39N050208164000S,000000002246000198,7.0000,7.2390,,,nem
2026.08.17 14:00,2026.08.17 15:00,39N050209187000U,000027000005926405,0.0000,0.0000,,,nem
2026.08.17 14:00,2026.08.17 15:00,39N0502109170005,000053400003708002,0.0000,0.0000,,,nem
2026.08.17 14:00,2026.08.17 15:00,39N0502109620000,000027100005894243,0.0000,0.0000,,,nem
2026.08.17 14:00,2026.08.17 15:00,39N050212788000U,000053600000897292,0.0000,0.0000,,,nem
2026.08.17 14:00,2026.08.17 15:00,39N050213910000G,000027100005898038,0.0000,0.0000,,,nem
2026.08.17 14:00,2026.08.17 15:00,39N050214190000G,K3SC03400699752,2.6400,9.0800,,,nem
2026.08.17 14:00,2026.08.17 15:00,39N050214638000E,K02000017L28861,0.0000,0.0000,,,nem
2026.08.17 14:00,2026.08.17 15:00,39N050214647000D,K3SC06000003455,0.0000,0.0000,,,nem
2026.08.17 14:00,2026.08.17 15:00,39N050214652000W,000008800043449669,0.6100,0.6143,,,nem
2026.08.17 14:00,2026.08.17 15:00,39N050214652000W,000027000005894200,0.0000,0.0000,,,nem
2026.08.17 14:00,2026.08.17 15:00,39N050214652000W,K3SC08000002012,0.0000,0.0000,,,nem
2026.08.17 14:00,2026.08.17 15:00,39N050214655000H,K3SC09000000230,0.2000,1.1600,,,nem
2026.08.17 14:00,2026.08.17 15:00,39N050214668000X,000000002246000235,0.0000,0.0000,,,nem
2026.08.17 14:00,2026.08.17 15:00,39N050214674000A,K3SC07000007598,0.0000,0.0000,,,nem
2026.08.17 14:00,2026.08.17 15:00,39N050214697000K,K3SC07000006334,0.0000,0.0000,,,nem
2026.08.17 14:00,2026.08.17 15:00,39N050214912000Z,K3SC07000001923,0.0000,0.0000,,,nem
2026.08.17 14:00,2026.08.17 15:00,39N050214941000M,EP07883,0.0000,0.0000,,,nem
2026.08.17 14:00,2026.08.17 15:00,39N050215930000P,K3SC06000002907,0.0000,0.0000,,,nem
2026.08.17 14:00,2026.08.17 15:00,39N050215938000M,K02000017L29066,0.0000,0.0000,,,nem
2026.08.17 14:00,2026.08.17 15:00,39N0502159430004,K3SC07000001954,0.0000,0.0000,,,nem
2026.08.17 14:00,2026.08.17 15:00,39N050215958000A,000000002246000117,0.0000,0.0000,,,nem
2026.08.17 14:00,2026.08.17 15:00,39N050215958000A,K02000017L29366,0.0000,0.0000,,,nem
2026.08.17 14:00,2026.08.17 15:00,39N050215987000Y,000040300012214341,0.0000,0.0000,,,nem
2026.08.17 14:00,2026.08.17 15:00,39N050215987000Y,K3SC04000000062,0.0000,0.0000,,,nem
2026.08.17 14:00,2026.08.17 15:00,39N050215987000Y,K3SC07000002663,0.0000,0.0000,,,nem
2026.08.17 14:00,2026.08.17 15:00,39N050215990000Q,000000002146000419,0.0000,0.0000,,,nem
2026.08.17 14:00,2026.08.17 15:00,39N050215990000Q,000000002246000261,0.0450,0.0430,,,nem
2026.08.17 14:00,2026.08.17 15:00,39N050215996000X,000000002246000205,0.0000,0.0000,,,nem
2026.08.17 14:00,2026.08.17 15:00,39N050215996000X,000044600000607648,0.0000,0.0000,,,nem
2026.08.17 14:00,2026.08.17 15:00,39N050215996000X,000044600000614795,0.0000,0.0000,,,nem
2026.08.17 14:00,2026.08.17 15:00,39N050216000000O,K3SC08000006643,0.0000,0.0000,,,nem
2026.08.17 14:00,2026.08.17 15:00,39N050216189000Z,K3SC09000000005,0.0000,0.0000,,,nem
2026.08.17 14:00,2026.08.17 15:00,39N050216319000Q,K3SC04000000788,0.0000,0.0000,,,nem
2026.08.17 14:00,2026.08.17 15:00,39N050217344000P,SC06000007846,27.0000,50.6000,,,nem
2026.08.17 14:00,2026.08.17 15:00,39N050217514000T,000000002246000191,5.6460,5.8470,,,nem
2026.08.17 14:00,2026.08.17 15:00,39N050217594000I,K02000017L28855,0.0000,0.0000,,,nem
2026.08.17 14:00,2026.08.17 15:00,39N0502177240009,000006209160519002,0.9000,0.9063,,,nem
2026.08.17 14:00,2026.08.17 15:00,39N0502177240009,000027700001201786,0.0000,0.0000,,,nem
2026.08.17 14:00,2026.08.17 15:00,39N0502177240009,K3SC08000001999,0.0000,0.0000,,,nem
2026.08.17 14:00,2026.08.17 15:00,39N0502177250004,000000002146000444,0.0000,0.0000,,,nem
2026.08.17 14:00,2026.08.17 15:00,39N0502177250004,000053200002511869,0.0000,0.0000,,,nem
2026.08.17 14:00,2026.08.17 15:00,39N050218554000Y,K02202146000431,0.0000,0.0000,,,nem
2026.08.17 14:00,2026.08.17 15:00,39N050218563000X,000000000001084616,0.0000,0.0000,,,nem
2026.08.17 14:00,2026.08.17 15:00,39N050218588000X,K3SC08000009353,0.0000,0.0000,,,nem
2026.08.17 14:00,2026.08.17 15:00,39N050218591000P,000008800043780320,0.0000,0.0000,,,nem
2026.08.17 14:00,2026.08.17 15:00,39N050218591000P,K02202146000387,0.0000,0.0000,,,nem
2026.08.17 14:00,2026.08.17 15:00,39N0502185960000,000045500001090171,0.0000,0.0000,,,nem
2026.08.17 14:00,2026.08.17 15:00,39N0502186000003,000000002246000034,0.0000,0.0000,,,nem
2026.08.17 14:00,2026.08.17 15:00,39N0502186000003,000044500026294967,0.0000,0.0000,,,nem
2026.08.17 14:00,2026.08.17 15:00,39N050218709000P,000000002146000433,0.0000,0.0000,,,nem
2026.08.17 14:00,2026.08.17 15:00,39N050218709000P,000027000005871862,0.0000,0.0000,,,nem
2026.08.17 14:00,2026.08.17 15:00,39N050219101000P,000053100006284304,0.0000,0.0000,,,nem
2026.08.17 14:00,2026.08.17 15:00,39N050219101000P,K11702446102256,0.0000,0.0000,,,nem
2026.08.17 14:00,2026.08.17 15:00,39N050219111000J,000053100006086023,0.1700,0.1702,,,nem
2026.08.17 14:00,2026.08.17 15:00,39N050219111000J,K3SC08000002002,0.0000,0.0000,,,nem
2026.08.17 14:00,2026.08.17 15:00,39N0502191220008,000000002146000405,0.0000,0.0000,,,nem
2026.08.17 14:00,2026.08.17 15:00,39N050219127000K,K02000018L30060,0.0000,0.0000,,,nem
2026.08.17 14:00,2026.08.17 15:00,39N050219144000N,K3SC07000001933,10.8000,10.4200,,,nem
2026.08.17 14:00,2026.08.17 15:00,39N050222615000B,K3SC08000002009,0.0000,0.0000,,,nem
2026.08.17 14:00,2026.08.17 15:00,39N050224132000X,000052600000885006,0.0000,0.0000,,,nem
2026.08.17 14:00,2026.08.17 15:00,39N050225228000V,000052600000887973,0.0000,0.0000,,,nem
2026.08.17 14:00,2026.08.17 15:00,39N050225361000Z,000028700084243212,0.0000,0.0000,,,nem
2026.08.17 14:00,2026.08.17 15:00,39N050225592000Z,K02000018L29674,5.7803,6.0000,,,nem
2026.08.17 14:00,2026.08.17 15:00,39N0502258590003,000053400004078297,4.6000,4.4247,,,nem
2026.08.17 14:00,2026.08.17 15:00,39N0502320940001,000053400002726024,0.0000,0.0000,,,nem
2026.08.17 14:00,2026.08.17 15:00,39N050233268000E,000040300013218204,0.0000,0.0000,,,nem
2026.08.17 14:00,2026.08.17 15:00,39N050233872000X,K3SC09000003822,0.0000,0.0000,,,nem
2026.08.17 14:00,2026.08.17 15:00,39N050235722000H,000000002246000065,0.4640,1.7740,,,nem
2026.08.17 14:00,2026.08.17 15:00,39N050235781000N,000000000000071480,0.0000,0.0000,,,nem
2026.08.17 14:00,2026.08.17 15:00,39N050236245000H,000006209160513005,0.6000,0.5771,,,nem
2026.08.17 14:00,2026.08.17 15:00,39N0502362660000,000027900020508134,3.0000,3.0297,,,nem
2026.08.17 14:00,2026.08.17 15:00,39N0502362660000,000040300011213597,0.0000,0.0000,,,nem
2026.08.17 14:00,2026.08.17 15:00,39N0502477110003,000052700000884957,2.3000,2.2124,,,nem
2026.08.17 14:00,2026.08.17 15:00,39N0502510990003,000019900016977384,16.4000,16.5296,,,nem
2026.08.17 14:00,2026.08.17 15:00,39N050251837000U,000040300007204770,0.0000,0.0000,,,nem
2026.08.17 14:00,2026.08.17 15:00,39N050252043000I,000027100005898029,0.0000,0.0000,,,nem
2026.08.17 14:00,2026.08.17 15:00,39N050252204000N,000006203229509031,3.2000,3.3043,,,nem
2026.08.17 14:00,2026.08.17 15:00,39N050253671000Y,000053400003708027,0.0000,0.0000,,,nem
2026.08.17 14:00,2026.08.17 15:00,39N050254055000N,000028700084243189,0.0000,0.0000,,,nem
2026.08.17 14:00,2026.08.17 15:00,39N0502542550009,000006203403563870,0.3000,0.2939,,,nem
2026.08.17 14:00,2026.08.17 15:00,39N050258835000L,000019900017022057,2.4000,2.4631,,,nem
2026.08.17 14:00,2026.08.17 15:00,39N050261616000F,000027100005848476,0.0000,0.0000,,,nem
2026.08.17 14:00,2026.08.17 15:00,39N050269363000V,000052700000884401,0.0000,0.0000,,,nem
2026.08.17 14:00,2026.08.17 15:00,39N050316475000U,000003300035201642,0.0000,0.0000,,,nem
2026.08.17 14:00,2026.08.17 15:00,39N050316475000U,000027000005848437,0.0000,0.0000,,,nem
2026.08.17 14:00,2026.08.17 15:00,39N0503424040008,000027100005870727,1.2000,1.1738,,,nem
2026.08.17 14:00,2026.08.17 15:00,39N0503439790009,000029200020502760,0.0000,0.0000,,,nem
2026.08.17 14:00,2026.08.17 15:00,39N050369436000H,000052700000889661,0.0000,0.0000,,,nem
2026.08.17 14:00,2026.08.17 15:00,39N050373639000R,000040300006202862,0.0000,0.0000,,,igen
2026.08.17 14:00,2026.08.17 15:00,39N050373666000O,000052700000887369,0.0000,0.0000,,,nem
2026.08.17 14:00,2026.08.17 15:00,39N050377940000D,000053400002719761,6.6000,6.4601,,,nem
2026.08.17 14:00,2026.08.17 15:00,39N050381165000Y,000000002246000284,0.0000,0.0000,,,nem
2026.08.17 14:00,2026.08.17 15:00,39N050385675000Z,000040400009210687,0.0000,0.0000,,,nem
2026.08.17 14:00,2026.08.17 15:00,39N050405255000Q,000029200020519053,0.0000,0.0000,,,nem
2026.08.17 14:00,2026.08.17 15:00,39N050414007000M,000029900020520529,0.0000,0.0000,,,nem
2026.08.17 14:00,2026.08.17 15:00,39N050414007000M,000040300011213341,0.0000,0.0000,,,nem
2026.08.17 14:00,2026.08.17 15:00,39N050415384000Y,000000002146000548,0.0000,0.0000,,,nem
2026.08.17 14:00,2026.08.17 15:00,39N050415384000Y,000053100004423834,0.0000,0.0000,,,nem
2026.08.17 14:00,2026.08.17 15:00,39N0504237770004,000028400084243416,0.0000,0.0000,,,nem
2026.08.17 14:00,2026.08.17 15:00,39N050433181000O,000000002246000180,0.0000,0.0000,,,nem
2026.08.17 14:00,2026.08.17 15:00,39N050445873000K,000053400002725979,0.0000,0.0000,,,nem
2026.08.17 14:00,2026.08.17 15:00,39N050450493000U,K3SCC0400000594,0.0000,0.0000,,,nem
2026.08.17 14:00,2026.08.17 15:00,39N0504550620004,000052600000887704,0.0000,0.0000,,,nem
2026.08.17 14:00,2026.08.17 15:00,39N050458746000Y,000027100005870754,0.0000,0.0000,,,nem
2026.08.17 14:00,2026.08.17 15:00,39N050458746000Y,000053300004228243,0.0000,0.0000,,,nem
2026.08.17 14:00,2026.08.17 15:00,39N050458746000Y,000053300006548960,0.0000,0.0000,,,nem
2026.08.17 14:00,2026.08.17 15:00,39N0504648650006,000052600000887402,0.0000,0.0000,,,nem
2026.08.17 14:00,2026.08.17 15:00,39N050471715000L,000029200020517911,0.0000,0.0000,,,nem
2026.08.17 14:00,2026.08.17 15:00,39N050483780000G,000027100005870759,0.0000,0.0000,,,nem
2026.08.17 14:00,2026.08.17 15:00,39N050484438000J,000052600000889209,0.1000,0.0978,,,nem
2026.08.17 14:00,2026.08.17 15:00,39N050485100000G,000040400014219743,1.5000,1.4693,,,nem
2026.08.17 14:00,2026.08.17 15:00,39N0504864890005,000053400003287118,0.0000,0.0000,,,nem
2026.08.17 14:00,2026.08.17 15:00,39N050510259000R,000027100005848322,0.0000,0.0000,,,nem
2026.08.17 14:00,2026.08.17 15:00,39N050515515000A,000052700000885935,0.0000,0.0000,,,nem
2026.08.17 14:00,2026.08.17 15:00,39N0505226180003,000011100000109610,2.9000,2.8406,,,nem
2026.08.17 14:00,2026.08.17 15:00,39N0505384670009,000027100005848294,0.0000,0.0000,,,nem
2026.08.17 14:00,2026.08.17 15:00,39N0505387730002,000052600000900177,0.0000,0.0000,,,nem
2026.08.17 14:00,2026.08.17 15:00,39N050548215000H,000053400002719801,0.0000,0.0000,,,nem
2026.08.17 14:00,2026.08.17 15:00,39N050548840000J,K3SC09000000010,3.7000,13.4600,,,nem
2026.08.17 14:00,2026.08.17 15:00,39N050552094000R,000029900020521702,7.1000,7.1838,,,nem
2026.08.17 14:00,2026.08.17 15:00,39N050553222000K,K3SC08000003475,0.1000,0.3700,,,nem
2026.08.17 14:00,2026.08.17 15:00,39N050553661000A,000034800000061526,13.2000,14.1372,,,nem
2026.08.17 14:00,2026.08.17 15:00,39N0505752100002,000052600000887553,0.0000,0.0000,,,nem
2026.08.17 14:00,2026.08.17 15:00,39N050576124000C,000034800000546505,0.2000,0.2031,,,nem
2026.08.17 14:00,2026.08.17 15:00,39N0505779810001,000006202897801013,0.1000,0.0978,,,nem
2026.08.17 14:00,2026.08.17 15:00,39N050583139000X,000053300004078348,0.0000,0.0000,,,nem
2026.08.17 14:00,2026.08.17 15:00,39N0505847100003,000053400002726046,0.0000,0.0000,,,nem
2026.08.17 14:00,2026.08.17 15:00,39N0505992060002,000053400003708023,1.1000,1.0760,,,nem
2026.08.17 14:00,2026.08.17 15:00,39N050603076000J,000051303403563786,0.3000,0.2935,,,nem
2026.08.17 14:00,2026.08.17 15:00,39N050607494000V,000038200077141480,0.0000,0.0000,,,nem
2026.08.17 14:00,2026.08.17 15:00,39N0506230230009,000053400003707928,4.5000,4.4019,,,nem
2026.08.17 14:00,2026.08.17 15:00,39N050626352000P,000034800000072507,0.0000,0.0000,,,nem
2026.08.17 14:00,2026.08.17 15:00,39N050626352000P,000053300002318656,0.0000,0.0000,,,nem
2026.08.17 14:00,2026.08.17 15:00,39N050627784000Z,000001300013013134,0.0000,0.0000,,,nem
2026.08.17 14:00,2026.08.17 15:00,39N050627784000Z,K3SC03402019428,0.0000,0.0000,,,nem
2026.08.17 14:00,2026.08.17 15:00,39N050635744000T,000051303403398549,0.4900,0.4975,,,nem
2026.08.17 14:00,2026.08.17 15:00,39N050636182000C,000040300014219987,0.0000,0.0000,,,nem
2026.08.17 14:00,2026.08.17 15:00,39N050636182000C,000053200006188793,0.0000,0.0000,,,nem
2026.08.17 14:00,2026.08.17 15:00,39N050636182000C,000053300004228213,0.0000,0.0000,,,nem
2026.08.17 14:00,2026.08.17 15:00,39N050642904000H,000053400002719822,6.2000,6.2732,,,nem
2026.08.17 14:00,2026.08.17 15:00,39N0506488920006,000038200077159774,0.1000,0.1012,,,igen
2026.08.17 14:00,2026.08.17 15:00,39N050655561000S,000027000005848448,0.0000,0.0000,,,nem
2026.08.17 14:00,2026.08.17 15:00,39N050655561000S,000027000005950344,0.0000,0.0000,,,nem
2026.08.17 14:00,2026.08.17 15:00,39N050655561000S,000040200008208469,0.0000,0.0000,,,nem
2026.08.17 14:00,2026.08.17 15:00,39N050673657000W,000029900020524037,0.0000,0.0000,,,igen
2026.08.17 14:00,2026.08.17 15:00,39N050690260000L,000051303403663324,0.0000,0.0000,,,nem
2026.08.17 14:00,2026.08.17 15:00,39N050708788000F,000027000005921259,0.0000,0.0000,,,nem
2026.08.17 14:00,2026.08.17 15:00,39N050720770000X,000040400012214791,0.0000,0.0000,,,nem
2026.08.17 14:00,2026.08.17 15:00,39N050740233000M,000052700000900251,0.0000,0.0000,,,nem
2026.08.17 14:00,2026.08.17 15:00,39N050744134000T,000052600000888120,0.5000,0.4891,,,nem
2026.08.17 14:00,2026.08.17 15:00,39N0507451030007,000000002246000087,0.0000,0.0000,,,nem
2026.08.17 14:00,2026.08.17 15:00,39N0507495580003,000000002246000226,0.0000,0.0000,,,nem
2026.08.17 14:00,2026.08.17 15:00,39N050750365000F,000044500028323170,0.0100,0.0102,,,nem
2026.08.17 14:00,2026.08.17 15:00,39N050750365000F,K3SC08000011520,0.0000,0.0000,,,nem
2026.08.17 14:00,2026.08.17 15:00,39N050750873000L,K02000018L29990,0.0000,0.0000,,,nem
2026.08.17 14:00,2026.08.17 15:00,39N050753398000W,000008800043780262,0.0000,0.0000,,,nem
2026.08.17 14:00,2026.08.17 15:00,39N050753398000W,000027000005848440,0.1000,0.0980,,,nem
2026.08.17 14:00,2026.08.17 15:00,39N050753398000W,000027000005950363,0.0000,0.0000,,,nem
2026.08.17 14:00,2026.08.17 15:00,39N050753398000W,000028700084243194,0.0000,0.0000,,,nem
2026.08.17 14:00,2026.08.17 15:00,39N050753839000S,000040300014219478,0.0000,0.0000,,,nem
2026.08.17 14:00,2026.08.17 15:00,39N050753876000J,000027000005848396,0.0000,0.0000,,,nem
2026.08.17 14:00,2026.08.17 15:00,39N050753876000J,000051303403563777,0.0000,0.0000,,,nem
2026.08.17 14:00,2026.08.17 15:00,39N050753876000J,000053300002728766,0.5000,0.5079,,,nem
2026.08.17 14:00,2026.08.17 15:00,39N050754012000C,K3SC03402019415,0.0000,0.0000,,,nem
2026.08.17 14:00,2026.08.17 15:00,39N050754015000Y,000027100005870748,0.0000,0.0000,,,nem
2026.08.17 14:00,2026.08.17 15:00,39N050754015000Y,K3SC03400984912,0.0000,0.0000,,,nem
2026.08.17 14:00,2026.08.17 15:00,39N050754578000M,000027100005848567,0.0000,0.0000,,,nem
2026.08.17 14:00,2026.08.17 15:00,39N050754578000M,000053300004228283,0.0000,0.0000,,,nem
2026.08.17 14:00,2026.08.17 15:00,39N050754578000M,000053400003290776,0.0000,0.0000,,,nem
2026.08.17 14:00,2026.08.17 15:00,39N050754716000H,000040300006200780,0.0000,0.0000,,,nem
2026.08.17 14:00,2026.08.17 15:00,39N050754716000H,K3SC04000000943,0.0000,0.0000,,,nem
2026.08.17 14:00,2026.08.17 15:00,39N050755929000B,SC07000007591,0.0000,0.0000,,,nem
2026.08.17 14:00,2026.08.17 15:00,39N050755997000G,000000002246000049,0.0000,0.0000,,,nem
2026.08.17 14:00,2026.08.17 15:00,39N050755997000G,000003500035198891,0.0000,0.0000,,,nem
2026.08.17 14:00,2026.08.17 15:00,39N0507569640004,000029200020511689,0.0000,0.0000,,,nem
2026.08.17 14:00,2026.08.17 15:00,39N050756996000D,K3SC08000006659,0.0000,0.0000,,,nem
2026.08.17 14:00,2026.08.17 15:00,39N050757163000K,K3SC08000005254,0.0000,0.0000,,,nem
2026.08.17 14:00,2026.08.17 15:00,39N050757415000J,000053400003290785,0.0000,0.0000,,,nem
2026.08.17 14:00,2026.08.17 15:00,39N050757415000J,K3SC09000000237,0.0000,0.0000,,,nem
2026.08.17 14:00,2026.08.17 15:00,39N050757439000O,000001300013505669,0.0000,0.0000,,,nem
2026.08.17 14:00,2026.08.17 15:00,39N050757439000O,000040300012216291,0.0000,0.0000,,,nem
2026.08.17 14:00,2026.08.17 15:00,39N050757439000O,000044500037979231,0.0000,0.0000,,,nem
2026.08.17 14:00,2026.08.17 15:00,39N050757439000O,K3SC08000002229,0.0000,0.0000,,,nem
2026.08.17 14:00,2026.08.17 15:00,39N050757450000K,000053400002719733,2.5000,2.9840,,,nem
2026.08.17 14:00,2026.08.17 15:00,39N050757450000K,K3SC03401169913,0.0000,0.0000,,,nem
2026.08.17 14:00,2026.08.17 15:00,39N050757472000Z,000000002246000059,0.0000,0.0000,,,nem
2026.08.17 14:00,2026.08.17 15:00,39N050757472000Z,000053400002719783,0.0000,0.0000,,,nem
2026.08.17 14:00,2026.08.17 15:00,39N050758923000H,000027900020522241,0.0000,0.0000,,,nem
2026.08.17 14:00,2026.08.17 15:00,39N050759606000R,K02202146000564,0.0000,0.0000,,,nem
2026.08.17 14:00,2026.08.17 15:00,39N0507599930004,000002800024149874,0.0000,0.0000,,,nem
2026.08.17 14:00,2026.08.17 15:00,39N0507599930004,SC07000001919,0.0000,0.0000,,,nem
2026.08.17 14:00,2026.08.17 15:00,39N050760458000R,000000002246000162,0.0000,0.0000,,,nem
2026.08.17 14:00,2026.08.17 15:00,39N050760458000R,000001300016230255,0.0200,0.0203,,,nem
2026.08.17 14:00,2026.08.17 15:00,39N050760709000V,K3SC03401061094,5.8000,37.9400,,,nem
2026.08.17 14:00,2026.08.17 15:00,39N050762038000E,K02202246000183,0.0000,0.0000,,,nem
2026.08.17 14:00,2026.08.17 15:00,39N050762094000Z,000033300005960005,0.0000,0.0000,,,nem
2026.08.17 14:00,2026.08.17 15:00,39N050762094000Z,K3SC03400723975,0.0000,0.0000,,,nem
2026.08.17 14:00,2026.08.17 15:00,39N050764763000U,000012000075117793,0.0000,0.0000,,,nem
2026.08.17 14:00,2026.08.17 15:00,39N050764763000U,000053100006730746,0.0000,0.0000,,,nem
2026.08.17 14:00,2026.08.17 15:00,39N050764763000U,K3SC09000000002,0.0000,0.0000,,,nem
2026.08.17 14:00,2026.08.17 15:00,39N050764779000V,000052100004064528,0.0000,0.0000,,,nem
2026.08.17 14:00,2026.08.17 15:00,39N050764779000V,K3SC03402019421,0.0000,0.0000,,,nem
2026.08.17 14:00,2026.08.17 15:00,39N050765037000W,K02000017L29370,0.0000,0.0000,,,nem
2026.08.17 14:00,2026.08.17 15:00,39N0507679070008,000000002146000466,0.0000,0.0000,,,nem
2026.08.17 14:00,2026.08.17 15:00,39N0507679070008,000040300007204577,0.0000,0.0000,,,nem
2026.08.17 14:00,2026.08.17 15:00,39N0507679070008,000040300014219638,0.0000,0.0000,,,nem
2026.08.17 14:00,2026.08.17 15:00,39N0507679070008,000053100004211708,0.0000,0.0000,,,nem
2026.08.17 14:00,2026.08.17 15:00,39N0507679070008,000053300004078695,0.0000,0.0000,,,nem
2026.08.17 14:00,2026.08.17 15:00,39N0507679070008,SC07000001932,0.0000,0.0000,,,nem
2026.08.17 14:00,2026.08.17 15:00,39N0507693140006,000000002246000115,0.0000,0.0000,,,nem
2026.08.17 14:00,2026.08.17 15:00,39N0507705100001,000029900020514285,0.0000,0.0000,,,nem
2026.08.17 14:00,2026.08.17 15:00,39N0507705100001,000051303403563760,0.0000,0.0000,,,nem
2026.08.17 14:00,2026.08.17 15:00,39N0507705100001,000052700000899611,0.0000,0.0000,,,nem
2026.08.17 14:00,2026.08.17 15:00,39N0507705100001,K3SC07000001924,0.0000,0.0000,,,nem
2026.08.17 14:00,2026.08.17 15:00,39N050771852000C,K3SC07000001832,0.0000,0.0000,,,nem
2026.08.17 14:00,2026.08.17 15:00,39N0507730720003,000053300004228387,0.0000,0.0000,,,nem
2026.08.17 14:00,2026.08.17 15:00,39N050773615000J,K3SC34000505359,0.0000,0.0000,,,nem
2026.08.17 14:00,2026.08.17 15:00,39N050773622000S,000053300004228493,0.0000,0.0000,,,nem
2026.08.17 14:00,2026.08.17 15:00,39N050773622000S,K3SC09000000250,0.0000,0.0000,,,nem
2026.08.17 14:00,2026.08.17 15:00,39N050773882000F,K3SC03402019413,0.0000,0.0000,,,nem
2026.08.17 14:00,2026.08.17 15:00,39N0507741940003,K02000018L29724,0.0000,0.0000,,,nem
2026.08.17 14:00,2026.08.17 15:00,39N050774244000Q,000044700031395811,0.1100,0.1117,,,nem
2026.08.17 14:00,2026.08.17 15:00,39N050774244000Q,K3SC03400699635,11.6000,43.0400,,,nem
2026.08.17 14:00,2026.08.17 15:00,39N0507742750003,000027900020519928,0.0000,0.0000,,,nem
2026.08.17 14:00,2026.08.17 15:00,39N050775645000M,000008800045007665,0.0000,0.0000,,,nem
2026.08.17 14:00,2026.08.17 15:00,39N050775645000M,000027900020502769,0.0000,0.0000,,,nem
2026.08.17 14:00,2026.08.17 15:00,39N050776264000Z,000027100005870779,0.0000,0.0000,,,nem
2026.08.17 14:00,2026.08.17 15:00,39N050776439000E,000001300023106173,0.0000,0.0000,,,nem
2026.08.17 14:00,2026.08.17 15:00,39N050776439000E,SC07000006370,0.0000,0.0000,,,nem
2026.08.17 14:00,2026.08.17 15:00,39N050776462000V,K02000017L29063,0.0000,0.0000,,,nem
2026.08.17 14:00,2026.08.17 15:00,39N0507772080006,000000002246000073,0.0000,0.0000,,,nem
2026.08.17 14:00,2026.08.17 15:00,39N050777442000Z,000002600043780817,0.1900,0.1930,,,nem
2026.08.17 14:00,2026.08.17 15:00,39N050777442000Z,K02000017L29055,0.0000,0.0000,,,nem
2026.08.17 14:00,2026.08.17 15:00,39N050777442000Z,K02202146000484,0.0000,0.0000,,,nem
2026.08.17 14:00,2026.08.17 15:00,39N050777482000B,000000002246000043,0.0000,0.0000,,,nem
2026.08.17 14:00,2026.08.17 15:00,39N050792697000P,000027000005848410,0.0000,0.0000,,,nem
2026.08.17 14:00,2026.08.17 15:00,39N050793035000V,000035500084243061,1.2000,1.2190,,,nem
2026.08.17 14:00,2026.08.17 15:00,39N050793035000V,000035500084243063,0.0000,0.0000,,,nem
2026.08.17 14:00,2026.08.17 15:00,39N0507981050002,000029200020524061,0.0000,0.0000,,,nem
2026.08.17 14:00,2026.08.17 15:00,39N050813036000E,000027100005897973,0.4000,0.3915,,,nem
2026.08.17 14:00,2026.08.17 15:00,39N050814444000J,000053300003306760,0.0000,0.0000,,,nem
2026.08.17 14:00,2026.08.17 15:00,39N050816644000Q,000052600000899462,0.0000,0.0000,,,nem
2026.08.17 14:00,2026.08.17 15:00,39N0508179760006,SC10000001096,1.1200,3.7500,,,nem
2026.08.17 14:00,2026.08.17 15:00,39N050818676000J,000040400014219207,0.0000,0.0000,,,nem
2026.08.17 14:00,2026.08.17 15:00,39N050820134000W,000053100004211197,0.0100,0.0102,,,nem
2026.08.17 14:00,2026.08.17 15:00,39N050820134000W,K3SC03402019414,0.0000,0.0000,,,nem
2026.08.17 14:00,2026.08.17 15:00,39N050820458000G,000052700000885406,21.4000,22.1661,,,nem
2026.08.17 14:00,2026.08.17 15:00,39N050822345000S,000052600000884385,2.2000,2.1162,,,nem
2026.08.17 14:00,2026.08.17 15:00,39N0508227020002,K3SC03401147239,0.0000,0.0000,,,nem
2026.08.17 14:00,2026.08.17 15:00,39N050831052000K,K3SC03401169907,0.0000,0.0000,,,nem
2026.08.17 14:00,2026.08.17 15:00,39N050831052000K,K3SC07000006344,0.0000,0.0000,,,nem
2026.08.17 14:00,2026.08.17 15:00,39N050831214000K,K3SC08000001061,0.0000,0.0000,,,nem
2026.08.17 14:00,2026.08.17 15:00,39N050831732000K,000000002246000171,0.0000,0.0000,,,nem
2026.08.17 14:00,2026.08.17 15:00,39N050831732000K,000000002246000297,0.0000,0.0000,,,nem
2026.08.17 14:00,2026.08.17 15:00,39N050832564000Z,K3SC08000002241,0.0000,0.0000,,,nem
2026.08.17 14:00,2026.08.17 15:00,39N050833827000F,K3SC03400699729,0.0000,0.0000,,,nem
2026.08.17 14:00,2026.08.17 15:00,39N050836149000I,K3SC03401414828,0.0000,0.0000,,,nem
2026.08.17 14:00,2026.08.17 15:00,39N050836830000K,000000003403233014,0.0000,0.0000,,,nem
2026.08.17 14:00,2026.08.17 15:00,39N050836979000I,000053400003290796,0.0000,0.0000,,,igen
2026.08.17 14:00,2026.08.17 15:00,39N0508398450002,K3SC08000002237,0.0000,0.0000,,,nem
2026.08.17 14:00,2026.08.17 15:00,39N050841968000N,SC11000000589,0.0000,0.0000,,,nem
2026.08.17 14:00,2026.08.17 15:00,39N050843706000U,000053300004078513,0.0000,0.0000,,,nem
2026.08.17 14:00,2026.08.17 15:00,39N050844930000K,000052600000914889,0.2000,0.1959,,,nem
2026.08.17 14:00,2026.08.17 15:00,39N050847541000D,K3SC09000000240,0.0000,0.0000,,,nem
2026.08.17 14:00,2026.08.17 15:00,39N050847787000J,000034800000031563,1.4000,1.3506,,,nem
2026.08.17 14:00,2026.08.17 15:00,39N0508480240000,000052700000909509,0.0000,0.0000,,,nem
2026.08.17 14:00,2026.08.17 15:00,39N050848355000U,000040300012215942,0.0000,0.0000,,,nem
2026.08.17 14:00,2026.08.17 15:00,39N0508490730004,000051303403563818,17.6000,17.2269,,,nem
2026.08.17 14:00,2026.08.17 15:00,39N050849323000D,K3SC04000000054,7.2000,27.3600,,,nem
2026.08.17 14:00,2026.08.17 15:00,39N050851794000U,K3SC07000006360,0.0000,0.0000,,,nem
2026.08.17 14:00,2026.08.17 15:00,39N050861247000Y,K3SC09000003821,6.5000,21.0700,,,nem
2026.08.17 14:00,2026.08.17 15:00,39N050866001000P,000000002246000036,0.0000,0.0000,,,nem
2026.08.17 14:00,2026.08.17 15:00,39N050875710000B,K3SC11000000578,0.0000,0.0000,,,nem
2026.08.17 14:00,2026.08.17 15:00,39N0508759240008,K3SC03401061101,0.0000,0.0000,,,nem
2026.08.17 14:00,2026.08.17 15:00,39N0508788210006,000053300004078461,0.0000,0.0000,,,nem
2026.08.17 14:00,2026.08.17 15:00,39N050879364000V,K02000016L28058,0.0000,0.0000,,,nem
2026.08.17 14:00,2026.08.17 15:00,39N0508813320003,000029900020519902,0.0000,0.0000,,,nem
2026.08.17 14:00,2026.08.17 15:00,39N050882973000Z,000040300009900172,0.0000,0.0000,,,nem
2026.08.17 14:00,2026.08.17 15:00,39N050890535000A,000000002146000441,0.0000,0.0000,,,nem
2026.08.17 14:00,2026.08.17 15:00,39N0508949570002,000027100005897971,0.0000,0.0000,,,nem
2026.08.17 14:00,2026.08.17 15:00,39N050896400000C,K3SC03400574253,0.0000,0.0000,,,nem
2026.08.17 14:00,2026.08.17 15:00,39N050896796000I,000027700001184418,0.0000,0.0000,,,nem
2026.08.17 14:00,2026.08.17 15:00,39N050898846000P,K3SC03400699737,0.0000,0.0000,,,nem
2026.08.17 14:00,2026.08.17 15:00,39N050913091000U,000027100005848490,0.0000,0.0000,,,nem
2026.08.17 14:00,2026.08.17 15:00,39N050915973000R,K3SC08000002025,0.0000,0.0000,,,nem
2026.08.17 14:00,2026.08.17 15:00,39N050916593000Z,K3SC03401169915,15.1000,55.7500,,,nem
2026.08.17 15:00,2026.08.17 16:00,39N0500091210005,000038200077158060,0.0000,0.0000,,,nem
2026.08.17 15:00,2026.08.17 16:00,39N050022609000H,000053300003307178,0.2000,0.2024,,,nem
2026.08.17 15:00,2026.08.17 16:00,39N050029731000D,000052600000914866,0.0000,0.0000,,,nem
2026.08.17 15:00,2026.08.17 16:00,39N050031988000Q,000052600000899454,0.0000,0.0000,,,nem
2026.08.17 15:00,2026.08.17 16:00,39N050032468000S,000052700000899362,0.8000,0.8123,,,nem
2026.08.17 15:00,2026.08.17 16:00,39N050033836000K,000027100005848245,0.7000,0.7108,,,nem
2026.08.17 15:00,2026.08.17 16:00,39N050034412000Z,000002600043780756,0.0000,0.0000,,,nem
2026.08.17 15:00,2026.08.17 16:00,39N050034412000Z,000052700000885403,2.9000,2.8385,,,nem
2026.08.17 15:00,2026.08.17 16:00,39N0500344350008,000046700000888615,0.0000,0.0000,,,nem
2026.08.17 15:00,2026.08.17 16:00,39N050034459000D,000040400014219775,0.0000,0.0000,,,nem
2026.08.17 15:00,2026.08.17 16:00,39N050042294000Z,000040400008209973,0.0000,0.0000,,,nem
2026.08.17 15:00,2026.08.17 16:00,39N050044030000F,000027000035197562,0.0000,0.0000,,,nem
2026.08.17 15:00,2026.08.17 16:00,39N050052498000T,SC05000004104,0.0000,0.0000,,,nem
2026.08.17 15:00,2026.08.17 16:00,39N050053842000G,K3SC03401169905,0.0000,0.0000,,,nem
2026.08.17 15:00,2026.08.17 16:00,39N0500617550009,000044500034101914,0.0000,0.0000,,,nem
2026.08.17 15:00,2026.08.17 16:00,39N0500617550009,K3SC03400699700,0.0000,0.0000,,,nem
2026.08.17 15:00,2026.08.17 16:00,39N050066949000F,000053400003290721,0.0000,0.0000,,,nem
2026.08.17 15:00,2026.08.17 16:00,39N050068660000G,000035500084243026,0.0000,0.0000,,,nem
2026.08.17 15:00,2026.08.17 16:00,39N050068660000G,000035500084243027,0.2000,0.2014,,,nem
2026.08.17 15:00,2026.08.17 16:00,39N050071512000G,000051303403398537,0.0000,0.0000,,,nem
2026.08.17 15:00,2026.08.17 16:00,39N050073737000N,000040400006201455,0.0000,0.0000,,,nem
2026.08.17 15:00,2026.08.17 16:00,39N050073762000U,000053400004078277,0.0000,0.0000,,,nem
2026.08.17 15:00,2026.08.17 16:00,39N050075194000S,000029200020524049,9.2000,9.3702,,,nem
2026.08.17 15:00,2026.08.17 16:00,39N0500755940000,000027000005950284,0.0000,0.0000,,,nem
2026.08.17 15:00,2026.08.17 16:00,39N0500755940000,000052600000886571,0.0000,0.0000,,,nem
2026.08.17 15:00,2026.08.17 16:00,39N050076850000F,000006201754704050,6.1000,6.0036,,,nem
2026.08.17 15:00,2026.08.17 16:00,39N050076850000F,000040300006201137,0.7000,0.6857,,,nem
2026.08.17 15:00,2026.08.17 16:00,39N050081322000F,000053400003290798,8.1000,8.1567,,,nem
2026.08.17 15:00,2026.08.17 16:00,39N050083908000D,000006202897801002,0.0000,0.0000,,,nem
2026.08.17 15:00,2026.08.17 16:00,39N050083908000D,000040300011213334,0.0000,0.0000,,,nem
2026.08.17 15:00,2026.08.17 16:00,39N050089206000O,000006203403563919,1.1000,1.1075,,,nem
2026.08.17 15:00,2026.08.17 16:00,39N050089206000O,000028700084091487,0.0000,0.0000,,,nem
2026.08.17 15:00,2026.08.17 16:00,39N050089342000D,000015608267713002,0.0000,0.0000,,,nem
2026.08.17 15:00,2026.08.17 16:00,39N050094459000X,000040400006201425,0.0000,0.0000,,,nem
2026.08.17 15:00,2026.08.17 16:00,39N050094490000H,000027100005894204,0.6000,0.5795,,,nem
2026.08.17 15:00,2026.08.17 16:00,39N050106941000P,000027100005848507,0.2000,0.1932,,,nem
2026.08.17 15:00,2026.08.17 16:00,39N0501191590002,000029200020517908,3.5000,3.4836,,,nem
2026.08.17 15:00,2026.08.17 16:00,39N050132558000H,000040400007204469,0.2000,0.1958,,,nem
2026.08.17 15:00,2026.08.17 16:00,39N050137387000F,000052600000900202,6.7000,6.5580,,,nem
2026.08.17 15:00,2026.08.17 16:00,39N050145410000I,000027100005848241,0.6000,0.5873,,,nem
2026.08.17 15:00,2026.08.17 16:00,39N050146207000W,000052700000899364,0.0000,0.0000,,,nem
2026.08.17 15:00,2026.08.17 16:00,39N050153206000F,K3SC06000007800,0.0000,0.0000,,,nem
2026.08.17 15:00,2026.08.17 16:00,39N0501601470008,000040300008206765,0.0000,0.0000,,,igen
2026.08.17 15:00,2026.08.17 16:00,39N0501601470008,000040300014219822,0.0000,0.0000,,,igen
2026.08.17 15:00,2026.08.17 16:00,39N050160341000O,000052700000899034,1.5000,1.5231,,,nem
2026.08.17 15:00,2026.08.17 16:00,39N0501618590009,000053400002726045,2.9000,2.8385,,,nem
2026.08.17 15:00,2026.08.17 16:00,39N050168020000Z,L01A625,2.0000,1.9918,,,nem
2026.08.17 15:00,2026.08.17 16:00,39N050176728000R,000040300012214339,0.0000,0.0000,,,nem
2026.08.17 15:00,2026.08.17 16:00,39N050176728000R,000053300003348438,0.0000,0.0000,,,nem
2026.08.17 15:00,2026.08.17 16:00,39N050177032000I,000053400003290719,0.0000,0.0000,,,nem
2026.08.17 15:00,2026.08.17 16:00,39N0501770340008,000053400002725990,0.0000,0.0000,,,nem
2026.08.17 15:00,2026.08.17 16:00,39N050180150000J,000000002246000217,0.3400,0.3340,,,nem
2026.08.17 15:00,2026.08.17 16:00,39N050197735000A,000053400003290744,0.0000,0.0000,,,nem
2026.08.17 15:00,2026.08.17 16:00,39N0502000520004,000029900020519904,13.7000,14.7344,,,nem
2026.08.17 15:00,2026.08.17 16:00,39N0502000520004,000053400003290731,0.1000,0.0957,,,nem
2026.08.17 15:00,2026.08.17 16:00,39N050207087000G,000033300005960021,0.0000,0.0000,,,nem
2026.08.17 15:00,2026.08.17 16:00,39N050207887000Y,000011100000109615,0.0000,0.0000,,,nem
2026.08.17 15:00,2026.08.17 16:00,39N050208125000A,000028700084091484,0.0000,0.0000,,,nem
2026.08.17 15:00,2026.08.17 16:00,39N050208128000W,000052600000896583,0.0000,0.0000,,,nem
2026.08.17 15:00,2026.08.17 16:00,39N050208164000S,000000002246000198,7.0000,7.2780,,,nem
2026.08.17 15:00,2026.08.17 16:00,39N050209187000U,000027000005926405,0.0000,0.0000,,,nem
2026.08.17 15:00,2026.08.17 16:00,39N0502109170005,000053400003708002,0.0000,0.0000,,,nem
2026.08.17 15:00,2026.08.17 16:00,39N0502109620000,000027100005894243,0.0000,0.0000,,,nem
2026.08.17 15:00,2026.08.17 16:00,39N050212788000U,000053600000897292,0.0000,0.0000,,,nem
2026.08.17 15:00,2026.08.17 16:00,39N050213910000G,000027100005898038,0.0000,0.0000,,,nem
2026.08.17 15:00,2026.08.17 16:00,39N050214190000G,K3SC03400699752,1.3500,4.6400,,,nem
2026.08.17 15:00,2026.08.17 16:00,39N050214638000E,K02000017L28861,0.0000,0.0000,,,nem
2026.08.17 15:00,2026.08.17 16:00,39N050214647000D,K3SC06000003455,0.0000,0.0000,,,nem
2026.08.17 15:00,2026.08.17 16:00,39N050214652000W,000008800043449669,1.8300,1.8428,,,nem
2026.08.17 15:00,2026.08.17 16:00,39N050214652000W,000027000005894200,0.0000,0.0000,,,nem
2026.08.17 15:00,2026.08.17 16:00,39N050214652000W,K3SC08000002012,0.0000,0.0000,,,nem
2026.08.17 15:00,2026.08.17 16:00,39N050214655000H,K3SC09000000230,0.1000,0.5800,,,nem
2026.08.17 15:00,2026.08.17 16:00,39N050214668000X,000000002246000235,0.0000,0.0000,,,nem
2026.08.17 15:00,2026.08.17 16:00,39N050214674000A,K3SC07000007598,0.0000,0.0000,,,nem
2026.08.17 15:00,2026.08.17 16:00,39N050214697000K,K3SC07000006334,0.0000,0.0000,,,nem
2026.08.17 15:00,2026.08.17 16:00,39N050214912000Z,K3SC07000001923,0.0000,0.0000,,,nem
2026.08.17 15:00,2026.08.17 16:00,39N050214941000M,EP07883,0.0000,0.0000,,,nem
2026.08.17 15:00,2026.08.17 16:00,39N050215930000P,K3SC06000002907,0.0000,0.0000,,,nem
2026.08.17 15:00,2026.08.17 16:00,39N050215938000M,K02000017L29066,0.0000,0.0000,,,nem
2026.08.17 15:00,2026.08.17 16:00,39N0502159430004,K3SC07000001954,0.0000,0.0000,,,nem
2026.08.17 15:00,2026.08.17 16:00,39N050215958000A,000000002246000117,0.0000,0.0000,,,nem
2026.08.17 15:00,2026.08.17 16:00,39N050215958000A,K02000017L29366,0.0000,0.0000,,,nem
2026.08.17 15:00,2026.08.17 16:00,39N050215987000Y,000040300012214341,0.0000,0.0000,,,nem
2026.08.17 15:00,2026.08.17 16:00,39N050215987000Y,K3SC04000000062,0.0000,0.0000,,,nem
2026.08.17 15:00,2026.08.17 16:00,39N050215987000Y,K3SC07000002663,0.0000,0.0000,,,nem
2026.08.17 15:00,2026.08.17 16:00,39N050215990000Q,000000002146000419,0.0000,0.0000,,,nem
2026.08.17 15:00,2026.08.17 16:00,39N050215990000Q,000000002246000261,0.0000,0.0000,,,nem
2026.08.17 15:00,2026.08.17 16:00,39N050215996000X,000000002246000205,0.0000,0.0000,,,nem
2026.08.17 15:00,2026.08.17 16:00,39N050215996000X,000044600000607648,0.0000,0.0000,,,nem
2026.08.17 15:00,2026.08.17 16:00,39N050215996000X,000044600000614795,0.0000,0.0000,,,nem
2026.08.17 15:00,2026.08.17 16:00,39N050216000000O,K3SC08000006643,0.0000,0.0000,,,nem
2026.08.17 15:00,2026.08.17 16:00,39N050216189000Z,K3SC09000000005,0.0000,0.0000,,,nem
2026.08.17 15:00,2026.08.17 16:00,39N050216319000Q,K3SC04000000788,0.0000,0.0000,,,nem
2026.08.17 15:00,2026.08.17 16:00,39N050217344000P,SC06000007846,31.0000,58.3400,,,nem
2026.08.17 15:00,2026.08.17 16:00,39N050217514000T,000000002246000191,6.6410,6.8890,,,nem
2026.08.17 15:00,2026.08.17 16:00,39N050217594000I,K02000017L28855,0.0000,0.0000,,,nem
2026.08.17 15:00,2026.08.17 16:00,39N0502177240009,000006209160519002,0.8000,0.8056,,,nem
2026.08.17 15:00,2026.08.17 16:00,39N0502177240009,000027700001201786,0.0000,0.0000,,,nem
2026.08.17 15:00,2026.08.17 16:00,39N0502177240009,K3SC08000001999,0.0000,0.0000,,,nem
2026.08.17 15:00,2026.08.17 16:00,39N0502177250004,000000002146000444,0.0000,0.0000,,,nem
2026.08.17 15:00,2026.08.17 16:00,39N0502177250004,000053200002511869,0.0000,0.0000,,,nem
2026.08.17 15:00,2026.08.17 16:00,39N050218554000Y,K02202146000431,0.0000,0.0000,,,nem
2026.08.17 15:00,2026.08.17 16:00,39N050218563000X,000000000001084616,0.0000,0.0000,,,nem
2026.08.17 15:00,2026.08.17 16:00,39N050218588000X,K3SC08000009353,0.0000,0.0000,,,nem
2026.08.17 15:00,2026.08.17 16:00,39N050218591000P,000008800043780320,0.0000,0.0000,,,nem
2026.08.17 15:00,2026.08.17 16:00,39N050218591000P,K02202146000387,0.0000,0.0000,,,nem
2026.08.17 15:00,2026.08.17 16:00,39N0502185960000,000045500001090171,0.0000,0.0000,,,nem
2026.08.17 15:00,2026.08.17 16:00,39N0502186000003,000000002246000034,0.0000,0.0000,,,nem
2026.08.17 15:00,2026.08.17 16:00,39N0502186000003,000044500026294967,0.0000,0.0000,,,nem
2026.08.17 15:00,2026.08.17 16:00,39N050218709000P,000000002146000433,0.0000,0.0000,,,nem
2026.08.17 15:00,2026.08.17 16:00,39N050218709000P,000027000005871862,0.0000,0.0000,,,nem
2026.08.17 15:00,2026.08.17 16:00,39N050219101000P,000053100006284304,0.0000,0.0000,,,nem
2026.08.17 15:00,2026.08.17 16:00,39N050219101000P,K11702446102256,0.0000,0.0000,,,nem
2026.08.17 15:00,2026.08.17 16:00,39N050219111000J,000053100006086023,0.0000,0.0000,,,nem
2026.08.17 15:00,2026.08.17 16:00,39N050219111000J,K3SC08000002002,0.0000,0.0000,,,nem
2026.08.17 15:00,2026.08.17 16:00,39N0502191220008,000000002146000405,0.0000,0.0000,,,nem
2026.08.17 15:00,2026.08.17 16:00,39N050219127000K,K02000018L30060,0.0000,0.0000,,,nem
2026.08.17 15:00,2026.08.17 16:00,39N050219144000N,K3SC07000001933,9.6000,9.2500,,,nem
2026.08.17 15:00,2026.08.17 16:00,39N050222615000B,K3SC08000002009,0.0000,0.0000,,,nem
2026.08.17 15:00,2026.08.17 16:00,39N050224132000X,000052600000885006,0.0000,0.0000,,,nem
2026.08.17 15:00,2026.08.17 16:00,39N050225228000V,000052600000887973,0.0000,0.0000,,,nem
2026.08.17 15:00,2026.08.17 16:00,39N050225361000Z,000028700084243212,0.0000,0.0000,,,nem
2026.08.17 15:00,2026.08.17 16:00,39N050225592000Z,K02000018L29674,3.8536,4.0000,,,nem
2026.08.17 15:00,2026.08.17 16:00,39N0502258590003,000053400004078297,8.4000,8.0800,,,nem
2026.08.17 15:00,2026.08.17 16:00,39N0502320940001,000053400002726024,0.0000,0.0000,,,nem
2026.08.17 15:00,2026.08.17 16:00,39N050233268000E,000040300013218204,0.0000,0.0000,,,nem
2026.08.17 15:00,2026.08.17 16:00,39N050233872000X,K3SC09000003822,0.0000,0.0000,,,nem
2026.08.17 15:00,2026.08.17 16:00,39N050235722000H,000000002246000065,0.8620,3.2980,,,nem
2026.08.17 15:00,2026.08.17 16:00,39N050235781000N,000000000000071480,0.0000,0.0000,,,nem
2026.08.17 15:00,2026.08.17 16:00,39N050236245000H,000006209160513005,0.0000,0.0000,,,nem
2026.08.17 15:00,2026.08.17 16:00,39N0502362660000,000027900020508134,1.0000,1.0099,,,nem
2026.08.17 15:00,2026.08.17 16:00,39N0502362660000,000040300011213597,0.0000,0.0000,,,nem
2026.08.17 15:00,2026.08.17 16:00,39N0502477110003,000052700000884957,2.6000,2.5009,,,nem
2026.08.17 15:00,2026.08.17 16:00,39N0502510990003,000019900016977384,8.4000,8.4664,,,nem
2026.08.17 15:00,2026.08.17 16:00,39N050251837000U,000040300007204770,0.0000,0.0000,,,nem
2026.08.17 15:00,2026.08.17 16:00,39N050252043000I,000027100005898029,0.0000,0.0000,,,nem
2026.08.17 15:00,2026.08.17 16:00,39N050252204000N,000006203229509031,4.1000,4.2337,,,nem
2026.08.17 15:00,2026.08.17 16:00,39N050253671000Y,000053400003708027,0.0000,0.0000,,,nem
2026.08.17 15:00,2026.08.17 16:00,39N050254055000N,000028700084243189,1.1000,1.0775,,,nem
2026.08.17 15:00,2026.08.17 16:00,39N0502542550009,000006203403563870,0.4000,0.3918,,,nem
2026.08.17 15:00,2026.08.17 16:00,39N050258835000L,000019900017022057,0.1000,0.1026,,,nem
2026.08.17 15:00,2026.08.17 16:00,39N050261616000F,000027100005848476,1.3000,1.3295,,,nem
2026.08.17 15:00,2026.08.17 16:00,39N050269363000V,000052700000884401,0.0000,0.0000,,,nem
2026.08.17 15:00,2026.08.17 16:00,39N050316475000U,000003300035201642,0.0000,0.0000,,,nem
2026.08.17 15:00,2026.08.17 16:00,39N050316475000U,000027000005848437,0.0000,0.0000,,,nem
2026.08.17 15:00,2026.08.17 16:00,39N0503424040008,000027100005870727,0.6000,0.5869,,,nem
2026.08.17 15:00,2026.08.17 16:00,39N0503439790009,000029200020502760,0.0000,0.0000,,,nem
2026.08.17 15:00,2026.08.17 16:00,39N050369436000H,000052700000889661,1.1000,1.0767,,,nem
2026.08.17 15:00,2026.08.17 16:00,39N050373639000R,000040300006202862,0.0000,0.0000,,,igen
2026.08.17 15:00,2026.08.17 16:00,39N050373666000O,000052700000887369,0.0000,0.0000,,,nem
2026.08.17 15:00,2026.08.17 16:00,39N050377940000D,000053400002719761,12.1000,11.8435,,,nem
2026.08.17 15:00,2026.08.17 16:00,39N050381165000Y,000000002246000284,0.0000,0.0000,,,nem
2026.08.17 15:00,2026.08.17 16:00,39N050385675000Z,000040400009210687,0.0000,0.0000,,,nem
2026.08.17 15:00,2026.08.17 16:00,39N050405255000Q,000029200020519053,0.0000,0.0000,,,nem
2026.08.17 15:00,2026.08.17 16:00,39N050414007000M,000029900020520529,5.7000,5.5792,,,nem
2026.08.17 15:00,2026.08.17 16:00,39N050414007000M,000040300011213341,0.0000,0.0000,,,nem
2026.08.17 15:00,2026.08.17 16:00,39N050415384000Y,000000002146000548,0.0000,0.0000,,,nem
2026.08.17 15:00,2026.08.17 16:00,39N050415384000Y,000053100004423834,0.0000,0.0000,,,nem
2026.08.17 15:00,2026.08.17 16:00,39N0504237770004,000028400084243416,0.0000,0.0000,,,nem
2026.08.17 15:00,2026.08.17 16:00,39N050433181000O,000000002246000180,0.0000,0.0000,,,nem
2026.08.17 15:00,2026.08.17 16:00,39N050445873000K,000053400002725979,0.0000,0.0000,,,nem
2026.08.17 15:00,2026.08.17 16:00,39N050450493000U,K3SCC0400000594,0.0000,0.0000,,,nem
2026.08.17 15:00,2026.08.17 16:00,39N0504550620004,000052600000887704,0.3000,0.2937,,,nem
2026.08.17 15:00,2026.08.17 16:00,39N050458746000Y,000027100005870754,0.0000,0.0000,,,nem
2026.08.17 15:00,2026.08.17 16:00,39N050458746000Y,000053300004228243,0.3000,0.2939,,,nem
2026.08.17 15:00,2026.08.17 16:00,39N050458746000Y,000053300006548960,0.0000,0.0000,,,nem
2026.08.17 15:00,2026.08.17 16:00,39N0504648650006,000052600000887402,0.0000,0.0000,,,nem
2026.08.17 15:00,2026.08.17 16:00,39N050471715000L,000029200020517911,0.0000,0.0000,,,nem
2026.08.17 15:00,2026.08.17 16:00,39N050483780000G,000027100005870759,1.2000,1.2439,,,nem
2026.08.17 15:00,2026.08.17 16:00,39N050484438000J,000052600000889209,0.1000,0.0978,,,nem
2026.08.17 15:00,2026.08.17 16:00,39N050485100000G,000040400014219743,0.0000,0.0000,,,nem
2026.08.17 15:00,2026.08.17 16:00,39N0504864890005,000053400003287118,0.0000,0.0000,,,nem
2026.08.17 15:00,2026.08.17 16:00,39N050510259000R,000027100005848322,0.0000,0.0000,,,nem
2026.08.17 15:00,2026.08.17 16:00,39N050515515000A,000052700000885935,0.0000,0.0000,,,nem
2026.08.17 15:00,2026.08.17 16:00,39N0505226180003,000011100000109610,0.1000,0.0980,,,nem
2026.08.17 15:00,2026.08.17 16:00,39N0505384670009,000027100005848294,0.1000,0.1016,,,nem
2026.08.17 15:00,2026.08.17 16:00,39N0505387730002,000052600000900177,0.0000,0.0000,,,nem
2026.08.17 15:00,2026.08.17 16:00,39N050548215000H,000053400002719801,0.0000,0.0000,,,nem
2026.08.17 15:00,2026.08.17 16:00,39N050548840000J,K3SC09000000010,4.0000,14.6000,,,nem
2026.08.17 15:00,2026.08.17 16:00,39N050552094000R,000029900020521702,8.8000,8.9038,,,nem
2026.08.17 15:00,2026.08.17 16:00,39N050553222000K,K3SC08000003475,0.6000,2.2100,,,nem
2026.08.17 15:00,2026.08.17 16:00,39N050553661000A,000034800000061526,8.7000,9.3177,,,nem
2026.08.17 15:00,2026.08.17 16:00,39N0505752100002,000052600000887553,0.0000,0.0000,,,nem
2026.08.17 15:00,2026.08.17 16:00,39N050576124000C,000034800000546505,0.0000,0.0000,,,nem
2026.08.17 15:00,2026.08.17 16:00,39N0505779810001,000006202897801013,0.1000,0.0978,,,nem
2026.08.17 15:00,2026.08.17 16:00,39N050583139000X,000053300004078348,0.0000,0.0000,,,nem
2026.08.17 15:00,2026.08.17 16:00,39N0505847100003,000053400002726046,0.0000,0.0000,,,nem
2026.08.17 15:00,2026.08.17 16:00,39N0505992060002,000053400003708023,2.7000,2.6411,,,nem
2026.08.17 15:00,2026.08.17 16:00,39N050603076000J,000051303403563786,0.3000,0.2935,,,nem
2026.08.17 15:00,2026.08.17 16:00,39N050607494000V,000038200077141480,0.0000,0.0000,,,nem
2026.08.17 15:00,2026.08.17 16:00,39N0506230230009,000053400003707928,0.0000,0.0000,,,nem
2026.08.17 15:00,2026.08.17 16:00,39N050626352000P,000034800000072507,10.4000,10.1733,,,nem
2026.08.17 15:00,2026.08.17 16:00,39N050626352000P,000053300002318656,14.1000,13.7926,,,nem
2026.08.17 15:00,2026.08.17 16:00,39N050627784000Z,000001300013013134,0.0000,0.0000,,,nem
2026.08.17 15:00,2026.08.17 16:00,39N050627784000Z,K3SC03402019428,0.0000,0.0000,,,nem
2026.08.17 15:00,2026.08.17 16:00,39N050635744000T,000051303403398549,0.0000,0.0000,,,nem
2026.08.17 15:00,2026.08.17 16:00,39N050636182000C,000040300014219987,0.0000,0.0000,,,nem
2026.08.17 15:00,2026.08.17 16:00,39N050636182000C,000053200006188793,0.0000,0.0000,,,nem
2026.08.17 15:00,2026.08.17 16:00,39N050636182000C,000053300004228213,0.0000,0.0000,,,nem
2026.08.17 15:00,2026.08.17 16:00,39N050642904000H,000053400002719822,5.3000,5.3625,,,nem
2026.08.17 15:00,2026.08.17 16:00,39N0506488920006,000038200077159774,15.8000,15.9864,,,igen
2026.08.17 15:00,2026.08.17 16:00,39N050655561000S,000027000005848448,0.0000,0.0000,,,nem
2026.08.17 15:00,2026.08.17 16:00,39N050655561000S,000027000005950344,0.0000,0.0000,,,nem
2026.08.17 15:00,2026.08.17 16:00,39N050655561000S,000040200008208469,0.0000,0.0000,,,nem
2026.08.17 15:00,2026.08.17 16:00,39N050673657000W,000029900020524037,2.0000,1.9564,,,igen
2026.08.17 15:00,2026.08.17 16:00,39N050690260000L,000051303403663324,0.0000,0.0000,,,nem
2026.08.17 15:00,2026.08.17 16:00,39N050708788000F,000027000005921259,3.8000,3.6883,,,nem
2026.08.17 15:00,2026.08.17 16:00,39N050720770000X,000040400012214791,0.0000,0.0000,,,nem
2026.08.17 15:00,2026.08.17 16:00,39N050740233000M,000052700000900251,0.0000,0.0000,,,nem
2026.08.17 15:00,2026.08.17 16:00,39N050744134000T,000052600000888120,0.0000,0.0000,,,nem
2026.08.17 15:00,2026.08.17 16:00,39N0507451030007,000000002246000087,0.0000,0.0000,,,nem
2026.08.17 15:00,2026.08.17 16:00,39N0507495580003,000000002246000226,0.0000,0.0000,,,nem
2026.08.17 15:00,2026.08.17 16:00,39N050750365000F,000044500028323170,0.0100,0.0102,,,nem
2026.08.17 15:00,2026.08.17 16:00,39N050750365000F,K3SC08000011520,0.0000,0.0000,,,nem
2026.08.17 15:00,2026.08.17 16:00,39N050750873000L,K02000018L29990,0.0000,0.0000,,,nem
2026.08.17 15:00,2026.08.17 16:00,39N050753398000W,000008800043780262,0.2000,0.2032,,,nem
2026.08.17 15:00,2026.08.17 16:00,39N050753398000W,000027000005848440,0.0000,0.0000,,,nem
2026.08.17 15:00,2026.08.17 16:00,39N050753398000W,000027000005950363,0.0000,0.0000,,,nem
2026.08.17 15:00,2026.08.17 16:00,39N050753398000W,000028700084243194,0.1000,0.0980,,,nem
2026.08.17 15:00,2026.08.17 16:00,39N050753839000S,000040300014219478,0.0000,0.0000,,,nem
2026.08.17 15:00,2026.08.17 16:00,39N050753876000J,000027000005848396,0.0000,0.0000,,,nem
2026.08.17 15:00,2026.08.17 16:00,39N050753876000J,000051303403563777,0.0000,0.0000,,,nem
2026.08.17 15:00,2026.08.17 16:00,39N050753876000J,000053300002728766,0.0000,0.0000,,,nem
2026.08.17 15:00,2026.08.17 16:00,39N050754012000C,K3SC03402019415,0.0000,0.0000,,,nem
2026.08.17 15:00,2026.08.17 16:00,39N050754015000Y,000027100005870748,0.0000,0.0000,,,nem
2026.08.17 15:00,2026.08.17 16:00,39N050754015000Y,K3SC03400984912,0.0000,0.0000,,,nem
2026.08.17 15:00,2026.08.17 16:00,39N050754578000M,000027100005848567,0.0000,0.0000,,,nem
2026.08.17 15:00,2026.08.17 16:00,39N050754578000M,000053300004228283,0.0000,0.0000,,,nem
2026.08.17 15:00,2026.08.17 16:00,39N050754578000M,000053400003290776,0.0000,0.0000,,,nem
2026.08.17 15:00,2026.08.17 16:00,39N050754716000H,000040300006200780,0.0000,0.0000,,,nem
2026.08.17 15:00,2026.08.17 16:00,39N050754716000H,K3SC04000000943,0.0000,0.0000,,,nem
2026.08.17 15:00,2026.08.17 16:00,39N050755929000B,SC07000007591,0.0000,0.0000,,,nem
2026.08.17 15:00,2026.08.17 16:00,39N050755997000G,000000002246000049,0.0000,0.0000,,,nem
2026.08.17 15:00,2026.08.17 16:00,39N050755997000G,000003500035198891,0.0000,0.0000,,,nem
2026.08.17 15:00,2026.08.17 16:00,39N0507569640004,000029200020511689,0.0000,0.0000,,,nem
2026.08.17 15:00,2026.08.17 16:00,39N050756996000D,K3SC08000006659,0.0000,0.0000,,,nem
2026.08.17 15:00,2026.08.17 16:00,39N050757163000K,K3SC08000005254,0.0000,0.0000,,,nem
2026.08.17 15:00,2026.08.17 16:00,39N050757415000J,000053400003290785,0.1000,0.1050,,,nem
2026.08.17 15:00,2026.08.17 16:00,39N050757415000J,K3SC09000000237,0.0000,0.0000,,,nem
2026.08.17 15:00,2026.08.17 16:00,39N050757439000O,000001300013505669,0.0000,0.0000,,,nem
2026.08.17 15:00,2026.08.17 16:00,39N050757439000O,000040300012216291,0.0000,0.0000,,,nem
2026.08.17 15:00,2026.08.17 16:00,39N050757439000O,000044500037979231,0.0000,0.0000,,,nem
2026.08.17 15:00,2026.08.17 16:00,39N050757439000O,K3SC08000002229,0.0000,0.0000,,,nem
2026.08.17 15:00,2026.08.17 16:00,39N050757450000K,000053400002719733,2.0000,2.3872,,,nem
2026.08.17 15:00,2026.08.17 16:00,39N050757450000K,K3SC03401169913,0.0000,0.0000,,,nem
2026.08.17 15:00,2026.08.17 16:00,39N050757472000Z,000000002246000059,0.0000,0.0000,,,nem
2026.08.17 15:00,2026.08.17 16:00,39N050757472000Z,000053400002719783,0.1000,0.0980,,,nem
2026.08.17 15:00,2026.08.17 16:00,39N050758923000H,000027900020522241,0.0000,0.0000,,,nem
2026.08.17 15:00,2026.08.17 16:00,39N050759606000R,K02202146000564,0.0000,0.0000,,,nem
2026.08.17 15:00,2026.08.17 16:00,39N0507599930004,000002800024149874,0.0000,0.0000,,,nem
2026.08.17 15:00,2026.08.17 16:00,39N0507599930004,SC07000001919,0.0000,0.0000,,,nem
2026.08.17 15:00,2026.08.17 16:00,39N050760458000R,000000002246000162,0.0000,0.0000,,,nem
2026.08.17 15:00,2026.08.17 16:00,39N050760458000R,000001300016230255,0.0000,0.0000,,,nem
2026.08.17 15:00,2026.08.17 16:00,39N050760709000V,K3SC03401061094,4.9000,31.9800,,,nem
2026.08.17 15:00,2026.08.17 16:00,39N050762038000E,K02202246000183,0.0000,0.0000,,,nem
2026.08.17 15:00,2026.08.17 16:00,39N050762094000Z,000033300005960005,0.0000,0.0000,,,nem
2026.08.17 15:00,2026.08.17 16:00,39N050762094000Z,K3SC03400723975,0.0000,0.0000,,,nem
2026.08.17 15:00,2026.08.17 16:00,39N050764763000U,000012000075117793,0.0000,0.0000,,,nem
2026.08.17 15:00,2026.08.17 16:00,39N050764763000U,000053100006730746,0.0000,0.0000,,,nem
2026.08.17 15:00,2026.08.17 16:00,39N050764763000U,K3SC09000000002,0.0000,0.0000,,,nem
2026.08.17 15:00,2026.08.17 16:00,39N050764779000V,000052100004064528,0.0000,0.0000,,,nem
2026.08.17 15:00,2026.08.17 16:00,39N050764779000V,K3SC03402019421,0.0000,0.0000,,,nem
2026.08.17 15:00,2026.08.17 16:00,39N050765037000W,K02000017L29370,0.0000,0.0000,,,nem
2026.08.17 15:00,2026.08.17 16:00,39N0507679070008,000000002146000466,0.0000,0.0000,,,nem
2026.08.17 15:00,2026.08.17 16:00,39N0507679070008,000040300007204577,0.0000,0.0000,,,nem
2026.08.17 15:00,2026.08.17 16:00,39N0507679070008,000040300014219638,0.0000,0.0000,,,nem
2026.08.17 15:00,2026.08.17 16:00,39N0507679070008,000053100004211708,0.0000,0.0000,,,nem
2026.08.17 15:00,2026.08.17 16:00,39N0507679070008,000053300004078695,0.0000,0.0000,,,nem
2026.08.17 15:00,2026.08.17 16:00,39N0507679070008,SC07000001932,0.0000,0.0000,,,nem
2026.08.17 15:00,2026.08.17 16:00,39N0507693140006,000000002246000115,0.0000,0.0000,,,nem
2026.08.17 15:00,2026.08.17 16:00,39N0507705100001,000029900020514285,0.0000,0.0000,,,nem
2026.08.17 15:00,2026.08.17 16:00,39N0507705100001,000051303403563760,0.0000,0.0000,,,nem
2026.08.17 15:00,2026.08.17 16:00,39N0507705100001,000052700000899611,0.0000,0.0000,,,nem
2026.08.17 15:00,2026.08.17 16:00,39N0507705100001,K3SC07000001924,0.0000,0.0000,,,nem
2026.08.17 15:00,2026.08.17 16:00,39N050771852000C,K3SC07000001832,0.0000,0.0000,,,nem
2026.08.17 15:00,2026.08.17 16:00,39N0507730720003,000053300004228387,0.0000,0.0000,,,nem
2026.08.17 15:00,2026.08.17 16:00,39N050773615000J,K3SC34000505359,0.0000,0.0000,,,nem
2026.08.17 15:00,2026.08.17 16:00,39N050773622000S,000053300004228493,0.0000,0.0000,,,nem
2026.08.17 15:00,2026.08.17 16:00,39N050773622000S,K3SC09000000250,0.0000,0.0000,,,nem
2026.08.17 15:00,2026.08.17 16:00,39N050773882000F,K3SC03402019413,0.0000,0.0000,,,nem
2026.08.17 15:00,2026.08.17 16:00,39N0507741940003,K02000018L29724,0.0000,0.0000,,,nem
2026.08.17 15:00,2026.08.17 16:00,39N050774244000Q,000044700031395811,0.0400,0.0406,,,nem
2026.08.17 15:00,2026.08.17 16:00,39N050774244000Q,K3SC03400699635,11.7000,43.2700,,,nem
2026.08.17 15:00,2026.08.17 16:00,39N0507742750003,000027900020519928,0.0000,0.0000,,,nem
2026.08.17 15:00,2026.08.17 16:00,39N050775645000M,000008800045007665,0.0000,0.0000,,,nem
2026.08.17 15:00,2026.08.17 16:00,39N050775645000M,000027900020502769,0.0000,0.0000,,,nem
2026.08.17 15:00,2026.08.17 16:00,39N050776264000Z,000027100005870779,0.1000,0.0978,,,nem
2026.08.17 15:00,2026.08.17 16:00,39N050776439000E,000001300023106173,0.0000,0.0000,,,nem
2026.08.17 15:00,2026.08.17 16:00,39N050776439000E,SC07000006370,0.0000,0.0000,,,nem
2026.08.17 15:00,2026.08.17 16:00,39N050776462000V,K02000017L29063,0.0000,0.0000,,,nem
2026.08.17 15:00,2026.08.17 16:00,39N0507772080006,000000002246000073,0.0000,0.0000,,,nem
2026.08.17 15:00,2026.08.17 16:00,39N050777442000Z,000002600043780817,0.0000,0.0000,,,nem
2026.08.17 15:00,2026.08.17 16:00,39N050777442000Z,K02000017L29055,2.0000,2.0000,,,nem
2026.08.17 15:00,2026.08.17 16:00,39N050777442000Z,K02202146000484,0.0000,0.0000,,,nem
2026.08.17 15:00,2026.08.17 16:00,39N050777482000B,000000002246000043,0.0000,0.0000,,,nem
2026.08.17 15:00,2026.08.17 16:00,39N050792697000P,000027000005848410,0.0000,0.0000,,,nem
2026.08.17 15:00,2026.08.17 16:00,39N050793035000V,000035500084243061,0.0000,0.0000,,,nem
2026.08.17 15:00,2026.08.17 16:00,39N050793035000V,000035500084243063,0.0000,0.0000,,,nem
2026.08.17 15:00,2026.08.17 16:00,39N0507981050002,000029200020524061,0.0000,0.0000,,,nem
2026.08.17 15:00,2026.08.17 16:00,39N050813036000E,000027100005897973,1.1000,1.0767,,,nem
2026.08.17 15:00,2026.08.17 16:00,39N050814444000J,000053300003306760,0.0000,0.0000,,,nem
2026.08.17 15:00,2026.08.17 16:00,39N050816644000Q,000052600000899462,0.0000,0.0000,,,nem
2026.08.17 15:00,2026.08.17 16:00,39N0508179760006,SC10000001096,1.0400,3.5000,,,nem
2026.08.17 15:00,2026.08.17 16:00,39N050818676000J,000040400014219207,0.0000,0.0000,,,nem
2026.08.17 15:00,2026.08.17 16:00,39N050820134000W,000053100004211197,0.0300,0.0305,,,nem
2026.08.17 15:00,2026.08.17 16:00,39N050820134000W,K3SC03402019414,0.0000,0.0000,,,nem
2026.08.17 15:00,2026.08.17 16:00,39N050820458000G,000052700000885406,19.9000,20.6124,,,nem
2026.08.17 15:00,2026.08.17 16:00,39N050822345000S,000052600000884385,0.9000,0.8657,,,nem
2026.08.17 15:00,2026.08.17 16:00,39N0508227020002,K3SC03401147239,0.0000,0.0000,,,nem
2026.08.17 15:00,2026.08.17 16:00,39N050831052000K,K3SC03401169907,0.0000,0.0000,,,nem
2026.08.17 15:00,2026.08.17 16:00,39N050831052000K,K3SC07000006344,0.0000,0.0000,,,nem
2026.08.17 15:00,2026.08.17 16:00,39N050831214000K,K3SC08000001061,0.0000,0.0000,,,nem
2026.08.17 15:00,2026.08.17 16:00,39N050831732000K,000000002246000171,0.0000,0.0000,,,nem
2026.08.17 15:00,2026.08.17 16:00,39N050831732000K,000000002246000297,0.0000,0.0000,,,nem
2026.08.17 15:00,2026.08.17 16:00,39N050832564000Z,K3SC08000002241,0.0000,0.0000,,,nem
2026.08.17 15:00,2026.08.17 16:00,39N050833827000F,K3SC03400699729,0.0000,0.0000,,,nem
2026.08.17 15:00,2026.08.17 16:00,39N050836149000I,K3SC03401414828,0.0000,0.0000,,,nem
2026.08.17 15:00,2026.08.17 16:00,39N050836830000K,000000003403233014,0.0000,0.0000,,,nem
2026.08.17 15:00,2026.08.17 16:00,39N050836979000I,000053400003290796,0.0000,0.0000,,,nem
2026.08.17 15:00,2026.08.17 16:00,39N0508398450002,K3SC08000002237,0.0000,0.0000,,,nem
2026.08.17 15:00,2026.08.17 16:00,39N050841968000N,SC11000000589,0.0000,0.0000,,,nem
2026.08.17 15:00,2026.08.17 16:00,39N050843706000U,000053300004078513,0.0000,0.0000,,,nem
2026.08.17 15:00,2026.08.17 16:00,39N050844930000K,000052600000914889,0.0000,0.0000,,,nem
2026.08.17 15:00,2026.08.17 16:00,39N050847541000D,K3SC09000000240,0.0000,0.0000,,,nem
2026.08.17 15:00,2026.08.17 16:00,39N050847787000J,000034800000031563,0.0000,0.0000,,,nem
2026.08.17 15:00,2026.08.17 16:00,39N0508480240000,000052700000909509,0.0000,0.0000,,,nem
2026.08.17 15:00,2026.08.17 16:00,39N050848355000U,000040300012215942,0.0000,0.0000,,,nem
2026.08.17 15:00,2026.08.17 16:00,39N0508490730004,000051303403563818,17.9000,17.5205,,,nem
2026.08.17 15:00,2026.08.17 16:00,39N050849323000D,K3SC04000000054,5.4000,20.5600,,,nem
2026.08.17 15:00,2026.08.17 16:00,39N050851794000U,K3SC07000006360,0.0000,0.0000,,,nem
2026.08.17 15:00,2026.08.17 16:00,39N050861247000Y,K3SC09000003821,0.0000,0.0000,,,nem
2026.08.17 15:00,2026.08.17 16:00,39N050866001000P,000000002246000036,0.0000,0.0000,,,nem
2026.08.17 15:00,2026.08.17 16:00,39N050875710000B,K3SC11000000578,0.0000,0.0000,,,nem
2026.08.17 15:00,2026.08.17 16:00,39N0508759240008,K3SC03401061101,0.0000,0.0000,,,nem
2026.08.17 15:00,2026.08.17 16:00,39N0508788210006,000053300004078461,0.0000,0.0000,,,nem
2026.08.17 15:00,2026.08.17 16:00,39N050879364000V,K02000016L28058,0.0000,0.0000,,,nem
2026.08.17 15:00,2026.08.17 16:00,39N0508813320003,000029900020519902,0.0000,0.0000,,,nem
2026.08.17 15:00,2026.08.17 16:00,39N050882973000Z,000040300009900172,0.0000,0.0000,,,nem
2026.08.17 15:00,2026.08.17 16:00,39N050890535000A,000000002146000441,0.0000,0.0000,,,nem
2026.08.17 15:00,2026.08.17 16:00,39N0508949570002,000027100005897971,0.0000,0.0000,,,nem
2026.08.17 15:00,2026.08.17 16:00,39N050896400000C,K3SC03400574253,0.0000,0.0000,,,nem
2026.08.17 15:00,2026.08.17 16:00,39N050896796000I,000027700001184418,0.0000,0.0000,,,nem
2026.08.17 15:00,2026.08.17 16:00,39N050898846000P,K3SC03400699737,0.0000,0.0000,,,nem
2026.08.17 15:00,2026.08.17 16:00,39N050913091000U,000027100005848490,0.0000,0.0000,,,nem
2026.08.17 15:00,2026.08.17 16:00,39N050915973000R,K3SC08000002025,0.0000,0.0000,,,nem
2026.08.17 15:00,2026.08.17 16:00,39N050916593000Z,K3SC03401169915,24.8000,92.1600,,,nem
2026.08.17 16:00,2026.08.17 17:00,39N0500091210005,000038200077158060,0.0000,0.0000,,,nem
2026.08.17 16:00,2026.08.17 17:00,39N050022609000H,000053300003307178,0.4000,0.4047,,,nem
2026.08.17 16:00,2026.08.17 17:00,39N050029731000D,000052600000914866,0.0000,0.0000,,,nem
2026.08.17 16:00,2026.08.17 17:00,39N050031988000Q,000052600000899454,0.0000,0.0000,,,nem
2026.08.17 16:00,2026.08.17 17:00,39N050032468000S,000052700000899362,0.0000,0.0000,,,nem
2026.08.17 16:00,2026.08.17 17:00,39N050033836000K,000027100005848245,1.9000,1.9293,,,nem
2026.08.17 16:00,2026.08.17 17:00,39N050034412000Z,000002600043780756,0.0000,0.0000,,,nem
2026.08.17 16:00,2026.08.17 17:00,39N050034412000Z,000052700000885403,2.9000,2.8385,,,nem
2026.08.17 16:00,2026.08.17 17:00,39N0500344350008,000046700000888615,0.0000,0.0000,,,nem
2026.08.17 16:00,2026.08.17 17:00,39N050034459000D,000040400014219775,0.0000,0.0000,,,nem
2026.08.17 16:00,2026.08.17 17:00,39N050042294000Z,000040400008209973,0.0000,0.0000,,,nem
2026.08.17 16:00,2026.08.17 17:00,39N050044030000F,000027000035197562,0.0000,0.0000,,,nem
2026.08.17 16:00,2026.08.17 17:00,39N050052498000T,SC05000004104,0.0000,0.0000,,,nem
2026.08.17 16:00,2026.08.17 17:00,39N050053842000G,K3SC03401169905,0.0000,0.0000,,,nem
2026.08.17 16:00,2026.08.17 17:00,39N0500617550009,000044500034101914,0.0000,0.0000,,,nem
2026.08.17 16:00,2026.08.17 17:00,39N0500617550009,K3SC03400699700,0.0000,0.0000,,,nem
2026.08.17 16:00,2026.08.17 17:00,39N050066949000F,000053400003290721,0.0000,0.0000,,,nem
2026.08.17 16:00,2026.08.17 17:00,39N050068660000G,000035500084243026,0.0000,0.0000,,,nem
2026.08.17 16:00,2026.08.17 17:00,39N050068660000G,000035500084243027,0.1000,0.1007,,,nem
2026.08.17 16:00,2026.08.17 17:00,39N050071512000G,000051303403398537,0.0000,0.0000,,,nem
2026.08.17 16:00,2026.08.17 17:00,39N050073737000N,000040400006201455,0.0000,0.0000,,,nem
2026.08.17 16:00,2026.08.17 17:00,39N050073762000U,000053400004078277,0.0000,0.0000,,,nem
2026.08.17 16:00,2026.08.17 17:00,39N050075194000S,000029200020524049,15.1000,15.3794,,,nem
2026.08.17 16:00,2026.08.17 17:00,39N0500755940000,000027000005950284,0.0000,0.0000,,,nem
2026.08.17 16:00,2026.08.17 17:00,39N0500755940000,000052600000886571,0.0000,0.0000,,,nem
2026.08.17 16:00,2026.08.17 17:00,39N050076850000F,000006201754704050,6.8000,6.6926,,,nem
2026.08.17 16:00,2026.08.17 17:00,39N050076850000F,000040300006201137,0.9000,0.8816,,,nem
2026.08.17 16:00,2026.08.17 17:00,39N050081322000F,000053400003290798,15.7000,15.8099,,,nem
2026.08.17 16:00,2026.08.17 17:00,39N050083908000D,000006202897801002,0.0000,0.0000,,,nem
2026.08.17 16:00,2026.08.17 17:00,39N050083908000D,000040300011213334,0.0000,0.0000,,,nem
2026.08.17 16:00,2026.08.17 17:00,39N050089206000O,000006203403563919,2.8000,2.8190,,,nem
2026.08.17 16:00,2026.08.17 17:00,39N050089206000O,000028700084091487,0.0000,0.0000,,,nem
2026.08.17 16:00,2026.08.17 17:00,39N050089342000D,000015608267713002,0.0000,0.0000,,,nem
2026.08.17 16:00,2026.08.17 17:00,39N050094459000X,000040400006201425,0.0000,0.0000,,,nem
2026.08.17 16:00,2026.08.17 17:00,39N050094490000H,000027100005894204,7.9000,7.6306,,,nem
2026.08.17 16:00,2026.08.17 17:00,39N050106941000P,000027100005848507,0.0000,0.0000,,,nem
2026.08.17 16:00,2026.08.17 17:00,39N0501191590002,000029200020517908,0.0000,0.0000,,,nem
2026.08.17 16:00,2026.08.17 17:00,39N050132558000H,000040400007204469,2.8000,2.7406,,,nem
2026.08.17 16:00,2026.08.17 17:00,39N050137387000F,000052600000900202,10.0000,9.7880,,,nem
2026.08.17 16:00,2026.08.17 17:00,39N050145410000I,000027100005848241,0.2000,0.1958,,,nem
2026.08.17 16:00,2026.08.17 17:00,39N050146207000W,000052700000899364,0.0000,0.0000,,,nem
2026.08.17 16:00,2026.08.17 17:00,39N050153206000F,K3SC06000007800,0.0000,0.0000,,,nem
2026.08.17 16:00,2026.08.17 17:00,39N0501601470008,000040300008206765,0.0000,0.0000,,,igen
2026.08.17 16:00,2026.08.17 17:00,39N0501601470008,000040300014219822,0.0000,0.0000,,,igen
2026.08.17 16:00,2026.08.17 17:00,39N050160341000O,000052700000899034,0.1000,0.1015,,,nem
2026.08.17 16:00,2026.08.17 17:00,39N0501618590009,000053400002726045,4.0000,3.9152,,,nem
2026.08.17 16:00,2026.08.17 17:00,39N050168020000Z,L01A625,4.0000,3.9836,,,nem
2026.08.17 16:00,2026.08.17 17:00,39N050176728000R,000040300012214339,0.0000,0.0000,,,nem
2026.08.17 16:00,2026.08.17 17:00,39N050176728000R,000053300003348438,0.0000,0.0000,,,nem
2026.08.17 16:00,2026.08.17 17:00,39N050177032000I,000053400003290719,0.0000,0.0000,,,nem
2026.08.17 16:00,2026.08.17 17:00,39N0501770340008,000053400002725990,1.0000,1.0081,,,nem
2026.08.17 16:00,2026.08.17 17:00,39N050180150000J,000000002246000217,0.5030,0.4920,,,nem
2026.08.17 16:00,2026.08.17 17:00,39N050197735000A,000053400003290744,0.0000,0.0000,,,nem
2026.08.17 16:00,2026.08.17 17:00,39N0502000520004,000029900020519904,0.6000,0.6453,,,nem
2026.08.17 16:00,2026.08.17 17:00,39N0502000520004,000053400003290731,0.0000,0.0000,,,nem
2026.08.17 16:00,2026.08.17 17:00,39N050207087000G,000033300005960021,0.0000,0.0000,,,nem
2026.08.17 16:00,2026.08.17 17:00,39N050207887000Y,000011100000109615,0.0000,0.0000,,,nem
2026.08.17 16:00,2026.08.17 17:00,39N050208125000A,000028700084091484,0.0000,0.0000,,,nem
2026.08.17 16:00,2026.08.17 17:00,39N050208128000W,000052600000896583,1.8000,1.9454,,,nem
2026.08.17 16:00,2026.08.17 17:00,39N050208164000S,000000002246000198,6.0000,6.2480,,,nem
2026.08.17 16:00,2026.08.17 17:00,39N050209187000U,000027000005926405,0.0000,0.0000,,,nem
2026.08.17 16:00,2026.08.17 17:00,39N0502109170005,000053400003708002,0.0000,0.0000,,,nem
2026.08.17 16:00,2026.08.17 17:00,39N0502109620000,000027100005894243,0.0000,0.0000,,,nem
2026.08.17 16:00,2026.08.17 17:00,39N050212788000U,000053600000897292,0.0000,0.0000,,,nem
2026.08.17 16:00,2026.08.17 17:00,39N050213910000G,000027100005898038,0.0000,0.0000,,,nem
2026.08.17 16:00,2026.08.17 17:00,39N050214190000G,K3SC03400699752,0.6400,2.2100,,,nem
2026.08.17 16:00,2026.08.17 17:00,39N050214638000E,K02000017L28861,0.0000,0.0000,,,nem
2026.08.17 16:00,2026.08.17 17:00,39N050214647000D,K3SC06000003455,0.0000,0.0000,,,nem
2026.08.17 16:00,2026.08.17 17:00,39N050214652000W,000008800043449669,0.0000,0.0000,,,nem
2026.08.17 16:00,2026.08.17 17:00,39N050214652000W,000027000005894200,0.0000,0.0000,,,nem
2026.08.17 16:00,2026.08.17 17:00,39N050214652000W,K3SC08000002012,0.0000,0.0000,,,nem
2026.08.17 16:00,2026.08.17 17:00,39N050214655000H,K3SC09000000230,0.1000,0.5700,,,nem
2026.08.17 16:00,2026.08.17 17:00,39N050214668000X,000000002246000235,0.0000,0.0000,,,nem
2026.08.17 16:00,2026.08.17 17:00,39N050214674000A,K3SC07000007598,0.0000,0.0000,,,nem
2026.08.17 16:00,2026.08.17 17:00,39N050214697000K,K3SC07000006334,0.0000,0.0000,,,nem
2026.08.17 16:00,2026.08.17 17:00,39N050214912000Z,K3SC07000001923,0.0000,0.0000,,,nem
2026.08.17 16:00,2026.08.17 17:00,39N050214941000M,EP07883,0.0000,0.0000,,,nem
2026.08.17 16:00,2026.08.17 17:00,39N050215930000P,K3SC06000002907,0.0000,0.0000,,,nem
2026.08.17 16:00,2026.08.17 17:00,39N050215938000M,K02000017L29066,0.0000,0.0000,,,nem
2026.08.17 16:00,2026.08.17 17:00,39N0502159430004,K3SC07000001954,0.0000,0.0000,,,nem
2026.08.17 16:00,2026.08.17 17:00,39N050215958000A,000000002246000117,0.0000,0.0000,,,nem
2026.08.17 16:00,2026.08.17 17:00,39N050215958000A,K02000017L29366,0.0000,0.0000,,,nem
2026.08.17 16:00,2026.08.17 17:00,39N050215987000Y,000040300012214341,0.0000,0.0000,,,nem
2026.08.17 16:00,2026.08.17 17:00,39N050215987000Y,K3SC04000000062,0.0000,0.0000,,,nem
2026.08.17 16:00,2026.08.17 17:00,39N050215987000Y,K3SC07000002663,0.0000,0.0000,,,nem
2026.08.17 16:00,2026.08.17 17:00,39N050215990000Q,000000002146000419,0.0000,0.0000,,,nem
2026.08.17 16:00,2026.08.17 17:00,39N050215990000Q,000000002246000261,0.0470,0.0450,,,nem
2026.08.17 16:00,2026.08.17 17:00,39N050215996000X,000000002246000205,0.0000,0.0000,,,nem
2026.08.17 16:00,2026.08.17 17:00,39N050215996000X,000044600000607648,0.0000,0.0000,,,nem
2026.08.17 16:00,2026.08.17 17:00,39N050215996000X,000044600000614795,0.0000,0.0000,,,nem
2026.08.17 16:00,2026.08.17 17:00,39N050216000000O,K3SC08000006643,0.0000,0.0000,,,nem
2026.08.17 16:00,2026.08.17 17:00,39N050216189000Z,K3SC09000000005,0.0000,0.0000,,,nem
2026.08.17 16:00,2026.08.17 17:00,39N050216319000Q,K3SC04000000788,0.0000,0.0000,,,nem
2026.08.17 16:00,2026.08.17 17:00,39N050217344000P,SC06000007846,30.0000,56.5200,,,nem
2026.08.17 16:00,2026.08.17 17:00,39N050217514000T,000000002246000191,5.8480,6.0770,,,nem
2026.08.17 16:00,2026.08.17 17:00,39N050217594000I,K02000017L28855,0.0000,0.0000,,,nem
2026.08.17 16:00,2026.08.17 17:00,39N0502177240009,000006209160519002,0.7000,0.7049,,,nem
2026.08.17 16:00,2026.08.17 17:00,39N0502177240009,000027700001201786,0.0000,0.0000,,,nem
2026.08.17 16:00,2026.08.17 17:00,39N0502177240009,K3SC08000001999,0.0000,0.0000,,,nem
2026.08.17 16:00,2026.08.17 17:00,39N0502177250004,000000002146000444,0.0000,0.0000,,,nem
2026.08.17 16:00,2026.08.17 17:00,39N0502177250004,000053200002511869,0.0000,0.0000,,,nem
2026.08.17 16:00,2026.08.17 17:00,39N050218554000Y,K02202146000431,0.0000,0.0000,,,nem
2026.08.17 16:00,2026.08.17 17:00,39N050218563000X,000000000001084616,0.0000,0.0000,,,nem
2026.08.17 16:00,2026.08.17 17:00,39N050218588000X,K3SC08000009353,2.8000,9.2600,,,nem
2026.08.17 16:00,2026.08.17 17:00,39N050218591000P,000008800043780320,0.0000,0.0000,,,nem
2026.08.17 16:00,2026.08.17 17:00,39N050218591000P,K02202146000387,0.0000,0.0000,,,nem
2026.08.17 16:00,2026.08.17 17:00,39N0502185960000,000045500001090171,0.0000,0.0000,,,nem
2026.08.17 16:00,2026.08.17 17:00,39N0502186000003,000000002246000034,0.0000,0.0000,,,nem
2026.08.17 16:00,2026.08.17 17:00,39N0502186000003,000044500026294967,0.0400,0.0401,,,nem
2026.08.17 16:00,2026.08.17 17:00,39N050218709000P,000000002146000433,0.0000,0.0000,,,nem
2026.08.17 16:00,2026.08.17 17:00,39N050218709000P,000027000005871862,0.0000,0.0000,,,nem
2026.08.17 16:00,2026.08.17 17:00,39N050219101000P,000053100006284304,0.0000,0.0000,,,nem
2026.08.17 16:00,2026.08.17 17:00,39N050219101000P,K11702446102256,0.0000,0.0000,,,nem
2026.08.17 16:00,2026.08.17 17:00,39N050219111000J,000053100006086023,0.1600,0.1602,,,nem
2026.08.17 16:00,2026.08.17 17:00,39N050219111000J,K3SC08000002002,0.0000,0.0000,,,nem
2026.08.17 16:00,2026.08.17 17:00,39N0502191220008,000000002146000405,0.0000,0.0000,,,nem
2026.08.17 16:00,2026.08.17 17:00,39N050219127000K,K02000018L30060,0.0000,0.0000,,,nem
2026.08.17 16:00,2026.08.17 17:00,39N050219144000N,K3SC07000001933,6.8000,6.5300,,,nem
2026.08.17 16:00,2026.08.17 17:00,39N050222615000B,K3SC08000002009,0.0000,0.0000,,,nem
2026.08.17 16:00,2026.08.17 17:00,39N050224132000X,000052600000885006,0.0000,0.0000,,,nem
2026.08.17 16:00,2026.08.17 17:00,39N050225228000V,000052600000887973,0.0000,0.0000,,,nem
2026.08.17 16:00,2026.08.17 17:00,39N050225361000Z,000028700084243212,0.0000,0.0000,,,nem
2026.08.17 16:00,2026.08.17 17:00,39N050225592000Z,K02000018L29674,1.9268,2.0000,,,nem
2026.08.17 16:00,2026.08.17 17:00,39N0502258590003,000053400004078297,7.2000,6.9257,,,nem
2026.08.17 16:00,2026.08.17 17:00,39N0502320940001,000053400002726024,0.0000,0.0000,,,nem
2026.08.17 16:00,2026.08.17 17:00,39N050233268000E,000040300013218204,0.0000,0.0000,,,nem
2026.08.17 16:00,2026.08.17 17:00,39N050233872000X,K3SC09000003822,0.0000,0.0000,,,nem
2026.08.17 16:00,2026.08.17 17:00,39N050235722000H,000000002246000065,0.8480,3.2690,,,nem
2026.08.17 16:00,2026.08.17 17:00,39N050235781000N,000000000000071480,0.0000,0.0000,,,nem
2026.08.17 16:00,2026.08.17 17:00,39N050236245000H,000006209160513005,0.6000,0.5771,,,nem
2026.08.17 16:00,2026.08.17 17:00,39N0502362660000,000027900020508134,0.0000,0.0000,,,nem
2026.08.17 16:00,2026.08.17 17:00,39N0502362660000,000040300011213597,0.0000,0.0000,,,nem
2026.08.17 16:00,2026.08.17 17:00,39N0502477110003,000052700000884957,0.8000,0.7695,,,nem
2026.08.17 16:00,2026.08.17 17:00,39N0502510990003,000019900016977384,2.8000,2.8221,,,nem
2026.08.17 16:00,2026.08.17 17:00,39N050251837000U,000040300007204770,0.0000,0.0000,,,nem
2026.08.17 16:00,2026.08.17 17:00,39N050252043000I,000027100005898029,0.0000,0.0000,,,nem
2026.08.17 16:00,2026.08.17 17:00,39N050252204000N,000006203229509031,4.1000,4.2337,,,nem
2026.08.17 16:00,2026.08.17 17:00,39N050253671000Y,000053400003708027,0.0000,0.0000,,,nem
2026.08.17 16:00,2026.08.17 17:00,39N050254055000N,000028700084243189,0.0000,0.0000,,,nem
2026.08.17 16:00,2026.08.17 17:00,39N0502542550009,000006203403563870,0.4000,0.3918,,,nem
2026.08.17 16:00,2026.08.17 17:00,39N050258835000L,000019900017022057,7.6000,7.7999,,,nem
2026.08.17 16:00,2026.08.17 17:00,39N050261616000F,000027100005848476,1.7000,1.7386,,,nem
2026.08.17 16:00,2026.08.17 17:00,39N050269363000V,000052700000884401,0.0000,0.0000,,,nem
2026.08.17 16:00,2026.08.17 17:00,39N050316475000U,000003300035201642,0.0000,0.0000,,,nem
2026.08.17 16:00,2026.08.17 17:00,39N050316475000U,000027000005848437,0.0000,0.0000,,,nem
2026.08.17 16:00,2026.08.17 17:00,39N0503424040008,000027100005870727,0.7000,0.6847,,,nem
2026.08.17 16:00,2026.08.17 17:00,39N0503439790009,000029200020502760,0.1000,0.0980,,,nem
2026.08.17 16:00,2026.08.17 17:00,39N050369436000H,000052700000889661,0.0000,0.0000,,,nem
2026.08.17 16:00,2026.08.17 17:00,39N050373639000R,000040300006202862,0.0000,0.0000,,,igen
2026.08.17 16:00,2026.08.17 17:00,39N050373666000O,000052700000887369,0.0000,0.0000,,,nem
2026.08.17 16:00,2026.08.17 17:00,39N050377940000D,000053400002719761,3.9000,3.8173,,,nem
2026.08.17 16:00,2026.08.17 17:00,39N050381165000Y,000000002246000284,0.0000,0.0000,,,nem
2026.08.17 16:00,2026.08.17 17:00,39N050385675000Z,000040400009210687,11.1000,10.8580,,,nem
2026.08.17 16:00,2026.08.17 17:00,39N050405255000Q,000029200020519053,0.0000,0.0000,,,nem
2026.08.17 16:00,2026.08.17 17:00,39N050414007000M,000029900020520529,1.5000,1.4682,,,nem
2026.08.17 16:00,2026.08.17 17:00,39N050414007000M,000040300011213341,0.0000,0.0000,,,nem
2026.08.17 16:00,2026.08.17 17:00,39N050415384000Y,000000002146000548,0.0000,0.0000,,,nem
2026.08.17 16:00,2026.08.17 17:00,39N050415384000Y,000053100004423834,0.0000,0.0000,,,nem
2026.08.17 16:00,2026.08.17 17:00,39N0504237770004,000028400084243416,0.0000,0.0000,,,nem
2026.08.17 16:00,2026.08.17 17:00,39N050433181000O,000000002246000180,0.0000,0.0000,,,nem
2026.08.17 16:00,2026.08.17 17:00,39N050445873000K,000053400002725979,0.0000,0.0000,,,nem
2026.08.17 16:00,2026.08.17 17:00,39N050450493000U,K3SCC0400000594,0.0000,0.0000,,,nem
2026.08.17 16:00,2026.08.17 17:00,39N0504550620004,000052600000887704,0.1000,0.0979,,,nem
2026.08.17 16:00,2026.08.17 17:00,39N050458746000Y,000027100005870754,0.0000,0.0000,,,nem
2026.08.17 16:00,2026.08.17 17:00,39N050458746000Y,000053300004228243,0.3000,0.2939,,,nem
2026.08.17 16:00,2026.08.17 17:00,39N050458746000Y,000053300006548960,0.0000,0.0000,,,nem
2026.08.17 16:00,2026.08.17 17:00,39N0504648650006,000052600000887402,0.0000,0.0000,,,nem
2026.08.17 16:00,2026.08.17 17:00,39N050471715000L,000029200020517911,0.0000,0.0000,,,nem
2026.08.17 16:00,2026.08.17 17:00,39N050483780000G,000027100005870759,0.9000,0.9329,,,nem
2026.08.17 16:00,2026.08.17 17:00,39N050484438000J,000052600000889209,4.4000,4.3041,,,nem
2026.08.17 16:00,2026.08.17 17:00,39N050485100000G,000040400014219743,0.0000,0.0000,,,nem
2026.08.17 16:00,2026.08.17 17:00,39N0504864890005,000053400003287118,0.1000,0.0980,,,nem
2026.08.17 16:00,2026.08.17 17:00,39N050510259000R,000027100005848322,0.0000,0.0000,,,nem
2026.08.17 16:00,2026.08.17 17:00,39N050515515000A,000052700000885935,0.0000,0.0000,,,nem
2026.08.17 16:00,2026.08.17 17:00,39N0505226180003,000011100000109610,0.0000,0.0000,,,nem
2026.08.17 16:00,2026.08.17 17:00,39N0505384670009,000027100005848294,0.0000,0.0000,,,nem
2026.08.17 16:00,2026.08.17 17:00,39N0505387730002,000052600000900177,0.0000,0.0000,,,nem
2026.08.17 16:00,2026.08.17 17:00,39N050548215000H,000053400002719801,0.0000,0.0000,,,nem
2026.08.17 16:00,2026.08.17 17:00,39N050548840000J,K3SC09000000010,5.9000,21.4800,,,nem
2026.08.17 16:00,2026.08.17 17:00,39N050552094000R,000029900020521702,5.7000,5.7673,,,nem
2026.08.17 16:00,2026.08.17 17:00,39N050553222000K,K3SC08000003475,0.1000,0.3600,,,nem
2026.08.17 16:00,2026.08.17 17:00,39N050553661000A,000034800000061526,11.1000,11.8881,,,nem
2026.08.17 16:00,2026.08.17 17:00,39N0505752100002,000052600000887553,0.0000,0.0000,,,nem
2026.08.17 16:00,2026.08.17 17:00,39N050576124000C,000034800000546505,1.4000,1.4216,,,nem
2026.08.17 16:00,2026.08.17 17:00,39N0505779810001,000006202897801013,0.0000,0.0000,,,nem
2026.08.17 16:00,2026.08.17 17:00,39N050583139000X,000053300004078348,0.0000,0.0000,,,nem
2026.08.17 16:00,2026.08.17 17:00,39N0505847100003,000053400002726046,0.0000,0.0000,,,nem
2026.08.17 16:00,2026.08.17 17:00,39N0505992060002,000053400003708023,0.4000,0.3913,,,nem
2026.08.17 16:00,2026.08.17 17:00,39N050603076000J,000051303403563786,0.3000,0.2935,,,nem
2026.08.17 16:00,2026.08.17 17:00,39N050607494000V,000038200077141480,0.0000,0.0000,,,nem
2026.08.17 16:00,2026.08.17 17:00,39N0506230230009,000053400003707928,0.0000,0.0000,,,nem
2026.08.17 16:00,2026.08.17 17:00,39N050626352000P,000034800000072507,10.8000,10.5646,,,nem
2026.08.17 16:00,2026.08.17 17:00,39N050626352000P,000053300002318656,11.0000,10.7602,,,nem
2026.08.17 16:00,2026.08.17 17:00,39N050627784000Z,000001300013013134,0.0000,0.0000,,,nem
2026.08.17 16:00,2026.08.17 17:00,39N050627784000Z,K3SC03402019428,0.0000,0.0000,,,nem
2026.08.17 16:00,2026.08.17 17:00,39N050635744000T,000051303403398549,17.1500,17.4141,,,nem
2026.08.17 16:00,2026.08.17 17:00,39N050636182000C,000040300014219987,0.0000,0.0000,,,nem
2026.08.17 16:00,2026.08.17 17:00,39N050636182000C,000053200006188793,0.0000,0.0000,,,nem
2026.08.17 16:00,2026.08.17 17:00,39N050636182000C,000053300004228213,0.0000,0.0000,,,nem
2026.08.17 16:00,2026.08.17 17:00,39N050642904000H,000053400002719822,5.6000,5.6661,,,nem
2026.08.17 16:00,2026.08.17 17:00,39N0506488920006,000038200077159774,18.8000,19.0218,,,igen
2026.08.17 16:00,2026.08.17 17:00,39N050655561000S,000027000005848448,0.0000,0.0000,,,nem
2026.08.17 16:00,2026.08.17 17:00,39N050655561000S,000027000005950344,0.0000,0.0000,,,nem
2026.08.17 16:00,2026.08.17 17:00,39N050655561000S,000040200008208469,0.0000,0.0000,,,nem
2026.08.17 16:00,2026.08.17 17:00,39N050673657000W,000029900020524037,1.9000,1.8586,,,igen
2026.08.17 16:00,2026.08.17 17:00,39N050690260000L,000051303403663324,5.9000,5.7791,,,nem
2026.08.17 16:00,2026.08.17 17:00,39N050708788000F,000027000005921259,10.0000,9.7060,,,nem
2026.08.17 16:00,2026.08.17 17:00,39N050720770000X,000040400012214791,0.0000,0.0000,,,nem
2026.08.17 16:00,2026.08.17 17:00,39N050740233000M,000052700000900251,0.0000,0.0000,,,nem
2026.08.17 16:00,2026.08.17 17:00,39N050744134000T,000052600000888120,0.1000,0.0978,,,nem
2026.08.17 16:00,2026.08.17 17:00,39N0507451030007,000000002246000087,1.3390,1.2410,,,nem
2026.08.17 16:00,2026.08.17 17:00,39N0507495580003,000000002246000226,0.0000,0.0000,,,nem
2026.08.17 16:00,2026.08.17 17:00,39N050750365000F,000044500028323170,0.0200,0.0203,,,nem
2026.08.17 16:00,2026.08.17 17:00,39N050750365000F,K3SC08000011520,0.0000,0.0000,,,nem
2026.08.17 16:00,2026.08.17 17:00,39N050750873000L,K02000018L29990,0.0000,0.0000,,,nem
2026.08.17 16:00,2026.08.17 17:00,39N050753398000W,000008800043780262,0.0000,0.0000,,,nem
2026.08.17 16:00,2026.08.17 17:00,39N050753398000W,000027000005848440,0.0000,0.0000,,,nem
2026.08.17 16:00,2026.08.17 17:00,39N050753398000W,000027000005950363,0.0000,0.0000,,,nem
2026.08.17 16:00,2026.08.17 17:00,39N050753398000W,000028700084243194,0.1000,0.0980,,,nem
2026.08.17 16:00,2026.08.17 17:00,39N050753839000S,000040300014219478,0.0000,0.0000,,,nem
2026.08.17 16:00,2026.08.17 17:00,39N050753876000J,000027000005848396,0.0000,0.0000,,,nem
2026.08.17 16:00,2026.08.17 17:00,39N050753876000J,000051303403563777,0.0000,0.0000,,,nem
2026.08.17 16:00,2026.08.17 17:00,39N050753876000J,000053300002728766,0.0000,0.0000,,,nem
2026.08.17 16:00,2026.08.17 17:00,39N050754012000C,K3SC03402019415,0.0000,0.0000,,,nem
2026.08.17 16:00,2026.08.17 17:00,39N050754015000Y,000027100005870748,0.0000,0.0000,,,nem
2026.08.17 16:00,2026.08.17 17:00,39N050754015000Y,K3SC03400984912,0.0000,0.0000,,,nem
2026.08.17 16:00,2026.08.17 17:00,39N050754578000M,000027100005848567,0.0000,0.0000,,,nem
2026.08.17 16:00,2026.08.17 17:00,39N050754578000M,000053300004228283,0.0000,0.0000,,,nem
2026.08.17 16:00,2026.08.17 17:00,39N050754578000M,000053400003290776,0.0000,0.0000,,,nem
2026.08.17 16:00,2026.08.17 17:00,39N050754716000H,000040300006200780,0.0000,0.0000,,,nem
2026.08.17 16:00,2026.08.17 17:00,39N050754716000H,K3SC04000000943,0.0000,0.0000,,,nem
2026.08.17 16:00,2026.08.17 17:00,39N050755929000B,SC07000007591,0.0000,0.0000,,,nem
2026.08.17 16:00,2026.08.17 17:00,39N050755997000G,000000002246000049,0.0000,0.0000,,,nem
2026.08.17 16:00,2026.08.17 17:00,39N050755997000G,000003500035198891,0.0000,0.0000,,,nem
2026.08.17 16:00,2026.08.17 17:00,39N0507569640004,000029200020511689,0.0000,0.0000,,,nem
2026.08.17 16:00,2026.08.17 17:00,39N050756996000D,K3SC08000006659,0.0000,0.0000,,,nem
2026.08.17 16:00,2026.08.17 17:00,39N050757163000K,K3SC08000005254,0.0000,0.0000,,,nem
2026.08.17 16:00,2026.08.17 17:00,39N050757415000J,000053400003290785,0.0000,0.0000,,,nem
2026.08.17 16:00,2026.08.17 17:00,39N050757415000J,K3SC09000000237,0.0000,0.0000,,,nem
2026.08.17 16:00,2026.08.17 17:00,39N050757439000O,000001300013505669,0.0000,0.0000,,,nem
2026.08.17 16:00,2026.08.17 17:00,39N050757439000O,000040300012216291,0.0000,0.0000,,,nem
2026.08.17 16:00,2026.08.17 17:00,39N050757439000O,000044500037979231,0.0000,0.0000,,,nem
2026.08.17 16:00,2026.08.17 17:00,39N050757439000O,K3SC08000002229,0.0000,0.0000,,,nem
2026.08.17 16:00,2026.08.17 17:00,39N050757450000K,000053400002719733,1.9000,2.2678,,,nem
2026.08.17 16:00,2026.08.17 17:00,39N050757450000K,K3SC03401169913,0.0000,0.0000,,,nem
2026.08.17 16:00,2026.08.17 17:00,39N050757472000Z,000000002246000059,0.0000,0.0000,,,nem
2026.08.17 16:00,2026.08.17 17:00,39N050757472000Z,000053400002719783,0.0000,0.0000,,,nem
2026.08.17 16:00,2026.08.17 17:00,39N050758923000H,000027900020522241,2.0000,1.9590,,,nem
2026.08.17 16:00,2026.08.17 17:00,39N050759606000R,K02202146000564,0.0050,0.0050,,,nem
2026.08.17 16:00,2026.08.17 17:00,39N0507599930004,000002800024149874,0.0000,0.0000,,,nem
2026.08.17 16:00,2026.08.17 17:00,39N0507599930004,SC07000001919,0.0000,0.0000,,,nem
2026.08.17 16:00,2026.08.17 17:00,39N050760458000R,000000002246000162,0.0000,0.0000,,,nem
2026.08.17 16:00,2026.08.17 17:00,39N050760458000R,000001300016230255,0.0100,0.0102,,,nem
2026.08.17 16:00,2026.08.17 17:00,39N050760709000V,K3SC03401061094,5.0000,32.7400,,,nem
2026.08.17 16:00,2026.08.17 17:00,39N050762038000E,K02202246000183,0.0000,0.0000,,,nem
2026.08.17 16:00,2026.08.17 17:00,39N050762094000Z,000033300005960005,0.0000,0.0000,,,nem
2026.08.17 16:00,2026.08.17 17:00,39N050762094000Z,K3SC03400723975,0.0000,0.0000,,,nem
2026.08.17 16:00,2026.08.17 17:00,39N050764763000U,000012000075117793,0.0000,0.0000,,,nem
2026.08.17 16:00,2026.08.17 17:00,39N050764763000U,000053100006730746,0.0000,0.0000,,,nem
2026.08.17 16:00,2026.08.17 17:00,39N050764763000U,K3SC09000000002,0.0000,0.0000,,,nem
2026.08.17 16:00,2026.08.17 17:00,39N050764779000V,000052100004064528,0.0000,0.0000,,,nem
2026.08.17 16:00,2026.08.17 17:00,39N050764779000V,K3SC03402019421,0.0000,0.0000,,,nem
2026.08.17 16:00,2026.08.17 17:00,39N050765037000W,K02000017L29370,11.0000,11.0000,,,nem
2026.08.17 16:00,2026.08.17 17:00,39N0507679070008,000000002146000466,0.0000,0.0000,,,nem
2026.08.17 16:00,2026.08.17 17:00,39N0507679070008,000040300007204577,0.1000,0.0979,,,nem
2026.08.17 16:00,2026.08.17 17:00,39N0507679070008,000040300014219638,0.0000,0.0000,,,nem
2026.08.17 16:00,2026.08.17 17:00,39N0507679070008,000053100004211708,0.0000,0.0000,,,nem
2026.08.17 16:00,2026.08.17 17:00,39N0507679070008,000053300004078695,0.0000,0.0000,,,nem
2026.08.17 16:00,2026.08.17 17:00,39N0507679070008,SC07000001932,0.0000,0.0000,,,nem
2026.08.17 16:00,2026.08.17 17:00,39N0507693140006,000000002246000115,0.0000,0.0000,,,nem
2026.08.17 16:00,2026.08.17 17:00,39N0507705100001,000029900020514285,0.0000,0.0000,,,nem
2026.08.17 16:00,2026.08.17 17:00,39N0507705100001,000051303403563760,0.0000,0.0000,,,nem
2026.08.17 16:00,2026.08.17 17:00,39N0507705100001,000052700000899611,0.0000,0.0000,,,nem
2026.08.17 16:00,2026.08.17 17:00,39N0507705100001,K3SC07000001924,0.0000,0.0000,,,nem
2026.08.17 16:00,2026.08.17 17:00,39N050771852000C,K3SC07000001832,0.0000,0.0000,,,nem
2026.08.17 16:00,2026.08.17 17:00,39N0507730720003,000053300004228387,0.0000,0.0000,,,nem
2026.08.17 16:00,2026.08.17 17:00,39N050773615000J,K3SC34000505359,0.0000,0.0000,,,nem
2026.08.17 16:00,2026.08.17 17:00,39N050773622000S,000053300004228493,0.0000,0.0000,,,nem
2026.08.17 16:00,2026.08.17 17:00,39N050773622000S,K3SC09000000250,0.0000,0.0000,,,nem
2026.08.17 16:00,2026.08.17 17:00,39N050773882000F,K3SC03402019413,0.0000,0.0000,,,nem
2026.08.17 16:00,2026.08.17 17:00,39N0507741940003,K02000018L29724,0.0000,0.0000,,,nem
2026.08.17 16:00,2026.08.17 17:00,39N050774244000Q,000044700031395811,0.2000,0.2031,,,nem
2026.08.17 16:00,2026.08.17 17:00,39N050774244000Q,K3SC03400699635,11.4000,42.2700,,,nem
2026.08.17 16:00,2026.08.17 17:00,39N0507742750003,000027900020519928,0.0000,0.0000,,,nem
2026.08.17 16:00,2026.08.17 17:00,39N050775645000M,000008800045007665,0.0000,0.0000,,,nem
2026.08.17 16:00,2026.08.17 17:00,39N050775645000M,000027900020502769,0.0000,0.0000,,,nem
2026.08.17 16:00,2026.08.17 17:00,39N050776264000Z,000027100005870779,0.1000,0.0978,,,nem
2026.08.17 16:00,2026.08.17 17:00,39N050776439000E,000001300023106173,0.0000,0.0000,,,nem
2026.08.17 16:00,2026.08.17 17:00,39N050776439000E,SC07000006370,0.0000,0.0000,,,nem
2026.08.17 16:00,2026.08.17 17:00,39N050776462000V,K02000017L29063,0.0000,0.0000,,,nem
2026.08.17 16:00,2026.08.17 17:00,39N0507772080006,000000002246000073,0.0000,0.0000,,,nem
2026.08.17 16:00,2026.08.17 17:00,39N050777442000Z,000002600043780817,0.0000,0.0000,,,nem
2026.08.17 16:00,2026.08.17 17:00,39N050777442000Z,K02000017L29055,0.0000,0.0000,,,nem
2026.08.17 16:00,2026.08.17 17:00,39N050777442000Z,K02202146000484,0.0000,0.0000,,,nem
2026.08.17 16:00,2026.08.17 17:00,39N050777482000B,000000002246000043,0.0000,0.0000,,,nem
2026.08.17 16:00,2026.08.17 17:00,39N050792697000P,000027000005848410,0.0000,0.0000,,,nem
2026.08.17 16:00,2026.08.17 17:00,39N050793035000V,000035500084243061,0.0000,0.0000,,,nem
2026.08.17 16:00,2026.08.17 17:00,39N050793035000V,000035500084243063,0.0000,0.0000,,,nem
2026.08.17 16:00,2026.08.17 17:00,39N0507981050002,000029200020524061,0.0000,0.0000,,,nem
2026.08.17 16:00,2026.08.17 17:00,39N050813036000E,000027100005897973,0.4000,0.3915,,,nem
2026.08.17 16:00,2026.08.17 17:00,39N050814444000J,000053300003306760,0.0000,0.0000,,,nem
2026.08.17 16:00,2026.08.17 17:00,39N050816644000Q,000052600000899462,0.0000,0.0000,,,nem
2026.08.17 16:00,2026.08.17 17:00,39N0508179760006,SC10000001096,1.1700,3.9900,,,nem
2026.08.17 16:00,2026.08.17 17:00,39N050818676000J,000040400014219207,0.0000,0.0000,,,nem
2026.08.17 16:00,2026.08.17 17:00,39N050820134000W,000053100004211197,0.0100,0.0102,,,nem
2026.08.17 16:00,2026.08.17 17:00,39N050820134000W,K3SC03402019414,0.0000,0.0000,,,nem
2026.08.17 16:00,2026.08.17 17:00,39N050820458000G,000052700000885406,26.4000,27.3451,,,nem
2026.08.17 16:00,2026.08.17 17:00,39N050822345000S,000052600000884385,2.4000,2.3086,,,nem
2026.08.17 16:00,2026.08.17 17:00,39N0508227020002,K3SC03401147239,0.0000,0.0000,,,nem
2026.08.17 16:00,2026.08.17 17:00,39N050831052000K,K3SC03401169907,0.0000,0.0000,,,nem
2026.08.17 16:00,2026.08.17 17:00,39N050831052000K,K3SC07000006344,0.0000,0.0000,,,nem
2026.08.17 16:00,2026.08.17 17:00,39N050831214000K,K3SC08000001061,0.0000,0.0000,,,nem
2026.08.17 16:00,2026.08.17 17:00,39N050831732000K,000000002246000171,0.0000,0.0000,,,nem
2026.08.17 16:00,2026.08.17 17:00,39N050831732000K,000000002246000297,0.0000,0.0000,,,nem
2026.08.17 16:00,2026.08.17 17:00,39N050832564000Z,K3SC08000002241,0.0000,0.0000,,,nem
2026.08.17 16:00,2026.08.17 17:00,39N050833827000F,K3SC03400699729,0.0000,0.0000,,,igen
2026.08.17 16:00,2026.08.17 17:00,39N050836149000I,K3SC03401414828,0.0000,0.0000,,,nem
2026.08.17 16:00,2026.08.17 17:00,39N050836830000K,000000003403233014,0.0000,0.0000,,,nem
2026.08.17 16:00,2026.08.17 17:00,39N050836979000I,000053400003290796,0.0000,0.0000,,,nem
2026.08.17 16:00,2026.08.17 17:00,39N0508398450002,K3SC08000002237,0.0000,0.0000,,,nem
2026.08.17 16:00,2026.08.17 17:00,39N050841968000N,SC11000000589,0.0000,0.0000,,,nem
2026.08.17 16:00,2026.08.17 17:00,39N050843706000U,000053300004078513,0.0000,0.0000,,,nem
2026.08.17 16:00,2026.08.17 17:00,39N050844930000K,000052600000914889,0.1000,0.0980,,,nem
2026.08.17 16:00,2026.08.17 17:00,39N050847541000D,K3SC09000000240,0.0000,0.0000,,,nem
2026.08.17 16:00,2026.08.17 17:00,39N050847787000J,000034800000031563,0.0000,0.0000,,,nem
2026.08.17 16:00,2026.08.17 17:00,39N0508480240000,000052700000909509,0.0000,0.0000,,,nem
2026.08.17 16:00,2026.08.17 17:00,39N050848355000U,000040300012215942,0.0000,0.0000,,,nem
2026.08.17 16:00,2026.08.17 17:00,39N0508490730004,000051303403563818,17.5000,17.1290,,,nem
2026.08.17 16:00,2026.08.17 17:00,39N050849323000D,K3SC04000000054,4.2000,15.9300,,,nem
2026.08.17 16:00,2026.08.17 17:00,39N050851794000U,K3SC07000006360,0.0000,0.0000,,,nem
2026.08.17 16:00,2026.08.17 17:00,39N050861247000Y,K3SC09000003821,0.0000,0.0000,,,nem
2026.08.17 16:00,2026.08.17 17:00,39N050866001000P,000000002246000036,0.0000,0.0000,,,nem
2026.08.17 16:00,2026.08.17 17:00,39N050875710000B,K3SC11000000578,0.0000,0.0000,,,nem
2026.08.17 16:00,2026.08.17 17:00,39N0508759240008,K3SC03401061101,0.0000,0.0000,,,nem
2026.08.17 16:00,2026.08.17 17:00,39N0508788210006,000053300004078461,0.0000,0.0000,,,nem
2026.08.17 16:00,2026.08.17 17:00,39N050879364000V,K02000016L28058,0.0000,0.0000,,,nem
2026.08.17 16:00,2026.08.17 17:00,39N0508813320003,000029900020519902,0.0000,0.0000,,,nem
2026.08.17 16:00,2026.08.17 17:00,39N050882973000Z,000040300009900172,2.0000,1.9576,,,nem
2026.08.17 16:00,2026.08.17 17:00,39N050890535000A,000000002146000441,0.0000,0.0000,,,nem
2026.08.17 16:00,2026.08.17 17:00,39N0508949570002,000027100005897971,0.0000,0.0000,,,nem
2026.08.17 16:00,2026.08.17 17:00,39N050896400000C,K3SC03400574253,0.0000,0.0000,,,nem
2026.08.17 16:00,2026.08.17 17:00,39N050896796000I,000027700001184418,0.0000,0.0000,,,nem
2026.08.17 16:00,2026.08.17 17:00,39N050898846000P,K3SC03400699737,0.0000,0.0000,,,nem
2026.08.17 16:00,2026.08.17 17:00,39N050913091000U,000027100005848490,0.6000,0.6058,,,nem
2026.08.17 16:00,2026.08.17 17:00,39N050915973000R,K3SC08000002025,0.0000,0.0000,,,nem
2026.08.17 16:00,2026.08.17 17:00,39N050916593000Z,K3SC03401169915,5.9000,21.9500,,,nem
2026.08.17 17:00,2026.08.17 18:00,39N0500091210005,000038200077158060,0.0000,0.0000,,,nem
2026.08.17 17:00,2026.08.17 18:00,39N050022609000H,000053300003307178,0.1000,0.1012,,,nem
2026.08.17 17:00,2026.08.17 18:00,39N050029731000D,000052600000914866,0.0000,0.0000,,,nem
2026.08.17 17:00,2026.08.17 18:00,39N050031988000Q,000052600000899454,0.0000,0.0000,,,nem
2026.08.17 17:00,2026.08.17 18:00,39N050032468000S,000052700000899362,0.0000,0.0000,,,nem
2026.08.17 17:00,2026.08.17 18:00,39N050033836000K,000027100005848245,0.0000,0.0000,,,nem
2026.08.17 17:00,2026.08.17 18:00,39N050034412000Z,000002600043780756,0.0000,0.0000,,,nem
2026.08.17 17:00,2026.08.17 18:00,39N050034412000Z,000052700000885403,2.9000,2.8385,,,nem
2026.08.17 17:00,2026.08.17 18:00,39N0500344350008,000046700000888615,0.0000,0.0000,,,nem
2026.08.17 17:00,2026.08.17 18:00,39N050034459000D,000040400014219775,0.0000,0.0000,,,nem
2026.08.17 17:00,2026.08.17 18:00,39N050042294000Z,000040400008209973,0.0000,0.0000,,,nem
2026.08.17 17:00,2026.08.17 18:00,39N050044030000F,000027000035197562,0.0000,0.0000,,,nem
2026.08.17 17:00,2026.08.17 18:00,39N050052498000T,SC05000004104,0.0000,0.0000,,,nem
2026.08.17 17:00,2026.08.17 18:00,39N050053842000G,K3SC03401169905,0.0000,0.0000,,,nem
2026.08.17 17:00,2026.08.17 18:00,39N0500617550009,000044500034101914,0.0100,0.0101,,,nem
2026.08.17 17:00,2026.08.17 18:00,39N0500617550009,K3SC03400699700,0.0000,0.0000,,,nem
2026.08.17 17:00,2026.08.17 18:00,39N050066949000F,000053400003290721,0.0000,0.0000,,,nem
2026.08.17 17:00,2026.08.17 18:00,39N050068660000G,000035500084243026,0.1000,0.1007,,,nem
2026.08.17 17:00,2026.08.17 18:00,39N050068660000G,000035500084243027,0.1000,0.1007,,,nem
2026.08.17 17:00,2026.08.17 18:00,39N050071512000G,000051303403398537,0.0000,0.0000,,,nem
2026.08.17 17:00,2026.08.17 18:00,39N050073737000N,000040400006201455,0.0000,0.0000,,,nem
2026.08.17 17:00,2026.08.17 18:00,39N050073762000U,000053400004078277,0.0000,0.0000,,,nem
2026.08.17 17:00,2026.08.17 18:00,39N050075194000S,000029200020524049,30.4000,30.9624,,,nem
2026.08.17 17:00,2026.08.17 18:00,39N0500755940000,000027000005950284,0.0000,0.0000,,,nem
2026.08.17 17:00,2026.08.17 18:00,39N0500755940000,000052600000886571,0.0000,0.0000,,,nem
2026.08.17 17:00,2026.08.17 18:00,39N050076850000F,000006201754704050,6.2000,6.1020,,,nem
2026.08.17 17:00,2026.08.17 18:00,39N050076850000F,000040300006201137,0.2000,0.1959,,,nem
2026.08.17 17:00,2026.08.17 18:00,39N050081322000F,000053400003290798,12.4000,12.4868,,,nem
2026.08.17 17:00,2026.08.17 18:00,39N050083908000D,000006202897801002,0.0000,0.0000,,,nem
2026.08.17 17:00,2026.08.17 18:00,39N050083908000D,000040300011213334,0.0000,0.0000,,,nem
2026.08.17 17:00,2026.08.17 18:00,39N050089206000O,000006203403563919,2.8000,2.8190,,,igen
2026.08.17 17:00,2026.08.17 18:00,39N050089206000O,000028700084091487,0.0000,0.0000,,,nem
2026.08.17 17:00,2026.08.17 18:00,39N050089342000D,000015608267713002,0.0000,0.0000,,,nem
2026.08.17 17:00,2026.08.17 18:00,39N050094459000X,000040400006201425,0.0000,0.0000,,,nem
2026.08.17 17:00,2026.08.17 18:00,39N050094490000H,000027100005894204,4.4000,4.2500,,,nem
2026.08.17 17:00,2026.08.17 18:00,39N050106941000P,000027100005848507,0.0000,0.0000,,,nem
2026.08.17 17:00,2026.08.17 18:00,39N0501191590002,000029200020517908,1.7000,1.6920,,,nem
2026.08.17 17:00,2026.08.17 18:00,39N050132558000H,000040400007204469,0.0000,0.0000,,,nem
2026.08.17 17:00,2026.08.17 18:00,39N050137387000F,000052600000900202,8.0000,7.8304,,,nem
2026.08.17 17:00,2026.08.17 18:00,39N050145410000I,000027100005848241,0.2000,0.1958,,,nem
2026.08.17 17:00,2026.08.17 18:00,39N050146207000W,000052700000899364,0.0000,0.0000,,,nem
2026.08.17 17:00,2026.08.17 18:00,39N050153206000F,K3SC06000007800,0.0000,0.0000,,,nem
2026.08.17 17:00,2026.08.17 18:00,39N0501601470008,000040300008206765,0.0000,0.0000,,,igen
2026.08.17 17:00,2026.08.17 18:00,39N0501601470008,000040300014219822,0.0000,0.0000,,,igen
2026.08.17 17:00,2026.08.17 18:00,39N050160341000O,000052700000899034,0.1000,0.1015,,,igen
2026.08.17 17:00,2026.08.17 18:00,39N0501618590009,000053400002726045,2.9000,2.8385,,,nem
2026.08.17 17:00,2026.08.17 18:00,39N050168020000Z,L01A625,2.0000,1.9918,,,nem
2026.08.17 17:00,2026.08.17 18:00,39N050176728000R,000040300012214339,0.0000,0.0000,,,nem
2026.08.17 17:00,2026.08.17 18:00,39N050176728000R,000053300003348438,0.0000,0.0000,,,nem
2026.08.17 17:00,2026.08.17 18:00,39N050177032000I,000053400003290719,0.0000,0.0000,,,nem
2026.08.17 17:00,2026.08.17 18:00,39N0501770340008,000053400002725990,0.3000,0.3024,,,nem
2026.08.17 17:00,2026.08.17 18:00,39N050180150000J,000000002246000217,4.2380,4.1320,,,nem
2026.08.17 17:00,2026.08.17 18:00,39N050197735000A,000053400003290744,1.7000,1.7116,,,nem
2026.08.17 17:00,2026.08.17 18:00,39N0502000520004,000029900020519904,0.0000,0.0000,,,nem
2026.08.17 17:00,2026.08.17 18:00,39N0502000520004,000053400003290731,0.0000,0.0000,,,nem
2026.08.17 17:00,2026.08.17 18:00,39N050207087000G,000033300005960021,0.0000,0.0000,,,nem
2026.08.17 17:00,2026.08.17 18:00,39N050207887000Y,000011100000109615,0.0000,0.0000,,,nem
2026.08.17 17:00,2026.08.17 18:00,39N050208125000A,000028700084091484,0.0000,0.0000,,,nem
2026.08.17 17:00,2026.08.17 18:00,39N050208128000W,000052600000896583,0.0000,0.0000,,,nem
2026.08.17 17:00,2026.08.17 18:00,39N050208164000S,000000002246000198,6.0000,6.2510,,,nem
2026.08.17 17:00,2026.08.17 18:00,39N050209187000U,000027000005926405,0.0000,0.0000,,,nem
2026.08.17 17:00,2026.08.17 18:00,39N0502109170005,000053400003708002,0.0000,0.0000,,,nem
2026.08.17 17:00,2026.08.17 18:00,39N0502109620000,000027100005894243,0.0000,0.0000,,,nem
2026.08.17 17:00,2026.08.17 18:00,39N050212788000U,000053600000897292,0.0000,0.0000,,,nem
2026.08.17 17:00,2026.08.17 18:00,39N050213910000G,000027100005898038,0.0000,0.0000,,,nem
2026.08.17 17:00,2026.08.17 18:00,39N050214190000G,K3SC03400699752,2.6900,9.2600,,,nem
2026.08.17 17:00,2026.08.17 18:00,39N050214638000E,K02000017L28861,0.0000,0.0000,,,nem
2026.08.17 17:00,2026.08.17 18:00,39N050214647000D,K3SC06000003455,0.0000,0.0000,,,nem
2026.08.17 17:00,2026.08.17 18:00,39N050214652000W,000008800043449669,0.6100,0.6143,,,nem
2026.08.17 17:00,2026.08.17 18:00,39N050214652000W,000027000005894200,0.0000,0.0000,,,nem
2026.08.17 17:00,2026.08.17 18:00,39N050214652000W,K3SC08000002012,0.0000,0.0000,,,nem
2026.08.17 17:00,2026.08.17 18:00,39N050214655000H,K3SC09000000230,0.0000,0.0000,,,nem
2026.08.17 17:00,2026.08.17 18:00,39N050214668000X,000000002246000235,0.0000,0.0000,,,nem
2026.08.17 17:00,2026.08.17 18:00,39N050214674000A,K3SC07000007598,0.0000,0.0000,,,nem
2026.08.17 17:00,2026.08.17 18:00,39N050214697000K,K3SC07000006334,0.0000,0.0000,,,nem
2026.08.17 17:00,2026.08.17 18:00,39N050214912000Z,K3SC07000001923,0.0000,0.0000,,,nem
2026.08.17 17:00,2026.08.17 18:00,39N050214941000M,EP07883,0.0000,0.0000,,,nem
2026.08.17 17:00,2026.08.17 18:00,39N050215930000P,K3SC06000002907,0.0000,0.0000,,,nem
2026.08.17 17:00,2026.08.17 18:00,39N050215938000M,K02000017L29066,0.0000,0.0000,,,nem
2026.08.17 17:00,2026.08.17 18:00,39N0502159430004,K3SC07000001954,0.0000,0.0000,,,nem
2026.08.17 17:00,2026.08.17 18:00,39N050215958000A,000000002246000117,0.0000,0.0000,,,nem
2026.08.17 17:00,2026.08.17 18:00,39N050215958000A,K02000017L29366,0.0000,0.0000,,,nem
2026.08.17 17:00,2026.08.17 18:00,39N050215987000Y,000040300012214341,0.0000,0.0000,,,nem
2026.08.17 17:00,2026.08.17 18:00,39N050215987000Y,K3SC04000000062,0.0000,0.0000,,,nem
2026.08.17 17:00,2026.08.17 18:00,39N050215987000Y,K3SC07000002663,0.0000,0.0000,,,nem
2026.08.17 17:00,2026.08.17 18:00,39N050215990000Q,000000002146000419,0.0000,0.0000,,,nem
2026.08.17 17:00,2026.08.17 18:00,39N050215990000Q,000000002246000261,0.0030,0.0030,,,nem
2026.08.17 17:00,2026.08.17 18:00,39N050215996000X,000000002246000205,0.0000,0.0000,,,nem
2026.08.17 17:00,2026.08.17 18:00,39N050215996000X,000044600000607648,0.0000,0.0000,,,nem
2026.08.17 17:00,2026.08.17 18:00,39N050215996000X,000044600000614795,0.0000,0.0000,,,nem
2026.08.17 17:00,2026.08.17 18:00,39N050216000000O,K3SC08000006643,0.0000,0.0000,,,nem
2026.08.17 17:00,2026.08.17 18:00,39N050216189000Z,K3SC09000000005,0.0000,0.0000,,,nem
2026.08.17 17:00,2026.08.17 18:00,39N050216319000Q,K3SC04000000788,0.0000,0.0000,,,nem
2026.08.17 17:00,2026.08.17 18:00,39N050217344000P,SC06000007846,30.0000,56.6300,,,nem
2026.08.17 17:00,2026.08.17 18:00,39N050217514000T,000000002246000191,8.2450,8.5840,,,nem
2026.08.17 17:00,2026.08.17 18:00,39N050217594000I,K02000017L28855,0.0000,0.0000,,,nem
2026.08.17 17:00,2026.08.17 18:00,39N0502177240009,000006209160519002,0.7000,0.7049,,,igen
2026.08.17 17:00,2026.08.17 18:00,39N0502177240009,000027700001201786,0.0000,0.0000,,,nem
2026.08.17 17:00,2026.08.17 18:00,39N0502177240009,K3SC08000001999,0.0000,0.0000,,,nem
2026.08.17 17:00,2026.08.17 18:00,39N0502177250004,000000002146000444,0.0000,0.0000,,,nem
2026.08.17 17:00,2026.08.17 18:00,39N0502177250004,000053200002511869,0.0000,0.0000,,,nem
2026.08.17 17:00,2026.08.17 18:00,39N050218554000Y,K02202146000431,0.0000,0.0000,,,nem
2026.08.17 17:00,2026.08.17 18:00,39N050218563000X,000000000001084616,0.0000,0.0000,,,nem
2026.08.17 17:00,2026.08.17 18:00,39N050218588000X,K3SC08000009353,0.0000,0.0000,,,nem
2026.08.17 17:00,2026.08.17 18:00,39N050218591000P,000008800043780320,0.0000,0.0000,,,nem
2026.08.17 17:00,2026.08.17 18:00,39N050218591000P,K02202146000387,0.0000,0.0000,,,nem
2026.08.17 17:00,2026.08.17 18:00,39N0502185960000,000045500001090171,0.0000,0.0000,,,nem
2026.08.17 17:00,2026.08.17 18:00,39N0502186000003,000000002246000034,0.0000,0.0000,,,nem
2026.08.17 17:00,2026.08.17 18:00,39N0502186000003,000044500026294967,0.0600,0.0601,,,nem
2026.08.17 17:00,2026.08.17 18:00,39N050218709000P,000000002146000433,0.0000,0.0000,,,nem
2026.08.17 17:00,2026.08.17 18:00,39N050218709000P,000027000005871862,0.0000,0.0000,,,nem
2026.08.17 17:00,2026.08.17 18:00,39N050219101000P,000053100006284304,0.0000,0.0000,,,nem
2026.08.17 17:00,2026.08.17 18:00,39N050219101000P,K11702446102256,0.0000,0.0000,,,nem
2026.08.17 17:00,2026.08.17 18:00,39N050219111000J,000053100006086023,0.0000,0.0000,,,nem
2026.08.17 17:00,2026.08.17 18:00,39N050219111000J,K3SC08000002002,0.0000,0.0000,,,nem
2026.08.17 17:00,2026.08.17 18:00,39N0502191220008,000000002146000405,0.0000,0.0000,,,nem
2026.08.17 17:00,2026.08.17 18:00,39N050219127000K,K02000018L30060,0.0000,0.0000,,,nem
2026.08.17 17:00,2026.08.17 18:00,39N050219144000N,K3SC07000001933,5.9000,5.6700,,,nem
2026.08.17 17:00,2026.08.17 18:00,39N050222615000B,K3SC08000002009,0.0000,0.0000,,,nem
2026.08.17 17:00,2026.08.17 18:00,39N050224132000X,000052600000885006,0.0000,0.0000,,,nem
2026.08.17 17:00,2026.08.17 18:00,39N050225228000V,000052600000887973,0.0000,0.0000,,,nem
2026.08.17 17:00,2026.08.17 18:00,39N050225361000Z,000028700084243212,0.0000,0.0000,,,nem
2026.08.17 17:00,2026.08.17 18:00,39N050225592000Z,K02000018L29674,0.9634,1.0000,,,nem
2026.08.17 17:00,2026.08.17 18:00,39N0502258590003,000053400004078297,8.1000,7.7914,,,nem
2026.08.17 17:00,2026.08.17 18:00,39N0502320940001,000053400002726024,0.0000,0.0000,,,nem
2026.08.17 17:00,2026.08.17 18:00,39N050233268000E,000040300013218204,0.0000,0.0000,,,nem
2026.08.17 17:00,2026.08.17 18:00,39N050233872000X,K3SC09000003822,0.0000,0.0000,,,nem
2026.08.17 17:00,2026.08.17 18:00,39N050235722000H,000000002246000065,0.0080,0.0320,,,nem
2026.08.17 17:00,2026.08.17 18:00,39N050235781000N,000000000000071480,0.0000,0.0000,,,nem
2026.08.17 17:00,2026.08.17 18:00,39N050236245000H,000006209160513005,0.0000,0.0000,,,nem
2026.08.17 17:00,2026.08.17 18:00,39N0502362660000,000027900020508134,5.0000,5.0495,,,nem
2026.08.17 17:00,2026.08.17 18:00,39N0502362660000,000040300011213597,0.0000,0.0000,,,nem
2026.08.17 17:00,2026.08.17 18:00,39N0502477110003,000052700000884957,0.0000,0.0000,,,nem
2026.08.17 17:00,2026.08.17 18:00,39N0502510990003,000019900016977384,8.4000,8.4664,,,nem
2026.08.17 17:00,2026.08.17 18:00,39N050251837000U,000040300007204770,0.0000,0.0000,,,nem
2026.08.17 17:00,2026.08.17 18:00,39N050252043000I,000027100005898029,0.2000,0.2103,,,nem
2026.08.17 17:00,2026.08.17 18:00,39N050252204000N,000006203229509031,2.5000,2.5815,,,nem
2026.08.17 17:00,2026.08.17 18:00,39N050253671000Y,000053400003708027,0.0000,0.0000,,,nem
2026.08.17 17:00,2026.08.17 18:00,39N050254055000N,000028700084243189,0.0000,0.0000,,,nem
2026.08.17 17:00,2026.08.17 18:00,39N0502542550009,000006203403563870,0.3000,0.2939,,,nem
2026.08.17 17:00,2026.08.17 18:00,39N050258835000L,000019900017022057,12.5000,12.8288,,,nem
2026.08.17 17:00,2026.08.17 18:00,39N050261616000F,000027100005848476,0.8000,0.8182,,,nem
2026.08.17 17:00,2026.08.17 18:00,39N050269363000V,000052700000884401,0.0000,0.0000,,,nem
2026.08.17 17:00,2026.08.17 18:00,39N050316475000U,000003300035201642,0.0000,0.0000,,,nem
2026.08.17 17:00,2026.08.17 18:00,39N050316475000U,000027000005848437,0.0000,0.0000,,,nem
2026.08.17 17:00,2026.08.17 18:00,39N0503424040008,000027100005870727,0.2000,0.1956,,,nem
2026.08.17 17:00,2026.08.17 18:00,39N0503439790009,000029200020502760,0.0000,0.0000,,,nem
2026.08.17 17:00,2026.08.17 18:00,39N050369436000H,000052700000889661,0.0000,0.0000,,,nem
2026.08.17 17:00,2026.08.17 18:00,39N050373639000R,000040300006202862,0.0000,0.0000,,,igen
2026.08.17 17:00,2026.08.17 18:00,39N050373666000O,000052700000887369,0.0000,0.0000,,,nem
2026.08.17 17:00,2026.08.17 18:00,39N050377940000D,000053400002719761,5.1000,4.9919,,,nem
2026.08.17 17:00,2026.08.17 18:00,39N050381165000Y,000000002246000284,0.0000,0.0000,,,nem
2026.08.17 17:00,2026.08.17 18:00,39N050385675000Z,000040400009210687,4.9000,4.7932,,,nem
2026.08.17 17:00,2026.08.17 18:00,39N050405255000Q,000029200020519053,0.0000,0.0000,,,nem
2026.08.17 17:00,2026.08.17 18:00,39N050414007000M,000029900020520529,3.8000,3.7194,,,nem
2026.08.17 17:00,2026.08.17 18:00,39N050414007000M,000040300011213341,0.0000,0.0000,,,nem
2026.08.17 17:00,2026.08.17 18:00,39N050415384000Y,000000002146000548,0.0000,0.0000,,,nem
2026.08.17 17:00,2026.08.17 18:00,39N050415384000Y,000053100004423834,0.0000,0.0000,,,nem
2026.08.17 17:00,2026.08.17 18:00,39N0504237770004,000028400084243416,0.0000,0.0000,,,nem
2026.08.17 17:00,2026.08.17 18:00,39N050433181000O,000000002246000180,0.0000,0.0000,,,nem
2026.08.17 17:00,2026.08.17 18:00,39N050445873000K,000053400002725979,0.0000,0.0000,,,nem
2026.08.17 17:00,2026.08.17 18:00,39N050450493000U,K3SCC0400000594,0.0000,0.0000,,,nem
2026.08.17 17:00,2026.08.17 18:00,39N0504550620004,000052600000887704,0.0000,0.0000,,,nem
2026.08.17 17:00,2026.08.17 18:00,39N050458746000Y,000027100005870754,0.0000,0.0000,,,nem
2026.08.17 17:00,2026.08.17 18:00,39N050458746000Y,000053300004228243,0.0000,0.0000,,,nem
2026.08.17 17:00,2026.08.17 18:00,39N050458746000Y,000053300006548960,0.0000,0.0000,,,nem
2026.08.17 17:00,2026.08.17 18:00,39N0504648650006,000052600000887402,0.0000,0.0000,,,nem
2026.08.17 17:00,2026.08.17 18:00,39N050471715000L,000029200020517911,0.0000,0.0000,,,nem
2026.08.17 17:00,2026.08.17 18:00,39N050483780000G,000027100005870759,1.1000,1.1403,,,nem
2026.08.17 17:00,2026.08.17 18:00,39N050484438000J,000052600000889209,16.9000,16.5316,,,nem
2026.08.17 17:00,2026.08.17 18:00,39N050485100000G,000040400014219743,0.0000,0.0000,,,nem
2026.08.17 17:00,2026.08.17 18:00,39N0504864890005,000053400003287118,0.0000,0.0000,,,nem
2026.08.17 17:00,2026.08.17 18:00,39N050510259000R,000027100005848322,0.0000,0.0000,,,nem
2026.08.17 17:00,2026.08.17 18:00,39N050515515000A,000052700000885935,0.0000,0.0000,,,nem
2026.08.17 17:00,2026.08.17 18:00,39N0505226180003,000011100000109610,1.6000,1.5672,,,nem
2026.08.17 17:00,2026.08.17 18:00,39N0505384670009,000027100005848294,0.0000,0.0000,,,nem
2026.08.17 17:00,2026.08.17 18:00,39N0505387730002,000052600000900177,0.0000,0.0000,,,nem
2026.08.17 17:00,2026.08.17 18:00,39N050548215000H,000053400002719801,1.7000,1.6652,,,nem
2026.08.17 17:00,2026.08.17 18:00,39N050548840000J,K3SC09000000010,5.4000,19.7300,,,nem
2026.08.17 17:00,2026.08.17 18:00,39N050552094000R,000029900020521702,4.7000,4.7555,,,nem
2026.08.17 17:00,2026.08.17 18:00,39N050553222000K,K3SC08000003475,0.5000,1.8400,,,nem
2026.08.17 17:00,2026.08.17 18:00,39N050553661000A,000034800000061526,10.6000,11.3526,,,nem
2026.08.17 17:00,2026.08.17 18:00,39N0505752100002,000052600000887553,0.0000,0.0000,,,nem
2026.08.17 17:00,2026.08.17 18:00,39N050576124000C,000034800000546505,19.6000,19.9018,,,nem
2026.08.17 17:00,2026.08.17 18:00,39N0505779810001,000006202897801013,0.0000,0.0000,,,nem
2026.08.17 17:00,2026.08.17 18:00,39N050583139000X,000053300004078348,0.0000,0.0000,,,nem
2026.08.17 17:00,2026.08.17 18:00,39N0505847100003,000053400002726046,0.0000,0.0000,,,nem
2026.08.17 17:00,2026.08.17 18:00,39N0505992060002,000053400003708023,3.0000,2.9346,,,nem
2026.08.17 17:00,2026.08.17 18:00,39N050603076000J,000051303403563786,0.3000,0.2935,,,nem
2026.08.17 17:00,2026.08.17 18:00,39N050607494000V,000038200077141480,0.0000,0.0000,,,nem
2026.08.17 17:00,2026.08.17 18:00,39N0506230230009,000053400003707928,0.0000,0.0000,,,nem
2026.08.17 17:00,2026.08.17 18:00,39N050626352000P,000034800000072507,7.3000,7.1409,,,nem
2026.08.17 17:00,2026.08.17 18:00,39N050626352000P,000053300002318656,10.1000,9.8798,,,nem
2026.08.17 17:00,2026.08.17 18:00,39N050627784000Z,000001300013013134,0.0000,0.0000,,,nem
2026.08.17 17:00,2026.08.17 18:00,39N050627784000Z,K3SC03402019428,0.0000,0.0000,,,nem
2026.08.17 17:00,2026.08.17 18:00,39N050635744000T,000051303403398549,10.2700,10.4282,,,nem
2026.08.17 17:00,2026.08.17 18:00,39N050636182000C,000040300014219987,0.0000,0.0000,,,nem
2026.08.17 17:00,2026.08.17 18:00,39N050636182000C,000053200006188793,0.0000,0.0000,,,nem
2026.08.17 17:00,2026.08.17 18:00,39N050636182000C,000053300004228213,0.0000,0.0000,,,nem
2026.08.17 17:00,2026.08.17 18:00,39N050642904000H,000053400002719822,6.7000,6.7791,,,nem
2026.08.17 17:00,2026.08.17 18:00,39N0506488920006,000038200077159774,14.6000,14.7723,,,igen
2026.08.17 17:00,2026.08.17 18:00,39N050655561000S,000027000005848448,0.0000,0.0000,,,nem
2026.08.17 17:00,2026.08.17 18:00,39N050655561000S,000027000005950344,0.0000,0.0000,,,nem
2026.08.17 17:00,2026.08.17 18:00,39N050655561000S,000040200008208469,0.0000,0.0000,,,nem
2026.08.17 17:00,2026.08.17 18:00,39N050673657000W,000029900020524037,9.3000,9.0973,,,igen
2026.08.17 17:00,2026.08.17 18:00,39N050690260000L,000051303403663324,17.5000,17.1413,,,nem
2026.08.17 17:00,2026.08.17 18:00,39N050708788000F,000027000005921259,9.3000,9.0266,,,nem
2026.08.17 17:00,2026.08.17 18:00,39N050720770000X,000040400012214791,0.0000,0.0000,,,nem
2026.08.17 17:00,2026.08.17 18:00,39N050740233000M,000052700000900251,0.0000,0.0000,,,nem
2026.08.17 17:00,2026.08.17 18:00,39N050744134000T,000052600000888120,4.0000,3.9128,,,nem
2026.08.17 17:00,2026.08.17 18:00,39N0507451030007,000000002246000087,0.4120,0.3840,,,nem
2026.08.17 17:00,2026.08.17 18:00,39N0507495580003,000000002246000226,0.0000,0.0000,,,nem
2026.08.17 17:00,2026.08.17 18:00,39N050750365000F,000044500028323170,0.0000,0.0000,,,nem
2026.08.17 17:00,2026.08.17 18:00,39N050750365000F,K3SC08000011520,0.0000,0.0000,,,nem
2026.08.17 17:00,2026.08.17 18:00,39N050750873000L,K02000018L29990,0.0000,0.0000,,,nem
2026.08.17 17:00,2026.08.17 18:00,39N050753398000W,000008800043780262,0.0000,0.0000,,,nem
2026.08.17 17:00,2026.08.17 18:00,39N050753398000W,000027000005848440,0.0000,0.0000,,,igen
2026.08.17 17:00,2026.08.17 18:00,39N050753398000W,000027000005950363,0.0000,0.0000,,,nem
2026.08.17 17:00,2026.08.17 18:00,39N050753398000W,000028700084243194,0.0000,0.0000,,,nem
2026.08.17 17:00,2026.08.17 18:00,39N050753839000S,000040300014219478,0.0000,0.0000,,,nem
2026.08.17 17:00,2026.08.17 18:00,39N050753876000J,000027000005848396,0.0000,0.0000,,,nem
2026.08.17 17:00,2026.08.17 18:00,39N050753876000J,000051303403563777,0.0000,0.0000,,,nem
2026.08.17 17:00,2026.08.17 18:00,39N050753876000J,000053300002728766,0.0000,0.0000,,,nem
2026.08.17 17:00,2026.08.17 18:00,39N050754012000C,K3SC03402019415,0.0000,0.0000,,,nem
2026.08.17 17:00,2026.08.17 18:00,39N050754015000Y,000027100005870748,0.0000,0.0000,,,nem
2026.08.17 17:00,2026.08.17 18:00,39N050754015000Y,K3SC03400984912,0.0000,0.0000,,,nem
2026.08.17 17:00,2026.08.17 18:00,39N050754578000M,000027100005848567,0.0000,0.0000,,,nem
2026.08.17 17:00,2026.08.17 18:00,39N050754578000M,000053300004228283,0.0000,0.0000,,,nem
2026.08.17 17:00,2026.08.17 18:00,39N050754578000M,000053400003290776,0.0000,0.0000,,,nem
2026.08.17 17:00,2026.08.17 18:00,39N050754716000H,000040300006200780,0.0000,0.0000,,,nem
2026.08.17 17:00,2026.08.17 18:00,39N050754716000H,K3SC04000000943,0.0000,0.0000,,,nem
2026.08.17 17:00,2026.08.17 18:00,39N050755929000B,SC07000007591,0.0000,0.0000,,,nem
2026.08.17 17:00,2026.08.17 18:00,39N050755997000G,000000002246000049,0.0000,0.0000,,,nem
2026.08.17 17:00,2026.08.17 18:00,39N050755997000G,000003500035198891,0.1000,0.0980,,,nem
2026.08.17 17:00,2026.08.17 18:00,39N0507569640004,000029200020511689,0.0000,0.0000,,,nem
2026.08.17 17:00,2026.08.17 18:00,39N050756996000D,K3SC08000006659,0.0000,0.0000,,,nem
2026.08.17 17:00,2026.08.17 18:00,39N050757163000K,K3SC08000005254,0.0000,0.0000,,,nem
2026.08.17 17:00,2026.08.17 18:00,39N050757415000J,000053400003290785,0.0000,0.0000,,,nem
2026.08.17 17:00,2026.08.17 18:00,39N050757415000J,K3SC09000000237,0.0000,0.0000,,,nem
2026.08.17 17:00,2026.08.17 18:00,39N050757439000O,000001300013505669,0.0000,0.0000,,,nem
2026.08.17 17:00,2026.08.17 18:00,39N050757439000O,000040300012216291,0.0000,0.0000,,,nem
2026.08.17 17:00,2026.08.17 18:00,39N050757439000O,000044500037979231,0.0000,0.0000,,,nem
2026.08.17 17:00,2026.08.17 18:00,39N050757439000O,K3SC08000002229,0.0000,0.0000,,,nem
2026.08.17 17:00,2026.08.17 18:00,39N050757450000K,000053400002719733,2.1000,2.5066,,,nem
2026.08.17 17:00,2026.08.17 18:00,39N050757450000K,K3SC03401169913,0.0000,0.0000,,,nem
2026.08.17 17:00,2026.08.17 18:00,39N050757472000Z,000000002246000059,0.0000,0.0000,,,nem
2026.08.17 17:00,2026.08.17 18:00,39N050757472000Z,000053400002719783,0.0000,0.0000,,,nem
2026.08.17 17:00,2026.08.17 18:00,39N050758923000H,000027900020522241,4.0000,3.9180,,,nem
2026.08.17 17:00,2026.08.17 18:00,39N050759606000R,K02202146000564,0.0140,0.0130,,,nem
2026.08.17 17:00,2026.08.17 18:00,39N0507599930004,000002800024149874,0.0000,0.0000,,,nem
2026.08.17 17:00,2026.08.17 18:00,39N0507599930004,SC07000001919,0.0000,0.0000,,,nem
2026.08.17 17:00,2026.08.17 18:00,39N050760458000R,000000002246000162,0.0000,0.0000,,,nem
2026.08.17 17:00,2026.08.17 18:00,39N050760458000R,000001300016230255,0.0000,0.0000,,,nem
2026.08.17 17:00,2026.08.17 18:00,39N050760709000V,K3SC03401061094,5.0000,33.0500,,,nem
2026.08.17 17:00,2026.08.17 18:00,39N050762038000E,K02202246000183,0.0000,0.0000,,,nem
2026.08.17 17:00,2026.08.17 18:00,39N050762094000Z,000033300005960005,0.0000,0.0000,,,nem
2026.08.17 17:00,2026.08.17 18:00,39N050762094000Z,K3SC03400723975,0.0000,0.0000,,,nem
2026.08.17 17:00,2026.08.17 18:00,39N050764763000U,000012000075117793,0.0000,0.0000,,,nem
2026.08.17 17:00,2026.08.17 18:00,39N050764763000U,000053100006730746,0.0000,0.0000,,,nem
2026.08.17 17:00,2026.08.17 18:00,39N050764763000U,K3SC09000000002,0.0000,0.0000,,,nem
2026.08.17 17:00,2026.08.17 18:00,39N050764779000V,000052100004064528,0.0000,0.0000,,,nem
2026.08.17 17:00,2026.08.17 18:00,39N050764779000V,K3SC03402019421,0.0000,0.0000,,,nem
2026.08.17 17:00,2026.08.17 18:00,39N050765037000W,K02000017L29370,1.0000,1.0000,,,nem
2026.08.17 17:00,2026.08.17 18:00,39N0507679070008,000000002146000466,0.0000,0.0000,,,nem
2026.08.17 17:00,2026.08.17 18:00,39N0507679070008,000040300007204577,0.0000,0.0000,,,nem
2026.08.17 17:00,2026.08.17 18:00,39N0507679070008,000040300014219638,0.0000,0.0000,,,nem
2026.08.17 17:00,2026.08.17 18:00,39N0507679070008,000053100004211708,0.0000,0.0000,,,nem
2026.08.17 17:00,2026.08.17 18:00,39N0507679070008,000053300004078695,0.0000,0.0000,,,nem
2026.08.17 17:00,2026.08.17 18:00,39N0507679070008,SC07000001932,0.0000,0.0000,,,nem
2026.08.17 17:00,2026.08.17 18:00,39N0507693140006,000000002246000115,0.0000,0.0000,,,nem
2026.08.17 17:00,2026.08.17 18:00,39N0507705100001,000029900020514285,0.0000,0.0000,,,nem
2026.08.17 17:00,2026.08.17 18:00,39N0507705100001,000051303403563760,0.0000,0.0000,,,nem
2026.08.17 17:00,2026.08.17 18:00,39N0507705100001,000052700000899611,0.1000,0.0980,,,nem
2026.08.17 17:00,2026.08.17 18:00,39N0507705100001,K3SC07000001924,0.0000,0.0000,,,nem
2026.08.17 17:00,2026.08.17 18:00,39N050771852000C,K3SC07000001832,0.0000,0.0000,,,nem
2026.08.17 17:00,2026.08.17 18:00,39N0507730720003,000053300004228387,0.0000,0.0000,,,nem
2026.08.17 17:00,2026.08.17 18:00,39N050773615000J,K3SC34000505359,0.0000,0.0000,,,nem
2026.08.17 17:00,2026.08.17 18:00,39N050773622000S,000053300004228493,0.0000,0.0000,,,nem
2026.08.17 17:00,2026.08.17 18:00,39N050773622000S,K3SC09000000250,0.0000,0.0000,,,nem
2026.08.17 17:00,2026.08.17 18:00,39N050773882000F,K3SC03402019413,0.0000,0.0000,,,nem
2026.08.17 17:00,2026.08.17 18:00,39N0507741940003,K02000018L29724,0.0000,0.0000,,,nem
2026.08.17 17:00,2026.08.17 18:00,39N050774244000Q,000044700031395811,0.2700,0.2742,,,nem
2026.08.17 17:00,2026.08.17 18:00,39N050774244000Q,K3SC03400699635,11.4000,42.4800,,,nem
2026.08.17 17:00,2026.08.17 18:00,39N0507742750003,000027900020519928,0.0000,0.0000,,,nem
2026.08.17 17:00,2026.08.17 18:00,39N050775645000M,000008800045007665,0.0000,0.0000,,,nem
2026.08.17 17:00,2026.08.17 18:00,39N050775645000M,000027900020502769,0.0000,0.0000,,,nem
2026.08.17 17:00,2026.08.17 18:00,39N050776264000Z,000027100005870779,0.4000,0.3913,,,nem
2026.08.17 17:00,2026.08.17 18:00,39N050776439000E,000001300023106173,0.0000,0.0000,,,nem
2026.08.17 17:00,2026.08.17 18:00,39N050776439000E,SC07000006370,0.0000,0.0000,,,nem
2026.08.17 17:00,2026.08.17 18:00,39N050776462000V,K02000017L29063,0.0000,0.0000,,,nem
2026.08.17 17:00,2026.08.17 18:00,39N0507772080006,000000002246000073,0.0000,0.0000,,,nem
2026.08.17 17:00,2026.08.17 18:00,39N050777442000Z,000002600043780817,0.0000,0.0000,,,nem
2026.08.17 17:00,2026.08.17 18:00,39N050777442000Z,K02000017L29055,1.0000,1.0000,,,nem
2026.08.17 17:00,2026.08.17 18:00,39N050777442000Z,K02202146000484,0.0000,0.0000,,,nem
2026.08.17 17:00,2026.08.17 18:00,39N050777482000B,000000002246000043,0.0000,0.0000,,,nem
2026.08.17 17:00,2026.08.17 18:00,39N050792697000P,000027000005848410,0.0000,0.0000,,,nem
2026.08.17 17:00,2026.08.17 18:00,39N050793035000V,000035500084243061,0.0000,0.0000,,,nem
2026.08.17 17:00,2026.08.17 18:00,39N050793035000V,000035500084243063,0.0000,0.0000,,,igen
2026.08.17 17:00,2026.08.17 18:00,39N0507981050002,000029200020524061,0.0000,0.0000,,,nem
2026.08.17 17:00,2026.08.17 18:00,39N050813036000E,000027100005897973,0.0000,0.0000,,,nem
2026.08.17 17:00,2026.08.17 18:00,39N050814444000J,000053300003306760,0.0000,0.0000,,,nem
2026.08.17 17:00,2026.08.17 18:00,39N050816644000Q,000052600000899462,0.0000,0.0000,,,nem
2026.08.17 17:00,2026.08.17 18:00,39N0508179760006,SC10000001096,1.0900,3.6900,,,nem
2026.08.17 17:00,2026.08.17 18:00,39N050818676000J,000040400014219207,0.0000,0.0000,,,nem
2026.08.17 17:00,2026.08.17 18:00,39N050820134000W,000053100004211197,0.0100,0.0102,,,nem
2026.08.17 17:00,2026.08.17 18:00,39N050820134000W,K3SC03402019414,0.0000,0.0000,,,nem
2026.08.17 17:00,2026.08.17 18:00,39N050820458000G,000052700000885406,16.5000,17.0907,,,nem
2026.08.17 17:00,2026.08.17 18:00,39N050822345000S,000052600000884385,1.9000,1.8276,,,nem
2026.08.17 17:00,2026.08.17 18:00,39N0508227020002,K3SC03401147239,0.0000,0.0000,,,nem
2026.08.17 17:00,2026.08.17 18:00,39N050831052000K,K3SC03401169907,0.0000,0.0000,,,nem
2026.08.17 17:00,2026.08.17 18:00,39N050831052000K,K3SC07000006344,0.0000,0.0000,,,nem
2026.08.17 17:00,2026.08.17 18:00,39N050831214000K,K3SC08000001061,0.0000,0.0000,,,nem
2026.08.17 17:00,2026.08.17 18:00,39N050831732000K,000000002246000171,0.0000,0.0000,,,nem
2026.08.17 17:00,2026.08.17 18:00,39N050831732000K,000000002246000297,0.0000,0.0000,,,nem
2026.08.17 17:00,2026.08.17 18:00,39N050832564000Z,K3SC08000002241,0.0000,0.0000,,,nem
2026.08.17 17:00,2026.08.17 18:00,39N050833827000F,K3SC03400699729,0.0000,0.0000,,,nem
2026.08.17 17:00,2026.08.17 18:00,39N050836149000I,K3SC03401414828,0.0000,0.0000,,,nem
2026.08.17 17:00,2026.08.17 18:00,39N050836830000K,000000003403233014,0.0000,0.0000,,,nem
2026.08.17 17:00,2026.08.17 18:00,39N050836979000I,000053400003290796,0.0000,0.0000,,,nem
2026.08.17 17:00,2026.08.17 18:00,39N0508398450002,K3SC08000002237,0.0000,0.0000,,,nem
2026.08.17 17:00,2026.08.17 18:00,39N050841968000N,SC11000000589,0.0000,0.0000,,,nem
2026.08.17 17:00,2026.08.17 18:00,39N050843706000U,000053300004078513,0.0000,0.0000,,,nem
2026.08.17 17:00,2026.08.17 18:00,39N050844930000K,000052600000914889,1.0000,0.9795,,,nem
2026.08.17 17:00,2026.08.17 18:00,39N050847541000D,K3SC09000000240,0.0000,0.0000,,,nem
2026.08.17 17:00,2026.08.17 18:00,39N050847787000J,000034800000031563,0.0000,0.0000,,,nem
2026.08.17 17:00,2026.08.17 18:00,39N0508480240000,000052700000909509,0.0000,0.0000,,,nem
2026.08.17 17:00,2026.08.17 18:00,39N050848355000U,000040300012215942,0.0000,0.0000,,,nem
2026.08.17 17:00,2026.08.17 18:00,39N0508490730004,000051303403563818,17.7000,17.3248,,,nem
2026.08.17 17:00,2026.08.17 18:00,39N050849323000D,K3SC04000000054,3.8000,14.4600,,,nem
2026.08.17 17:00,2026.08.17 18:00,39N050851794000U,K3SC07000006360,0.0000,0.0000,,,nem
2026.08.17 17:00,2026.08.17 18:00,39N050861247000Y,K3SC09000003821,0.0000,0.0000,,,nem
2026.08.17 17:00,2026.08.17 18:00,39N050866001000P,000000002246000036,0.0000,0.0000,,,nem
2026.08.17 17:00,2026.08.17 18:00,39N050875710000B,K3SC11000000578,0.0000,0.0000,,,nem
2026.08.17 17:00,2026.08.17 18:00,39N0508759240008,K3SC03401061101,0.0000,0.0000,,,nem
2026.08.17 17:00,2026.08.17 18:00,39N0508788210006,000053300004078461,0.0000,0.0000,,,nem
2026.08.17 17:00,2026.08.17 18:00,39N050879364000V,K02000016L28058,0.0000,0.0000,,,nem
2026.08.17 17:00,2026.08.17 18:00,39N0508813320003,000029900020519902,0.0000,0.0000,,,nem
2026.08.17 17:00,2026.08.17 18:00,39N050882973000Z,000040300009900172,0.0000,0.0000,,,nem
2026.08.17 17:00,2026.08.17 18:00,39N050890535000A,000000002146000441,0.0000,0.0000,,,nem
2026.08.17 17:00,2026.08.17 18:00,39N0508949570002,000027100005897971,0.0000,0.0000,,,nem
2026.08.17 17:00,2026.08.17 18:00,39N050896400000C,K3SC03400574253,0.0000,0.0000,,,nem
2026.08.17 17:00,2026.08.17 18:00,39N050896796000I,000027700001184418,0.0000,0.0000,,,nem
2026.08.17 17:00,2026.08.17 18:00,39N050898846000P,K3SC03400699737,0.0000,0.0000,,,nem
2026.08.17 17:00,2026.08.17 18:00,39N050913091000U,000027100005848490,0.0000,0.0000,,,nem
2026.08.17 17:00,2026.08.17 18:00,39N050915973000R,K3SC08000002025,0.0000,0.0000,,,nem
2026.08.17 17:00,2026.08.17 18:00,39N050916593000Z,K3SC03401169915,0.0000,0.0000,,,nem
2026.08.17 18:00,2026.08.17 19:00,39N0500091210005,000038200077158060,0.0000,0.0000,,,nem
2026.08.17 18:00,2026.08.17 19:00,39N050022609000H,000053300003307178,0.1000,0.1012,,,nem
2026.08.17 18:00,2026.08.17 19:00,39N050029731000D,000052600000914866,0.0000,0.0000,,,nem
2026.08.17 18:00,2026.08.17 19:00,39N050031988000Q,000052600000899454,0.0000,0.0000,,,nem
2026.08.17 18:00,2026.08.17 19:00,39N050032468000S,000052700000899362,0.0000,0.0000,,,nem
2026.08.17 18:00,2026.08.17 19:00,39N050033836000K,000027100005848245,0.1000,0.1015,,,nem
2026.08.17 18:00,2026.08.17 19:00,39N050034412000Z,000002600043780756,0.0000,0.0000,,,nem
2026.08.17 18:00,2026.08.17 19:00,39N050034412000Z,000052700000885403,3.0000,2.9364,,,nem
2026.08.17 18:00,2026.08.17 19:00,39N0500344350008,000046700000888615,0.0000,0.0000,,,nem
2026.08.17 18:00,2026.08.17 19:00,39N050034459000D,000040400014219775,0.0000,0.0000,,,nem
2026.08.17 18:00,2026.08.17 19:00,39N050042294000Z,000040400008209973,0.0000,0.0000,,,nem
2026.08.17 18:00,2026.08.17 19:00,39N050044030000F,000027000035197562,0.8000,0.8126,,,nem
2026.08.17 18:00,2026.08.17 19:00,39N050052498000T,SC05000004104,0.0000,0.0000,,,nem
2026.08.17 18:00,2026.08.17 19:00,39N050053842000G,K3SC03401169905,0.0000,0.0000,,,nem
2026.08.17 18:00,2026.08.17 19:00,39N0500617550009,000044500034101914,0.0000,0.0000,,,nem
2026.08.17 18:00,2026.08.17 19:00,39N0500617550009,K3SC03400699700,0.0000,0.0000,,,nem
2026.08.17 18:00,2026.08.17 19:00,39N050066949000F,000053400003290721,0.0000,0.0000,,,nem
2026.08.17 18:00,2026.08.17 19:00,39N050068660000G,000035500084243026,0.0000,0.0000,,,nem
2026.08.17 18:00,2026.08.17 19:00,39N050068660000G,000035500084243027,0.1000,0.1007,,,nem
2026.08.17 18:00,2026.08.17 19:00,39N050071512000G,000051303403398537,0.0000,0.0000,,,nem
2026.08.17 18:00,2026.08.17 19:00,39N050073737000N,000040400006201455,0.0000,0.0000,,,nem
2026.08.17 18:00,2026.08.17 19:00,39N050073762000U,000053400004078277,0.0000,0.0000,,,nem
2026.08.17 18:00,2026.08.17 19:00,39N050075194000S,000029200020524049,12.0000,12.2220,,,nem
2026.08.17 18:00,2026.08.17 19:00,39N0500755940000,000027000005950284,0.0000,0.0000,,,nem
2026.08.17 18:00,2026.08.17 19:00,39N0500755940000,000052600000886571,0.0000,0.0000,,,nem
2026.08.17 18:00,2026.08.17 19:00,39N050076850000F,000006201754704050,6.6000,6.4957,,,nem
2026.08.17 18:00,2026.08.17 19:00,39N050076850000F,000040300006201137,0.1000,0.0980,,,nem
2026.08.17 18:00,2026.08.17 19:00,39N050081322000F,000053400003290798,11.5000,11.5805,,,nem
2026.08.17 18:00,2026.08.17 19:00,39N050083908000D,000006202897801002,0.0000,0.0000,,,nem
2026.08.17 18:00,2026.08.17 19:00,39N050083908000D,000040300011213334,0.0000,0.0000,,,nem
2026.08.17 18:00,2026.08.17 19:00,39N050089206000O,000006203403563919,2.8000,2.8190,,,igen
2026.08.17 18:00,2026.08.17 19:00,39N050089206000O,000028700084091487,0.0000,0.0000,,,nem
2026.08.17 18:00,2026.08.17 19:00,39N050089342000D,000015608267713002,0.0000,0.0000,,,nem
2026.08.17 18:00,2026.08.17 19:00,39N050094459000X,000040400006201425,0.0000,0.0000,,,nem
2026.08.17 18:00,2026.08.17 19:00,39N050094490000H,000027100005894204,10.4000,10.0454,,,nem
2026.08.17 18:00,2026.08.17 19:00,39N050106941000P,000027100005848507,0.0000,0.0000,,,nem
2026.08.17 18:00,2026.08.17 19:00,39N0501191590002,000029200020517908,2.7000,2.6873,,,nem
2026.08.17 18:00,2026.08.17 19:00,39N050132558000H,000040400007204469,2.0000,1.9576,,,nem
2026.08.17 18:00,2026.08.17 19:00,39N050137387000F,000052600000900202,8.6000,8.4177,,,nem
2026.08.17 18:00,2026.08.17 19:00,39N050145410000I,000027100005848241,0.2000,0.1958,,,nem
2026.08.17 18:00,2026.08.17 19:00,39N050146207000W,000052700000899364,1.2000,1.2190,,,nem
2026.08.17 18:00,2026.08.17 19:00,39N050153206000F,K3SC06000007800,0.0000,0.0000,,,nem
2026.08.17 18:00,2026.08.17 19:00,39N0501601470008,000040300008206765,0.0000,0.0000,,,igen
2026.08.17 18:00,2026.08.17 19:00,39N0501601470008,000040300014219822,0.0000,0.0000,,,igen
2026.08.17 18:00,2026.08.17 19:00,39N050160341000O,000052700000899034,0.1000,0.1015,,,igen
2026.08.17 18:00,2026.08.17 19:00,39N0501618590009,000053400002726045,5.9000,5.7749,,,nem
2026.08.17 18:00,2026.08.17 19:00,39N050168020000Z,L01A625,4.0000,3.9836,,,nem
2026.08.17 18:00,2026.08.17 19:00,39N050176728000R,000040300012214339,0.0000,0.0000,,,nem
2026.08.17 18:00,2026.08.17 19:00,39N050176728000R,000053300003348438,0.0000,0.0000,,,nem
2026.08.17 18:00,2026.08.17 19:00,39N050177032000I,000053400003290719,0.0000,0.0000,,,nem
2026.08.17 18:00,2026.08.17 19:00,39N0501770340008,000053400002725990,0.0000,0.0000,,,nem
2026.08.17 18:00,2026.08.17 19:00,39N050180150000J,000000002246000217,2.3790,2.3260,,,nem
2026.08.17 18:00,2026.08.17 19:00,39N050197735000A,000053400003290744,18.2000,18.3238,,,nem
2026.08.17 18:00,2026.08.17 19:00,39N0502000520004,000029900020519904,0.0000,0.0000,,,nem
2026.08.17 18:00,2026.08.17 19:00,39N0502000520004,000053400003290731,0.0000,0.0000,,,nem
2026.08.17 18:00,2026.08.17 19:00,39N050207087000G,000033300005960021,1.4000,1.4097,,,nem
2026.08.17 18:00,2026.08.17 19:00,39N050207887000Y,000011100000109615,0.0000,0.0000,,,nem
2026.08.17 18:00,2026.08.17 19:00,39N050208125000A,000028700084091484,0.0000,0.0000,,,nem
2026.08.17 18:00,2026.08.17 19:00,39N050208128000W,000052600000896583,0.0000,0.0000,,,nem
2026.08.17 18:00,2026.08.17 19:00,39N050208164000S,000000002246000198,7.0000,7.3020,,,nem
2026.08.17 18:00,2026.08.17 19:00,39N050209187000U,000027000005926405,0.0000,0.0000,,,nem
2026.08.17 18:00,2026.08.17 19:00,39N0502109170005,000053400003708002,0.0000,0.0000,,,nem
2026.08.17 18:00,2026.08.17 19:00,39N0502109620000,000027100005894243,0.0000,0.0000,,,nem
2026.08.17 18:00,2026.08.17 19:00,39N050212788000U,000053600000897292,0.0000,0.0000,,,nem
2026.08.17 18:00,2026.08.17 19:00,39N050213910000G,000027100005898038,0.0000,0.0000,,,nem
2026.08.17 18:00,2026.08.17 19:00,39N050214190000G,K3SC03400699752,0.2900,1.0300,,,nem
2026.08.17 18:00,2026.08.17 19:00,39N050214638000E,K02000017L28861,0.0000,0.0000,,,nem
2026.08.17 18:00,2026.08.17 19:00,39N050214647000D,K3SC06000003455,0.0000,0.0000,,,nem
2026.08.17 18:00,2026.08.17 19:00,39N050214652000W,000008800043449669,0.4100,0.4129,,,nem
2026.08.17 18:00,2026.08.17 19:00,39N050214652000W,000027000005894200,0.0000,0.0000,,,nem
2026.08.17 18:00,2026.08.17 19:00,39N050214652000W,K3SC08000002012,0.0000,0.0000,,,nem
2026.08.17 18:00,2026.08.17 19:00,39N050214655000H,K3SC09000000230,0.1000,0.5700,,,nem
2026.08.17 18:00,2026.08.17 19:00,39N050214668000X,000000002246000235,0.0000,0.0000,,,nem
2026.08.17 18:00,2026.08.17 19:00,39N050214674000A,K3SC07000007598,0.0000,0.0000,,,nem
2026.08.17 18:00,2026.08.17 19:00,39N050214697000K,K3SC07000006334,0.0000,0.0000,,,nem
2026.08.17 18:00,2026.08.17 19:00,39N050214912000Z,K3SC07000001923,0.0000,0.0000,,,nem
2026.08.17 18:00,2026.08.17 19:00,39N050214941000M,EP07883,0.0000,0.0000,,,nem
2026.08.17 18:00,2026.08.17 19:00,39N050215930000P,K3SC06000002907,0.0000,0.0000,,,nem
2026.08.17 18:00,2026.08.17 19:00,39N050215938000M,K02000017L29066,0.0000,0.0000,,,nem
2026.08.17 18:00,2026.08.17 19:00,39N0502159430004,K3SC07000001954,0.0000,0.0000,,,nem
2026.08.17 18:00,2026.08.17 19:00,39N050215958000A,000000002246000117,0.0000,0.0000,,,nem
2026.08.17 18:00,2026.08.17 19:00,39N050215958000A,K02000017L29366,0.0000,0.0000,,,nem
2026.08.17 18:00,2026.08.17 19:00,39N050215987000Y,000040300012214341,0.0000,0.0000,,,nem
2026.08.17 18:00,2026.08.17 19:00,39N050215987000Y,K3SC04000000062,0.0000,0.0000,,,nem
2026.08.17 18:00,2026.08.17 19:00,39N050215987000Y,K3SC07000002663,0.0000,0.0000,,,nem
2026.08.17 18:00,2026.08.17 19:00,39N050215990000Q,000000002146000419,0.0000,0.0000,,,nem
2026.08.17 18:00,2026.08.17 19:00,39N050215990000Q,000000002246000261,0.1470,0.1420,,,nem
2026.08.17 18:00,2026.08.17 19:00,39N050215996000X,000000002246000205,0.0000,0.0000,,,nem
2026.08.17 18:00,2026.08.17 19:00,39N050215996000X,000044600000607648,0.0000,0.0000,,,nem
2026.08.17 18:00,2026.08.17 19:00,39N050215996000X,000044600000614795,0.0000,0.0000,,,nem
2026.08.17 18:00,2026.08.17 19:00,39N050216000000O,K3SC08000006643,0.0000,0.0000,,,nem
2026.08.17 18:00,2026.08.17 19:00,39N050216189000Z,K3SC09000000005,0.0000,0.0000,,,nem
2026.08.17 18:00,2026.08.17 19:00,39N050216319000Q,K3SC04000000788,0.0000,0.0000,,,nem
2026.08.17 18:00,2026.08.17 19:00,39N050217344000P,SC06000007846,29.0000,54.9900,,,nem
2026.08.17 18:00,2026.08.17 19:00,39N050217514000T,000000002246000191,8.9820,9.3800,,,nem
2026.08.17 18:00,2026.08.17 19:00,39N050217594000I,K02000017L28855,0.0000,0.0000,,,nem
2026.08.17 18:00,2026.08.17 19:00,39N0502177240009,000006209160519002,0.7000,0.7049,,,igen
2026.08.17 18:00,2026.08.17 19:00,39N0502177240009,000027700001201786,0.0000,0.0000,,,nem
2026.08.17 18:00,2026.08.17 19:00,39N0502177240009,K3SC08000001999,0.0000,0.0000,,,nem
2026.08.17 18:00,2026.08.17 19:00,39N0502177250004,000000002146000444,0.0000,0.0000,,,nem
2026.08.17 18:00,2026.08.17 19:00,39N0502177250004,000053200002511869,0.0000,0.0000,,,nem
2026.08.17 18:00,2026.08.17 19:00,39N050218554000Y,K02202146000431,0.0000,0.0000,,,nem
2026.08.17 18:00,2026.08.17 19:00,39N050218563000X,000000000001084616,0.0000,0.0000,,,nem
2026.08.17 18:00,2026.08.17 19:00,39N050218588000X,K3SC08000009353,0.2000,0.6700,,,nem
2026.08.17 18:00,2026.08.17 19:00,39N050218591000P,000008800043780320,0.0000,0.0000,,,nem
2026.08.17 18:00,2026.08.17 19:00,39N050218591000P,K02202146000387,0.0000,0.0000,,,nem
2026.08.17 18:00,2026.08.17 19:00,39N0502185960000,000045500001090171,0.0000,0.0000,,,nem
2026.08.17 18:00,2026.08.17 19:00,39N0502186000003,000000002246000034,0.0000,0.0000,,,nem
2026.08.17 18:00,2026.08.17 19:00,39N0502186000003,000044500026294967,0.2500,0.2504,,,nem
2026.08.17 18:00,2026.08.17 19:00,39N050218709000P,000000002146000433,0.0000,0.0000,,,nem
2026.08.17 18:00,2026.08.17 19:00,39N050218709000P,000027000005871862,0.0000,0.0000,,,nem
2026.08.17 18:00,2026.08.17 19:00,39N050219101000P,000053100006284304,0.0000,0.0000,,,nem
2026.08.17 18:00,2026.08.17 19:00,39N050219101000P,K11702446102256,0.0000,0.0000,,,nem
2026.08.17 18:00,2026.08.17 19:00,39N050219111000J,000053100006086023,0.0000,0.0000,,,nem
2026.08.17 18:00,2026.08.17 19:00,39N050219111000J,K3SC08000002002,0.0000,0.0000,,,nem
2026.08.17 18:00,2026.08.17 19:00,39N0502191220008,000000002146000405,0.0000,0.0000,,,nem
2026.08.17 18:00,2026.08.17 19:00,39N050219127000K,K02000018L30060,0.0000,0.0000,,,nem
2026.08.17 18:00,2026.08.17 19:00,39N050219144000N,K3SC07000001933,6.2000,5.9700,,,nem
2026.08.17 18:00,2026.08.17 19:00,39N050222615000B,K3SC08000002009,0.0000,0.0000,,,nem
2026.08.17 18:00,2026.08.17 19:00,39N050224132000X,000052600000885006,0.0000,0.0000,,,nem
2026.08.17 18:00,2026.08.17 19:00,39N050225228000V,000052600000887973,0.0000,0.0000,,,nem
2026.08.17 18:00,2026.08.17 19:00,39N050225361000Z,000028700084243212,0.1000,0.1241,,,nem
2026.08.17 18:00,2026.08.17 19:00,39N050225592000Z,K02000018L29674,1.9268,2.0000,,,nem
2026.08.17 18:00,2026.08.17 19:00,39N0502258590003,000053400004078297,10.0000,9.6190,,,nem
2026.08.17 18:00,2026.08.17 19:00,39N0502320940001,000053400002726024,0.0000,0.0000,,,nem
2026.08.17 18:00,2026.08.17 19:00,39N050233268000E,000040300013218204,0.0000,0.0000,,,nem
2026.08.17 18:00,2026.08.17 19:00,39N050233872000X,K3SC09000003822,0.0000,0.0000,,,nem
2026.08.17 18:00,2026.08.17 19:00,39N050235722000H,000000002246000065,0.0000,0.0000,,,nem
2026.08.17 18:00,2026.08.17 19:00,39N050235781000N,000000000000071480,0.0000,0.0000,,,nem
2026.08.17 18:00,2026.08.17 19:00,39N050236245000H,000006209160513005,0.6000,0.5771,,,nem
2026.08.17 18:00,2026.08.17 19:00,39N0502362660000,000027900020508134,0.0000,0.0000,,,nem
2026.08.17 18:00,2026.08.17 19:00,39N0502362660000,000040300011213597,0.0000,0.0000,,,nem
2026.08.17 18:00,2026.08.17 19:00,39N0502477110003,000052700000884957,0.0000,0.0000,,,nem
2026.08.17 18:00,2026.08.17 19:00,39N0502510990003,000019900016977384,16.5000,16.6304,,,nem
2026.08.17 18:00,2026.08.17 19:00,39N050251837000U,000040300007204770,0.0000,0.0000,,,nem
2026.08.17 18:00,2026.08.17 19:00,39N050252043000I,000027100005898029,0.2000,0.2103,,,nem
2026.08.17 18:00,2026.08.17 19:00,39N050252204000N,000006203229509031,2.8000,2.8913,,,nem
2026.08.17 18:00,2026.08.17 19:00,39N050253671000Y,000053400003708027,0.0000,0.0000,,,nem
2026.08.17 18:00,2026.08.17 19:00,39N050254055000N,000028700084243189,0.0000,0.0000,,,nem
2026.08.17 18:00,2026.08.17 19:00,39N0502542550009,000006203403563870,0.3000,0.2939,,,nem
2026.08.17 18:00,2026.08.17 19:00,39N050258835000L,000019900017022057,16.5000,16.9340,,,nem
2026.08.17 18:00,2026.08.17 19:00,39N050261616000F,000027100005848476,1.4000,1.4318,,,nem
2026.08.17 18:00,2026.08.17 19:00,39N050269363000V,000052700000884401,0.0000,0.0000,,,nem
2026.08.17 18:00,2026.08.17 19:00,39N050316475000U,000003300035201642,0.0000,0.0000,,,nem
2026.08.17 18:00,2026.08.17 19:00,39N050316475000U,000027000005848437,0.0000,0.0000,,,nem
2026.08.17 18:00,2026.08.17 19:00,39N0503424040008,000027100005870727,0.4000,0.3913,,,nem
2026.08.17 18:00,2026.08.17 19:00,39N0503439790009,000029200020502760,0.0000,0.0000,,,nem
2026.08.17 18:00,2026.08.17 19:00,39N050369436000H,000052700000889661,0.0000,0.0000,,,nem
2026.08.17 18:00,2026.08.17 19:00,39N050373639000R,000040300006202862,0.0000,0.0000,,,igen
2026.08.17 18:00,2026.08.17 19:00,39N050373666000O,000052700000887369,0.0000,0.0000,,,nem
2026.08.17 18:00,2026.08.17 19:00,39N050377940000D,000053400002719761,2.1000,2.0555,,,nem
2026.08.17 18:00,2026.08.17 19:00,39N050381165000Y,000000002246000284,0.0000,0.0000,,,nem
2026.08.17 18:00,2026.08.17 19:00,39N050385675000Z,000040400009210687,6.9000,6.7496,,,nem
2026.08.17 18:00,2026.08.17 19:00,39N050405255000Q,000029200020519053,0.0000,0.0000,,,nem
2026.08.17 18:00,2026.08.17 19:00,39N050414007000M,000029900020520529,4.2000,4.1110,,,nem
2026.08.17 18:00,2026.08.17 19:00,39N050414007000M,000040300011213341,0.0000,0.0000,,,nem
2026.08.17 18:00,2026.08.17 19:00,39N050415384000Y,000000002146000548,0.0000,0.0000,,,nem
2026.08.17 18:00,2026.08.17 19:00,39N050415384000Y,000053100004423834,0.0000,0.0000,,,nem
2026.08.17 18:00,2026.08.17 19:00,39N0504237770004,000028400084243416,0.0000,0.0000,,,nem
2026.08.17 18:00,2026.08.17 19:00,39N050433181000O,000000002246000180,0.0000,0.0000,,,nem
2026.08.17 18:00,2026.08.17 19:00,39N050445873000K,000053400002725979,0.0000,0.0000,,,nem
2026.08.17 18:00,2026.08.17 19:00,39N050450493000U,K3SCC0400000594,0.0000,0.0000,,,nem
2026.08.17 18:00,2026.08.17 19:00,39N0504550620004,000052600000887704,0.2000,0.1958,,,nem
2026.08.17 18:00,2026.08.17 19:00,39N050458746000Y,000027100005870754,0.0000,0.0000,,,nem
2026.08.17 18:00,2026.08.17 19:00,39N050458746000Y,000053300004228243,0.0000,0.0000,,,nem
2026.08.17 18:00,2026.08.17 19:00,39N050458746000Y,000053300006548960,0.0000,0.0000,,,nem
2026.08.17 18:00,2026.08.17 19:00,39N0504648650006,000052600000887402,0.0000,0.0000,,,nem
2026.08.17 18:00,2026.08.17 19:00,39N050471715000L,000029200020517911,0.0000,0.0000,,,nem
2026.08.17 18:00,2026.08.17 19:00,39N050483780000G,000027100005870759,1.3000,1.3476,,,nem
2026.08.17 18:00,2026.08.17 19:00,39N050484438000J,000052600000889209,8.2000,8.0212,,,nem
2026.08.17 18:00,2026.08.17 19:00,39N050485100000G,000040400014219743,0.0000,0.0000,,,nem
2026.08.17 18:00,2026.08.17 19:00,39N0504864890005,000053400003287118,0.0000,0.0000,,,nem
2026.08.17 18:00,2026.08.17 19:00,39N050510259000R,000027100005848322,0.0000,0.0000,,,nem
2026.08.17 18:00,2026.08.17 19:00,39N050515515000A,000052700000885935,0.0000,0.0000,,,nem
2026.08.17 18:00,2026.08.17 19:00,39N0505226180003,000011100000109610,0.0000,0.0000,,,nem
2026.08.17 18:00,2026.08.17 19:00,39N0505384670009,000027100005848294,0.0000,0.0000,,,nem
2026.08.17 18:00,2026.08.17 19:00,39N0505387730002,000052600000900177,0.0000,0.0000,,,nem
2026.08.17 18:00,2026.08.17 19:00,39N050548215000H,000053400002719801,5.0000,4.8975,,,nem
2026.08.17 18:00,2026.08.17 19:00,39N050548840000J,K3SC09000000010,5.1000,18.6400,,,nem
2026.08.17 18:00,2026.08.17 19:00,39N050552094000R,000029900020521702,8.3000,8.3979,,,nem
2026.08.17 18:00,2026.08.17 19:00,39N050553222000K,K3SC08000003475,1.3000,4.8300,,,nem
2026.08.17 18:00,2026.08.17 19:00,39N050553661000A,000034800000061526,6.6000,7.0686,,,nem
2026.08.17 18:00,2026.08.17 19:00,39N0505752100002,000052600000887553,0.0000,0.0000,,,nem
2026.08.17 18:00,2026.08.17 19:00,39N050576124000C,000034800000546505,10.2000,10.3571,,,nem
2026.08.17 18:00,2026.08.17 19:00,39N0505779810001,000006202897801013,0.0000,0.0000,,,nem
2026.08.17 18:00,2026.08.17 19:00,39N050583139000X,000053300004078348,0.0000,0.0000,,,nem
2026.08.17 18:00,2026.08.17 19:00,39N0505847100003,000053400002726046,0.0000,0.0000,,,nem
2026.08.17 18:00,2026.08.17 19:00,39N0505992060002,000053400003708023,5.8000,5.6736,,,nem
2026.08.17 18:00,2026.08.17 19:00,39N050603076000J,000051303403563786,0.3000,0.2935,,,nem
2026.08.17 18:00,2026.08.17 19:00,39N050607494000V,000038200077141480,0.0000,0.0000,,,nem
2026.08.17 18:00,2026.08.17 19:00,39N0506230230009,000053400003707928,0.0000,0.0000,,,nem
2026.08.17 18:00,2026.08.17 19:00,39N050626352000P,000034800000072507,9.9000,9.6842,,,nem
2026.08.17 18:00,2026.08.17 19:00,39N050626352000P,000053300002318656,9.6000,9.3907,,,nem
2026.08.17 18:00,2026.08.17 19:00,39N050627784000Z,000001300013013134,0.0000,0.0000,,,nem
2026.08.17 18:00,2026.08.17 19:00,39N050627784000Z,K3SC03402019428,0.0000,0.0000,,,nem
2026.08.17 18:00,2026.08.17 19:00,39N050635744000T,000051303403398549,12.7600,12.9565,,,nem
2026.08.17 18:00,2026.08.17 19:00,39N050636182000C,000040300014219987,0.0000,0.0000,,,nem
2026.08.17 18:00,2026.08.17 19:00,39N050636182000C,000053200006188793,0.1000,0.0980,,,nem
2026.08.17 18:00,2026.08.17 19:00,39N050636182000C,000053300004228213,0.0000,0.0000,,,nem
2026.08.17 18:00,2026.08.17 19:00,39N050642904000H,000053400002719822,8.7000,8.8027,,,nem
2026.08.17 18:00,2026.08.17 19:00,39N0506488920006,000038200077159774,23.0000,23.2714,,,igen
2026.08.17 18:00,2026.08.17 19:00,39N050655561000S,000027000005848448,0.0000,0.0000,,,nem
2026.08.17 18:00,2026.08.17 19:00,39N050655561000S,000027000005950344,0.0000,0.0000,,,nem
2026.08.17 18:00,2026.08.17 19:00,39N050655561000S,000040200008208469,0.0000,0.0000,,,nem
2026.08.17 18:00,2026.08.17 19:00,39N050673657000W,000029900020524037,12.7000,12.4231,,,igen
2026.08.17 18:00,2026.08.17 19:00,39N050690260000L,000051303403663324,13.5000,13.2233,,,nem
2026.08.17 18:00,2026.08.17 19:00,39N050708788000F,000027000005921259,12.2000,11.8413,,,nem
2026.08.17 18:00,2026.08.17 19:00,39N050720770000X,000040400012214791,0.0000,0.0000,,,nem
2026.08.17 18:00,2026.08.17 19:00,39N050740233000M,000052700000900251,0.0000,0.0000,,,nem
2026.08.17 18:00,2026.08.17 19:00,39N050744134000T,000052600000888120,8.9000,8.7060,,,nem
2026.08.17 18:00,2026.08.17 19:00,39N0507451030007,000000002246000087,0.0000,0.0000,,,nem
2026.08.17 18:00,2026.08.17 19:00,39N0507495580003,000000002246000226,0.0000,0.0000,,,nem
2026.08.17 18:00,2026.08.17 19:00,39N050750365000F,000044500028323170,0.0200,0.0203,,,nem
2026.08.17 18:00,2026.08.17 19:00,39N050750365000F,K3SC08000011520,0.0000,0.0000,,,nem
2026.08.17 18:00,2026.08.17 19:00,39N050750873000L,K02000018L29990,0.0000,0.0000,,,nem
2026.08.17 18:00,2026.08.17 19:00,39N050753398000W,000008800043780262,0.1900,0.1930,,,nem
2026.08.17 18:00,2026.08.17 19:00,39N050753398000W,000027000005848440,0.0000,0.0000,,,igen
2026.08.17 18:00,2026.08.17 19:00,39N050753398000W,000027000005950363,0.7000,0.6857,,,nem
2026.08.17 18:00,2026.08.17 19:00,39N050753398000W,000028700084243194,0.0000,0.0000,,,nem
2026.08.17 18:00,2026.08.17 19:00,39N050753839000S,000040300014219478,0.0000,0.0000,,,nem
2026.08.17 18:00,2026.08.17 19:00,39N050753876000J,000027000005848396,0.0000,0.0000,,,nem
2026.08.17 18:00,2026.08.17 19:00,39N050753876000J,000051303403563777,0.0000,0.0000,,,nem
2026.08.17 18:00,2026.08.17 19:00,39N050753876000J,000053300002728766,0.0000,0.0000,,,nem
2026.08.17 18:00,2026.08.17 19:00,39N050754012000C,K3SC03402019415,0.0000,0.0000,,,nem
2026.08.17 18:00,2026.08.17 19:00,39N050754015000Y,000027100005870748,0.0000,0.0000,,,nem
2026.08.17 18:00,2026.08.17 19:00,39N050754015000Y,K3SC03400984912,0.0000,0.0000,,,nem
2026.08.17 18:00,2026.08.17 19:00,39N050754578000M,000027100005848567,0.0000,0.0000,,,nem
2026.08.17 18:00,2026.08.17 19:00,39N050754578000M,000053300004228283,0.0000,0.0000,,,nem
2026.08.17 18:00,2026.08.17 19:00,39N050754578000M,000053400003290776,0.0000,0.0000,,,nem
2026.08.17 18:00,2026.08.17 19:00,39N050754716000H,000040300006200780,0.0000,0.0000,,,nem
2026.08.17 18:00,2026.08.17 19:00,39N050754716000H,K3SC04000000943,0.0000,0.0000,,,nem
2026.08.17 18:00,2026.08.17 19:00,39N050755929000B,SC07000007591,0.0000,0.0000,,,nem
2026.08.17 18:00,2026.08.17 19:00,39N050755997000G,000000002246000049,0.0000,0.0000,,,nem
2026.08.17 18:00,2026.08.17 19:00,39N050755997000G,000003500035198891,0.0000,0.0000,,,nem
2026.08.17 18:00,2026.08.17 19:00,39N0507569640004,000029200020511689,0.0000,0.0000,,,nem
2026.08.17 18:00,2026.08.17 19:00,39N050756996000D,K3SC08000006659,0.0000,0.0000,,,nem
2026.08.17 18:00,2026.08.17 19:00,39N050757163000K,K3SC08000005254,0.0000,0.0000,,,nem
2026.08.17 18:00,2026.08.17 19:00,39N050757415000J,000053400003290785,0.0000,0.0000,,,nem
2026.08.17 18:00,2026.08.17 19:00,39N050757415000J,K3SC09000000237,0.0000,0.0000,,,nem
2026.08.17 18:00,2026.08.17 19:00,39N050757439000O,000001300013505669,0.0000,0.0000,,,nem
2026.08.17 18:00,2026.08.17 19:00,39N050757439000O,000040300012216291,0.0000,0.0000,,,nem
2026.08.17 18:00,2026.08.17 19:00,39N050757439000O,000044500037979231,0.0000,0.0000,,,nem
2026.08.17 18:00,2026.08.17 19:00,39N050757439000O,K3SC08000002229,0.0000,0.0000,,,nem
2026.08.17 18:00,2026.08.17 19:00,39N050757450000K,000053400002719733,1.8000,2.1485,,,nem
2026.08.17 18:00,2026.08.17 19:00,39N050757450000K,K3SC03401169913,0.0000,0.0000,,,nem
2026.08.17 18:00,2026.08.17 19:00,39N050757472000Z,000000002246000059,0.0000,0.0000,,,nem
2026.08.17 18:00,2026.08.17 19:00,39N050757472000Z,000053400002719783,0.1000,0.0980,,,nem
2026.08.17 18:00,2026.08.17 19:00,39N050758923000H,000027900020522241,0.0000,0.0000,,,nem
2026.08.17 18:00,2026.08.17 19:00,39N050759606000R,K02202146000564,0.0000,0.0000,,,nem
2026.08.17 18:00,2026.08.17 19:00,39N0507599930004,000002800024149874,0.0000,0.0000,,,nem
2026.08.17 18:00,2026.08.17 19:00,39N0507599930004,SC07000001919,0.0000,0.0000,,,nem
2026.08.17 18:00,2026.08.17 19:00,39N050760458000R,000000002246000162,0.0000,0.0000,,,nem
2026.08.17 18:00,2026.08.17 19:00,39N050760458000R,000001300016230255,0.0000,0.0000,,,nem
2026.08.17 18:00,2026.08.17 19:00,39N050760709000V,K3SC03401061094,5.0000,33.2200,,,nem
2026.08.17 18:00,2026.08.17 19:00,39N050762038000E,K02202246000183,0.0000,0.0000,,,nem
2026.08.17 18:00,2026.08.17 19:00,39N050762094000Z,000033300005960005,0.0000,0.0000,,,nem
2026.08.17 18:00,2026.08.17 19:00,39N050762094000Z,K3SC03400723975,0.0000,0.0000,,,nem
2026.08.17 18:00,2026.08.17 19:00,39N050764763000U,000012000075117793,0.0000,0.0000,,,nem
2026.08.17 18:00,2026.08.17 19:00,39N050764763000U,000053100006730746,0.0000,0.0000,,,nem
2026.08.17 18:00,2026.08.17 19:00,39N050764763000U,K3SC09000000002,0.0000,0.0000,,,nem
2026.08.17 18:00,2026.08.17 19:00,39N050764779000V,000052100004064528,0.0000,0.0000,,,nem
2026.08.17 18:00,2026.08.17 19:00,39N050764779000V,K3SC03402019421,0.0000,0.0000,,,nem
2026.08.17 18:00,2026.08.17 19:00,39N050765037000W,K02000017L29370,2.0000,2.0000,,,nem
2026.08.17 18:00,2026.08.17 19:00,39N0507679070008,000000002146000466,0.0000,0.0000,,,nem
2026.08.17 18:00,2026.08.17 19:00,39N0507679070008,000040300007204577,0.0000,0.0000,,,nem
2026.08.17 18:00,2026.08.17 19:00,39N0507679070008,000040300014219638,0.0000,0.0000,,,nem
2026.08.17 18:00,2026.08.17 19:00,39N0507679070008,000053100004211708,0.0000,0.0000,,,nem
2026.08.17 18:00,2026.08.17 19:00,39N0507679070008,000053300004078695,0.0000,0.0000,,,nem
2026.08.17 18:00,2026.08.17 19:00,39N0507679070008,SC07000001932,0.0000,0.0000,,,nem
2026.08.17 18:00,2026.08.17 19:00,39N0507693140006,000000002246000115,0.0000,0.0000,,,nem
2026.08.17 18:00,2026.08.17 19:00,39N0507705100001,000029900020514285,0.0000,0.0000,,,nem
2026.08.17 18:00,2026.08.17 19:00,39N0507705100001,000051303403563760,0.0000,0.0000,,,nem
2026.08.17 18:00,2026.08.17 19:00,39N0507705100001,000052700000899611,0.0000,0.0000,,,nem
2026.08.17 18:00,2026.08.17 19:00,39N0507705100001,K3SC07000001924,0.0000,0.0000,,,nem
2026.08.17 18:00,2026.08.17 19:00,39N050771852000C,K3SC07000001832,0.0000,0.0000,,,nem
2026.08.17 18:00,2026.08.17 19:00,39N0507730720003,000053300004228387,0.0000,0.0000,,,nem
2026.08.17 18:00,2026.08.17 19:00,39N050773615000J,K3SC34000505359,0.0000,0.0000,,,nem
2026.08.17 18:00,2026.08.17 19:00,39N050773622000S,000053300004228493,0.0000,0.0000,,,nem
2026.08.17 18:00,2026.08.17 19:00,39N050773622000S,K3SC09000000250,0.0000,0.0000,,,nem
2026.08.17 18:00,2026.08.17 19:00,39N050773882000F,K3SC03402019413,0.0000,0.0000,,,nem
2026.08.17 18:00,2026.08.17 19:00,39N0507741940003,K02000018L29724,0.0000,0.0000,,,nem
2026.08.17 18:00,2026.08.17 19:00,39N050774244000Q,000044700031395811,0.0200,0.0203,,,nem
2026.08.17 18:00,2026.08.17 19:00,39N050774244000Q,K3SC03400699635,11.3000,42.3100,,,nem
2026.08.17 18:00,2026.08.17 19:00,39N0507742750003,000027900020519928,0.0000,0.0000,,,nem
2026.08.17 18:00,2026.08.17 19:00,39N050775645000M,000008800045007665,0.0000,0.0000,,,nem
2026.08.17 18:00,2026.08.17 19:00,39N050775645000M,000027900020502769,0.0000,0.0000,,,nem
2026.08.17 18:00,2026.08.17 19:00,39N050776264000Z,000027100005870779,0.4000,0.3913,,,nem
2026.08.17 18:00,2026.08.17 19:00,39N050776439000E,000001300023106173,0.0000,0.0000,,,nem
2026.08.17 18:00,2026.08.17 19:00,39N050776439000E,SC07000006370,0.0000,0.0000,,,nem
2026.08.17 18:00,2026.08.17 19:00,39N050776462000V,K02000017L29063,0.0000,0.0000,,,nem
2026.08.17 18:00,2026.08.17 19:00,39N0507772080006,000000002246000073,0.0000,0.0000,,,nem
2026.08.17 18:00,2026.08.17 19:00,39N050777442000Z,000002600043780817,0.0000,0.0000,,,nem
2026.08.17 18:00,2026.08.17 19:00,39N050777442000Z,K02000017L29055,0.0000,0.0000,,,nem
2026.08.17 18:00,2026.08.17 19:00,39N050777442000Z,K02202146000484,0.0000,0.0000,,,nem
2026.08.17 18:00,2026.08.17 19:00,39N050777482000B,000000002246000043,0.0000,0.0000,,,nem
2026.08.17 18:00,2026.08.17 19:00,39N050792697000P,000027000005848410,0.0000,0.0000,,,nem
2026.08.17 18:00,2026.08.17 19:00,39N050793035000V,000035500084243061,0.0000,0.0000,,,nem
2026.08.17 18:00,2026.08.17 19:00,39N050793035000V,000035500084243063,0.0000,0.0000,,,igen
2026.08.17 18:00,2026.08.17 19:00,39N0507981050002,000029200020524061,0.0000,0.0000,,,nem
2026.08.17 18:00,2026.08.17 19:00,39N050813036000E,000027100005897973,0.0000,0.0000,,,nem
2026.08.17 18:00,2026.08.17 19:00,39N050814444000J,000053300003306760,0.0000,0.0000,,,nem
2026.08.17 18:00,2026.08.17 19:00,39N050816644000Q,000052600000899462,0.0000,0.0000,,,nem
2026.08.17 18:00,2026.08.17 19:00,39N0508179760006,SC10000001096,1.2000,4.1100,,,nem
2026.08.17 18:00,2026.08.17 19:00,39N050818676000J,000040400014219207,0.0000,0.0000,,,nem
2026.08.17 18:00,2026.08.17 19:00,39N050820134000W,000053100004211197,0.0100,0.0102,,,nem
2026.08.17 18:00,2026.08.17 19:00,39N050820134000W,K3SC03402019414,0.0000,0.0000,,,nem
2026.08.17 18:00,2026.08.17 19:00,39N050820458000G,000052700000885406,19.4000,20.0945,,,nem
2026.08.17 18:00,2026.08.17 19:00,39N050822345000S,000052600000884385,0.5000,0.4810,,,nem
2026.08.17 18:00,2026.08.17 19:00,39N0508227020002,K3SC03401147239,0.0000,0.0000,,,nem
2026.08.17 18:00,2026.08.17 19:00,39N050831052000K,K3SC03401169907,0.0000,0.0000,,,nem
2026.08.17 18:00,2026.08.17 19:00,39N050831052000K,K3SC07000006344,0.0000,0.0000,,,nem
2026.08.17 18:00,2026.08.17 19:00,39N050831214000K,K3SC08000001061,0.0000,0.0000,,,nem
2026.08.17 18:00,2026.08.17 19:00,39N050831732000K,000000002246000171,0.0000,0.0000,,,nem
2026.08.17 18:00,2026.08.17 19:00,39N050831732000K,000000002246000297,0.0000,0.0000,,,nem
2026.08.17 18:00,2026.08.17 19:00,39N050832564000Z,K3SC08000002241,0.0000,0.0000,,,nem
2026.08.17 18:00,2026.08.17 19:00,39N050833827000F,K3SC03400699729,0.0000,0.0000,,,nem
2026.08.17 18:00,2026.08.17 19:00,39N050836149000I,K3SC03401414828,0.0000,0.0000,,,nem
2026.08.17 18:00,2026.08.17 19:00,39N050836830000K,000000003403233014,0.0000,0.0000,,,nem
2026.08.17 18:00,2026.08.17 19:00,39N050836979000I,000053400003290796,0.0000,0.0000,,,nem
2026.08.17 18:00,2026.08.17 19:00,39N0508398450002,K3SC08000002237,0.0000,0.0000,,,nem
2026.08.17 18:00,2026.08.17 19:00,39N050841968000N,SC11000000589,0.0000,0.0000,,,nem
2026.08.17 18:00,2026.08.17 19:00,39N050843706000U,000053300004078513,0.0000,0.0000,,,nem
2026.08.17 18:00,2026.08.17 19:00,39N050844930000K,000052600000914889,0.1000,0.0980,,,nem
2026.08.17 18:00,2026.08.17 19:00,39N050847541000D,K3SC09000000240,0.0000,0.0000,,,nem
2026.08.17 18:00,2026.08.17 19:00,39N050847787000J,000034800000031563,0.0000,0.0000,,,nem
2026.08.17 18:00,2026.08.17 19:00,39N0508480240000,000052700000909509,0.0000,0.0000,,,nem
2026.08.17 18:00,2026.08.17 19:00,39N050848355000U,000040300012215942,0.0000,0.0000,,,nem
2026.08.17 18:00,2026.08.17 19:00,39N0508490730004,000051303403563818,17.6000,17.2269,,,nem
2026.08.17 18:00,2026.08.17 19:00,39N050849323000D,K3SC04000000054,3.8000,14.4900,,,nem
2026.08.17 18:00,2026.08.17 19:00,39N050851794000U,K3SC07000006360,0.0000,0.0000,,,nem
2026.08.17 18:00,2026.08.17 19:00,39N050861247000Y,K3SC09000003821,0.0000,0.0000,,,nem
2026.08.17 18:00,2026.08.17 19:00,39N050866001000P,000000002246000036,0.3980,2.6300,,,nem
2026.08.17 18:00,2026.08.17 19:00,39N050875710000B,K3SC11000000578,0.0000,0.0000,,,nem
2026.08.17 18:00,2026.08.17 19:00,39N0508759240008,K3SC03401061101,0.0000,0.0000,,,nem
2026.08.17 18:00,2026.08.17 19:00,39N0508788210006,000053300004078461,0.0000,0.0000,,,nem
2026.08.17 18:00,2026.08.17 19:00,39N050879364000V,K02000016L28058,0.0000,0.0000,,,nem
2026.08.17 18:00,2026.08.17 19:00,39N0508813320003,000029900020519902,0.0000,0.0000,,,nem
2026.08.17 18:00,2026.08.17 19:00,39N050882973000Z,000040300009900172,0.0000,0.0000,,,nem
2026.08.17 18:00,2026.08.17 19:00,39N050890535000A,000000002146000441,0.0000,0.0000,,,nem
2026.08.17 18:00,2026.08.17 19:00,39N0508949570002,000027100005897971,0.0000,0.0000,,,nem
2026.08.17 18:00,2026.08.17 19:00,39N050896400000C,K3SC03400574253,0.0000,0.0000,,,nem
2026.08.17 18:00,2026.08.17 19:00,39N050896796000I,000027700001184418,0.0000,0.0000,,,nem
2026.08.17 18:00,2026.08.17 19:00,39N050898846000P,K3SC03400699737,0.0000,0.0000,,,nem
2026.08.17 18:00,2026.08.17 19:00,39N050913091000U,000027100005848490,0.1000,0.1010,,,nem
2026.08.17 18:00,2026.08.17 19:00,39N050915973000R,K3SC08000002025,0.0000,0.0000,,,nem
2026.08.17 18:00,2026.08.17 19:00,39N050916593000Z,K3SC03401169915,0.0000,0.0000,,,nem
2026.08.17 19:00,2026.08.17 20:00,39N0500091210005,000038200077158060,0.0000,0.0000,,,nem
2026.08.17 19:00,2026.08.17 20:00,39N050022609000H,000053300003307178,0.2000,0.2024,,,nem
2026.08.17 19:00,2026.08.17 20:00,39N050029731000D,000052600000914866,0.0000,0.0000,,,nem
2026.08.17 19:00,2026.08.17 20:00,39N050031988000Q,000052600000899454,0.0000,0.0000,,,nem
2026.08.17 19:00,2026.08.17 20:00,39N050032468000S,000052700000899362,0.0000,0.0000,,,nem
2026.08.17 19:00,2026.08.17 20:00,39N050033836000K,000027100005848245,0.0000,0.0000,,,nem
2026.08.17 19:00,2026.08.17 20:00,39N050034412000Z,000002600043780756,0.0000,0.0000,,,nem
2026.08.17 19:00,2026.08.17 20:00,39N050034412000Z,000052700000885403,2.8000,2.7406,,,nem
2026.08.17 19:00,2026.08.17 20:00,39N0500344350008,000046700000888615,0.0000,0.0000,,,nem
2026.08.17 19:00,2026.08.17 20:00,39N050034459000D,000040400014219775,0.0000,0.0000,,,nem
2026.08.17 19:00,2026.08.17 20:00,39N050042294000Z,000040400008209973,0.0000,0.0000,,,nem
2026.08.17 19:00,2026.08.17 20:00,39N050044030000F,000027000035197562,0.7000,0.7111,,,nem
2026.08.17 19:00,2026.08.17 20:00,39N050052498000T,SC05000004104,0.0000,0.0000,,,nem
2026.08.17 19:00,2026.08.17 20:00,39N050053842000G,K3SC03401169905,0.0000,0.0000,,,nem
2026.08.17 19:00,2026.08.17 20:00,39N0500617550009,000044500034101914,0.0000,0.0000,,,nem
2026.08.17 19:00,2026.08.17 20:00,39N0500617550009,K3SC03400699700,0.0000,0.0000,,,nem
2026.08.17 19:00,2026.08.17 20:00,39N050066949000F,000053400003290721,0.0000,0.0000,,,nem
2026.08.17 19:00,2026.08.17 20:00,39N050068660000G,000035500084243026,0.0000,0.0000,,,nem
2026.08.17 19:00,2026.08.17 20:00,39N050068660000G,000035500084243027,0.2000,0.2014,,,nem
2026.08.17 19:00,2026.08.17 20:00,39N050071512000G,000051303403398537,0.0000,0.0000,,,nem
2026.08.17 19:00,2026.08.17 20:00,39N050073737000N,000040400006201455,0.0000,0.0000,,,nem
2026.08.17 19:00,2026.08.17 20:00,39N050073762000U,000053400004078277,0.0000,0.0000,,,nem
2026.08.17 19:00,2026.08.17 20:00,39N050075194000S,000029200020524049,18.9000,19.2497,,,nem
2026.08.17 19:00,2026.08.17 20:00,39N0500755940000,000027000005950284,0.0000,0.0000,,,nem
2026.08.17 19:00,2026.08.17 20:00,39N0500755940000,000052600000886571,0.0000,0.0000,,,nem
2026.08.17 19:00,2026.08.17 20:00,39N050076850000F,000006201754704050,6.2000,6.1020,,,nem
2026.08.17 19:00,2026.08.17 20:00,39N050076850000F,000040300006201137,0.6000,0.5877,,,nem
2026.08.17 19:00,2026.08.17 20:00,39N050081322000F,000053400003290798,10.5000,10.5735,,,nem
2026.08.17 19:00,2026.08.17 20:00,39N050083908000D,000006202897801002,0.0000,0.0000,,,nem
2026.08.17 19:00,2026.08.17 20:00,39N050083908000D,000040300011213334,0.0000,0.0000,,,nem
2026.08.17 19:00,2026.08.17 20:00,39N050089206000O,000006203403563919,2.8000,2.8190,,,igen
2026.08.17 19:00,2026.08.17 20:00,39N050089206000O,000028700084091487,0.0000,0.0000,,,nem
2026.08.17 19:00,2026.08.17 20:00,39N050089342000D,000015608267713002,0.0000,0.0000,,,nem
2026.08.17 19:00,2026.08.17 20:00,39N050094459000X,000040400006201425,0.0000,0.0000,,,nem
2026.08.17 19:00,2026.08.17 20:00,39N050094490000H,000027100005894204,5.1000,4.9261,,,nem
2026.08.17 19:00,2026.08.17 20:00,39N050106941000P,000027100005848507,0.0000,0.0000,,,nem
2026.08.17 19:00,2026.08.17 20:00,39N0501191590002,000029200020517908,0.0000,0.0000,,,nem
2026.08.17 19:00,2026.08.17 20:00,39N050132558000H,000040400007204469,1.7000,1.6640,,,nem
2026.08.17 19:00,2026.08.17 20:00,39N050137387000F,000052600000900202,4.8000,4.6982,,,nem
2026.08.17 19:00,2026.08.17 20:00,39N050145410000I,000027100005848241,0.2000,0.1958,,,nem
2026.08.17 19:00,2026.08.17 20:00,39N050146207000W,000052700000899364,0.0000,0.0000,,,nem
2026.08.17 19:00,2026.08.17 20:00,39N050153206000F,K3SC06000007800,0.0000,0.0000,,,nem
2026.08.17 19:00,2026.08.17 20:00,39N0501601470008,000040300008206765,0.0000,0.0000,,,igen
2026.08.17 19:00,2026.08.17 20:00,39N0501601470008,000040300014219822,0.0000,0.0000,,,igen
2026.08.17 19:00,2026.08.17 20:00,39N050160341000O,000052700000899034,0.1000,0.1015,,,igen
2026.08.17 19:00,2026.08.17 20:00,39N0501618590009,000053400002726045,5.2000,5.0898,,,nem
2026.08.17 19:00,2026.08.17 20:00,39N050168020000Z,L01A625,4.0000,3.9836,,,nem
2026.08.17 19:00,2026.08.17 20:00,39N050176728000R,000040300012214339,0.0000,0.0000,,,nem
2026.08.17 19:00,2026.08.17 20:00,39N050176728000R,000053300003348438,0.0000,0.0000,,,nem
2026.08.17 19:00,2026.08.17 20:00,39N050177032000I,000053400003290719,0.0000,0.0000,,,nem
2026.08.17 19:00,2026.08.17 20:00,39N0501770340008,000053400002725990,0.0000,0.0000,,,nem
2026.08.17 19:00,2026.08.17 20:00,39N050180150000J,000000002246000217,0.8850,0.8670,,,nem
2026.08.17 19:00,2026.08.17 20:00,39N050197735000A,000053400003290744,5.1000,5.1347,,,nem
2026.08.17 19:00,2026.08.17 20:00,39N0502000520004,000029900020519904,0.0000,0.0000,,,nem
2026.08.17 19:00,2026.08.17 20:00,39N0502000520004,000053400003290731,0.1000,0.0957,,,nem
2026.08.17 19:00,2026.08.17 20:00,39N050207087000G,000033300005960021,0.4000,0.4028,,,nem
2026.08.17 19:00,2026.08.17 20:00,39N050207887000Y,000011100000109615,0.0000,0.0000,,,nem
2026.08.17 19:00,2026.08.17 20:00,39N050208125000A,000028700084091484,0.0000,0.0000,,,nem
2026.08.17 19:00,2026.08.17 20:00,39N050208128000W,000052600000896583,0.0000,0.0000,,,nem
2026.08.17 19:00,2026.08.17 20:00,39N050208164000S,000000002246000198,7.0000,7.3110,,,nem
2026.08.17 19:00,2026.08.17 20:00,39N050209187000U,000027000005926405,0.0000,0.0000,,,nem
2026.08.17 19:00,2026.08.17 20:00,39N0502109170005,000053400003708002,0.0000,0.0000,,,nem
2026.08.17 19:00,2026.08.17 20:00,39N0502109620000,000027100005894243,0.0000,0.0000,,,nem
2026.08.17 19:00,2026.08.17 20:00,39N050212788000U,000053600000897292,0.0000,0.0000,,,nem
2026.08.17 19:00,2026.08.17 20:00,39N050213910000G,000027100005898038,0.0000,0.0000,,,nem
2026.08.17 19:00,2026.08.17 20:00,39N050214190000G,K3SC03400699752,2.5200,8.6800,,,nem
2026.08.17 19:00,2026.08.17 20:00,39N050214638000E,K02000017L28861,0.0000,0.0000,,,nem
2026.08.17 19:00,2026.08.17 20:00,39N050214647000D,K3SC06000003455,0.0000,0.0000,,,nem
2026.08.17 19:00,2026.08.17 20:00,39N050214652000W,000008800043449669,0.2600,0.2618,,,nem
2026.08.17 19:00,2026.08.17 20:00,39N050214652000W,000027000005894200,0.0000,0.0000,,,nem
2026.08.17 19:00,2026.08.17 20:00,39N050214652000W,K3SC08000002012,0.0000,0.0000,,,nem
2026.08.17 19:00,2026.08.17 20:00,39N050214655000H,K3SC09000000230,0.0000,0.0000,,,nem
2026.08.17 19:00,2026.08.17 20:00,39N050214668000X,000000002246000235,0.0000,0.0000,,,nem
2026.08.17 19:00,2026.08.17 20:00,39N050214674000A,K3SC07000007598,0.0000,0.0000,,,nem
2026.08.17 19:00,2026.08.17 20:00,39N050214697000K,K3SC07000006334,0.0000,0.0000,,,nem
2026.08.17 19:00,2026.08.17 20:00,39N050214912000Z,K3SC07000001923,0.0000,0.0000,,,nem
2026.08.17 19:00,2026.08.17 20:00,39N050214941000M,EP07883,0.0000,0.0000,,,nem
2026.08.17 19:00,2026.08.17 20:00,39N050215930000P,K3SC06000002907,0.0000,0.0000,,,nem
2026.08.17 19:00,2026.08.17 20:00,39N050215938000M,K02000017L29066,0.0000,0.0000,,,nem
2026.08.17 19:00,2026.08.17 20:00,39N0502159430004,K3SC07000001954,0.0000,0.0000,,,nem
2026.08.17 19:00,2026.08.17 20:00,39N050215958000A,000000002246000117,0.0000,0.0000,,,nem
2026.08.17 19:00,2026.08.17 20:00,39N050215958000A,K02000017L29366,0.0000,0.0000,,,nem
2026.08.17 19:00,2026.08.17 20:00,39N050215987000Y,000040300012214341,0.0000,0.0000,,,nem
2026.08.17 19:00,2026.08.17 20:00,39N050215987000Y,K3SC04000000062,0.0000,0.0000,,,nem
2026.08.17 19:00,2026.08.17 20:00,39N050215987000Y,K3SC07000002663,0.0000,0.0000,,,nem
2026.08.17 19:00,2026.08.17 20:00,39N050215990000Q,000000002146000419,0.0000,0.0000,,,nem
2026.08.17 19:00,2026.08.17 20:00,39N050215990000Q,000000002246000261,0.0520,0.0510,,,nem
2026.08.17 19:00,2026.08.17 20:00,39N050215996000X,000000002246000205,0.0000,0.0000,,,nem
2026.08.17 19:00,2026.08.17 20:00,39N050215996000X,000044600000607648,0.0000,0.0000,,,nem
2026.08.17 19:00,2026.08.17 20:00,39N050215996000X,000044600000614795,0.0000,0.0000,,,nem
2026.08.17 19:00,2026.08.17 20:00,39N050216000000O,K3SC08000006643,0.0000,0.0000,,,nem
2026.08.17 19:00,2026.08.17 20:00,39N050216189000Z,K3SC09000000005,0.0000,0.0000,,,nem
2026.08.17 19:00,2026.08.17 20:00,39N050216319000Q,K3SC04000000788,0.0000,0.0000,,,nem
2026.08.17 19:00,2026.08.17 20:00,39N050217344000P,SC06000007846,18.0000,34.1400,,,nem
2026.08.17 19:00,2026.08.17 20:00,39N050217514000T,000000002246000191,5.3370,5.5890,,,nem
2026.08.17 19:00,2026.08.17 20:00,39N050217594000I,K02000017L28855,0.0000,0.0000,,,nem
2026.08.17 19:00,2026.08.17 20:00,39N0502177240009,000006209160519002,0.7000,0.7049,,,igen
2026.08.17 19:00,2026.08.17 20:00,39N0502177240009,000027700001201786,0.0000,0.0000,,,nem
2026.08.17 19:00,2026.08.17 20:00,39N0502177240009,K3SC08000001999,0.0000,0.0000,,,nem
2026.08.17 19:00,2026.08.17 20:00,39N0502177250004,000000002146000444,0.0000,0.0000,,,nem
2026.08.17 19:00,2026.08.17 20:00,39N0502177250004,000053200002511869,0.0000,0.0000,,,nem
2026.08.17 19:00,2026.08.17 20:00,39N050218554000Y,K02202146000431,0.0000,0.0000,,,nem
2026.08.17 19:00,2026.08.17 20:00,39N050218563000X,000000000001084616,0.0000,0.0000,,,nem
2026.08.17 19:00,2026.08.17 20:00,39N050218588000X,K3SC08000009353,2.7000,8.9800,,,nem
2026.08.17 19:00,2026.08.17 20:00,39N050218591000P,000008800043780320,0.0000,0.0000,,,nem
2026.08.17 19:00,2026.08.17 20:00,39N050218591000P,K02202146000387,0.0000,0.0000,,,nem
2026.08.17 19:00,2026.08.17 20:00,39N0502185960000,000045500001090171,0.0000,0.0000,,,nem
2026.08.17 19:00,2026.08.17 20:00,39N0502186000003,000000002246000034,0.0000,0.0000,,,nem
2026.08.17 19:00,2026.08.17 20:00,39N0502186000003,000044500026294967,0.0500,0.0501,,,nem
2026.08.17 19:00,2026.08.17 20:00,39N050218709000P,000000002146000433,0.0000,0.0000,,,nem
2026.08.17 19:00,2026.08.17 20:00,39N050218709000P,000027000005871862,0.0000,0.0000,,,nem
2026.08.17 19:00,2026.08.17 20:00,39N050219101000P,000053100006284304,0.0000,0.0000,,,nem
2026.08.17 19:00,2026.08.17 20:00,39N050219101000P,K11702446102256,0.0000,0.0000,,,nem
2026.08.17 19:00,2026.08.17 20:00,39N050219111000J,000053100006086023,0.0000,0.0000,,,nem
2026.08.17 19:00,2026.08.17 20:00,39N050219111000J,K3SC08000002002,0.0000,0.0000,,,nem
2026.08.17 19:00,2026.08.17 20:00,39N0502191220008,000000002146000405,0.0000,0.0000,,,nem
2026.08.17 19:00,2026.08.17 20:00,39N050219127000K,K02000018L30060,0.0000,0.0000,,,nem
2026.08.17 19:00,2026.08.17 20:00,39N050219144000N,K3SC07000001933,5.0000,4.8400,,,nem
2026.08.17 19:00,2026.08.17 20:00,39N050222615000B,K3SC08000002009,0.0000,0.0000,,,nem
2026.08.17 19:00,2026.08.17 20:00,39N050224132000X,000052600000885006,0.0000,0.0000,,,nem
2026.08.17 19:00,2026.08.17 20:00,39N050225228000V,000052600000887973,0.0000,0.0000,,,nem
2026.08.17 19:00,2026.08.17 20:00,39N050225361000Z,000028700084243212,0.0000,0.0000,,,nem
2026.08.17 19:00,2026.08.17 20:00,39N050225592000Z,K02000018L29674,0.0000,0.0000,,,nem
2026.08.17 19:00,2026.08.17 20:00,39N0502258590003,000053400004078297,7.4000,7.1181,,,nem
2026.08.17 19:00,2026.08.17 20:00,39N0502320940001,000053400002726024,0.0000,0.0000,,,nem
2026.08.17 19:00,2026.08.17 20:00,39N050233268000E,000040300013218204,0.0000,0.0000,,,nem
2026.08.17 19:00,2026.08.17 20:00,39N050233872000X,K3SC09000003822,0.0000,0.0000,,,nem
2026.08.17 19:00,2026.08.17 20:00,39N050235722000H,000000002246000065,0.0270,0.1040,,,nem
2026.08.17 19:00,2026.08.17 20:00,39N050235781000N,000000000000071480,0.0000,0.0000,,,nem
2026.08.17 19:00,2026.08.17 20:00,39N050236245000H,000006209160513005,0.0000,0.0000,,,nem
2026.08.17 19:00,2026.08.17 20:00,39N0502362660000,000027900020508134,1.0000,1.0099,,,nem
2026.08.17 19:00,2026.08.17 20:00,39N0502362660000,000040300011213597,0.0000,0.0000,,,nem
2026.08.17 19:00,2026.08.17 20:00,39N0502477110003,000052700000884957,0.2000,0.1924,,,nem
2026.08.17 19:00,2026.08.17 20:00,39N0502510990003,000019900016977384,14.7000,14.8161,,,nem
2026.08.17 19:00,2026.08.17 20:00,39N050251837000U,000040300007204770,0.0000,0.0000,,,nem
2026.08.17 19:00,2026.08.17 20:00,39N050252043000I,000027100005898029,0.0000,0.0000,,,nem
2026.08.17 19:00,2026.08.17 20:00,39N050252204000N,000006203229509031,2.7000,2.7880,,,nem
2026.08.17 19:00,2026.08.17 20:00,39N050253671000Y,000053400003708027,0.0000,0.0000,,,nem
2026.08.17 19:00,2026.08.17 20:00,39N050254055000N,000028700084243189,0.0000,0.0000,,,nem
2026.08.17 19:00,2026.08.17 20:00,39N0502542550009,000006203403563870,0.4000,0.3918,,,nem
2026.08.17 19:00,2026.08.17 20:00,39N050258835000L,000019900017022057,9.8000,10.0577,,,nem
2026.08.17 19:00,2026.08.17 20:00,39N050261616000F,000027100005848476,1.3000,1.3295,,,nem
2026.08.17 19:00,2026.08.17 20:00,39N050269363000V,000052700000884401,0.0000,0.0000,,,nem
2026.08.17 19:00,2026.08.17 20:00,39N050316475000U,000003300035201642,0.0000,0.0000,,,nem
2026.08.17 19:00,2026.08.17 20:00,39N050316475000U,000027000005848437,0.0000,0.0000,,,nem
2026.08.17 19:00,2026.08.17 20:00,39N0503424040008,000027100005870727,0.3000,0.2935,,,nem
2026.08.17 19:00,2026.08.17 20:00,39N0503439790009,000029200020502760,0.1000,0.0980,,,nem
2026.08.17 19:00,2026.08.17 20:00,39N050369436000H,000052700000889661,0.0000,0.0000,,,nem
2026.08.17 19:00,2026.08.17 20:00,39N050373639000R,000040300006202862,0.0000,0.0000,,,igen
2026.08.17 19:00,2026.08.17 20:00,39N050373666000O,000052700000887369,0.0000,0.0000,,,nem
2026.08.17 19:00,2026.08.17 20:00,39N050377940000D,000053400002719761,4.0000,3.9152,,,nem
2026.08.17 19:00,2026.08.17 20:00,39N050381165000Y,000000002246000284,0.0000,0.0000,,,nem
2026.08.17 19:00,2026.08.17 20:00,39N050385675000Z,000040400009210687,3.0000,2.9346,,,nem
2026.08.17 19:00,2026.08.17 20:00,39N050405255000Q,000029200020519053,0.0000,0.0000,,,nem
2026.08.17 19:00,2026.08.17 20:00,39N050414007000M,000029900020520529,7.2000,7.0474,,,nem
2026.08.17 19:00,2026.08.17 20:00,39N050414007000M,000040300011213341,0.0000,0.0000,,,nem
2026.08.17 19:00,2026.08.17 20:00,39N050415384000Y,000000002146000548,0.0000,0.0000,,,nem
2026.08.17 19:00,2026.08.17 20:00,39N050415384000Y,000053100004423834,0.0000,0.0000,,,nem
2026.08.17 19:00,2026.08.17 20:00,39N0504237770004,000028400084243416,0.0000,0.0000,,,nem
2026.08.17 19:00,2026.08.17 20:00,39N050433181000O,000000002246000180,0.0000,0.0000,,,nem
2026.08.17 19:00,2026.08.17 20:00,39N050445873000K,000053400002725979,0.0000,0.0000,,,nem
2026.08.17 19:00,2026.08.17 20:00,39N050450493000U,K3SCC0400000594,0.0000,0.0000,,,nem
2026.08.17 19:00,2026.08.17 20:00,39N0504550620004,000052600000887704,0.2000,0.1958,,,nem
2026.08.17 19:00,2026.08.17 20:00,39N050458746000Y,000027100005870754,0.0000,0.0000,,,nem
2026.08.17 19:00,2026.08.17 20:00,39N050458746000Y,000053300004228243,0.0000,0.0000,,,nem
2026.08.17 19:00,2026.08.17 20:00,39N050458746000Y,000053300006548960,0.0000,0.0000,,,nem
2026.08.17 19:00,2026.08.17 20:00,39N0504648650006,000052600000887402,0.0000,0.0000,,,nem
2026.08.17 19:00,2026.08.17 20:00,39N050471715000L,000029200020517911,0.0000,0.0000,,,nem
2026.08.17 19:00,2026.08.17 20:00,39N050483780000G,000027100005870759,0.3000,0.3110,,,nem
2026.08.17 19:00,2026.08.17 20:00,39N050484438000J,000052600000889209,11.4000,11.1515,,,nem
2026.08.17 19:00,2026.08.17 20:00,39N050485100000G,000040400014219743,0.0000,0.0000,,,nem
2026.08.17 19:00,2026.08.17 20:00,39N0504864890005,000053400003287118,0.0000,0.0000,,,nem
2026.08.17 19:00,2026.08.17 20:00,39N050510259000R,000027100005848322,0.0000,0.0000,,,nem
2026.08.17 19:00,2026.08.17 20:00,39N050515515000A,000052700000885935,0.0000,0.0000,,,nem
2026.08.17 19:00,2026.08.17 20:00,39N0505226180003,000011100000109610,2.3000,2.2529,,,nem
2026.08.17 19:00,2026.08.17 20:00,39N0505384670009,000027100005848294,0.0000,0.0000,,,nem
2026.08.17 19:00,2026.08.17 20:00,39N0505387730002,000052600000900177,0.0000,0.0000,,,nem
2026.08.17 19:00,2026.08.17 20:00,39N050548215000H,000053400002719801,14.3000,14.0069,,,nem
2026.08.17 19:00,2026.08.17 20:00,39N050548840000J,K3SC09000000010,1.3000,4.7700,,,nem
2026.08.17 19:00,2026.08.17 20:00,39N050552094000R,000029900020521702,6.7000,6.7791,,,nem
2026.08.17 19:00,2026.08.17 20:00,39N050553222000K,K3SC08000003475,0.5000,1.8600,,,nem
2026.08.17 19:00,2026.08.17 20:00,39N050553661000A,000034800000061526,8.9000,9.5319,,,nem
2026.08.17 19:00,2026.08.17 20:00,39N0505752100002,000052600000887553,0.0000,0.0000,,,nem
2026.08.17 19:00,2026.08.17 20:00,39N050576124000C,000034800000546505,8.4000,8.5294,,,nem
2026.08.17 19:00,2026.08.17 20:00,39N0505779810001,000006202897801013,0.0000,0.0000,,,nem
2026.08.17 19:00,2026.08.17 20:00,39N050583139000X,000053300004078348,0.0000,0.0000,,,nem
2026.08.17 19:00,2026.08.17 20:00,39N0505847100003,000053400002726046,0.0000,0.0000,,,nem
2026.08.17 19:00,2026.08.17 20:00,39N0505992060002,000053400003708023,12.4000,12.1297,,,nem
2026.08.17 19:00,2026.08.17 20:00,39N050603076000J,000051303403563786,0.4000,0.3913,,,nem
2026.08.17 19:00,2026.08.17 20:00,39N050607494000V,000038200077141480,0.0000,0.0000,,,nem
2026.08.17 19:00,2026.08.17 20:00,39N0506230230009,000053400003707928,5.4000,5.2823,,,nem
2026.08.17 19:00,2026.08.17 20:00,39N050626352000P,000034800000072507,12.1000,11.8362,,,nem
2026.08.17 19:00,2026.08.17 20:00,39N050626352000P,000053300002318656,6.7000,6.5539,,,nem
2026.08.17 19:00,2026.08.17 20:00,39N050627784000Z,000001300013013134,0.0000,0.0000,,,nem
2026.08.17 19:00,2026.08.17 20:00,39N050627784000Z,K3SC03402019428,0.0000,0.0000,,,nem
2026.08.17 19:00,2026.08.17 20:00,39N050635744000T,000051303403398549,9.5800,9.7275,,,nem
2026.08.17 19:00,2026.08.17 20:00,39N050636182000C,000040300014219987,0.0000,0.0000,,,nem
2026.08.17 19:00,2026.08.17 20:00,39N050636182000C,000053200006188793,0.0000,0.0000,,,nem
2026.08.17 19:00,2026.08.17 20:00,39N050636182000C,000053300004228213,0.0000,0.0000,,,nem
2026.08.17 19:00,2026.08.17 20:00,39N050642904000H,000053400002719822,7.3000,7.3861,,,nem
2026.08.17 19:00,2026.08.17 20:00,39N0506488920006,000038200077159774,21.6000,21.8549,,,igen
2026.08.17 19:00,2026.08.17 20:00,39N050655561000S,000027000005848448,0.0000,0.0000,,,nem
2026.08.17 19:00,2026.08.17 20:00,39N050655561000S,000027000005950344,0.0000,0.0000,,,nem
2026.08.17 19:00,2026.08.17 20:00,39N050655561000S,000040200008208469,0.0000,0.0000,,,nem
2026.08.17 19:00,2026.08.17 20:00,39N050673657000W,000029900020524037,6.6000,6.4561,,,igen
2026.08.17 19:00,2026.08.17 20:00,39N050690260000L,000051303403663324,6.6000,6.4647,,,nem
2026.08.17 19:00,2026.08.17 20:00,39N050708788000F,000027000005921259,7.7000,7.4736,,,nem
2026.08.17 19:00,2026.08.17 20:00,39N050720770000X,000040400012214791,0.0000,0.0000,,,nem
2026.08.17 19:00,2026.08.17 20:00,39N050740233000M,000052700000900251,0.0000,0.0000,,,nem
2026.08.17 19:00,2026.08.17 20:00,39N050744134000T,000052600000888120,9.3000,9.0973,,,nem
2026.08.17 19:00,2026.08.17 20:00,39N0507451030007,000000002246000087,0.0000,0.0000,,,nem
2026.08.17 19:00,2026.08.17 20:00,39N0507495580003,000000002246000226,0.0000,0.0000,,,nem
2026.08.17 19:00,2026.08.17 20:00,39N050750365000F,000044500028323170,0.0100,0.0102,,,nem
2026.08.17 19:00,2026.08.17 20:00,39N050750365000F,K3SC08000011520,0.0000,0.0000,,,nem
2026.08.17 19:00,2026.08.17 20:00,39N050750873000L,K02000018L29990,0.0000,0.0000,,,nem
2026.08.17 19:00,2026.08.17 20:00,39N050753398000W,000008800043780262,0.0000,0.0000,,,nem
2026.08.17 19:00,2026.08.17 20:00,39N050753398000W,000027000005848440,0.0000,0.0000,,,igen
2026.08.17 19:00,2026.08.17 20:00,39N050753398000W,000027000005950363,0.5000,0.4898,,,nem
2026.08.17 19:00,2026.08.17 20:00,39N050753398000W,000028700084243194,0.1000,0.0980,,,nem
2026.08.17 19:00,2026.08.17 20:00,39N050753839000S,000040300014219478,0.0000,0.0000,,,nem
2026.08.17 19:00,2026.08.17 20:00,39N050753876000J,000027000005848396,0.0000,0.0000,,,nem
2026.08.17 19:00,2026.08.17 20:00,39N050753876000J,000051303403563777,0.0000,0.0000,,,nem
2026.08.17 19:00,2026.08.17 20:00,39N050753876000J,000053300002728766,0.0000,0.0000,,,nem
2026.08.17 19:00,2026.08.17 20:00,39N050754012000C,K3SC03402019415,0.0000,0.0000,,,nem
2026.08.17 19:00,2026.08.17 20:00,39N050754015000Y,000027100005870748,0.0000,0.0000,,,nem
2026.08.17 19:00,2026.08.17 20:00,39N050754015000Y,K3SC03400984912,0.0000,0.0000,,,nem
2026.08.17 19:00,2026.08.17 20:00,39N050754578000M,000027100005848567,0.0000,0.0000,,,nem
2026.08.17 19:00,2026.08.17 20:00,39N050754578000M,000053300004228283,0.0000,0.0000,,,nem
2026.08.17 19:00,2026.08.17 20:00,39N050754578000M,000053400003290776,0.0000,0.0000,,,nem
2026.08.17 19:00,2026.08.17 20:00,39N050754716000H,000040300006200780,0.0000,0.0000,,,nem
2026.08.17 19:00,2026.08.17 20:00,39N050754716000H,K3SC04000000943,0.0000,0.0000,,,nem
2026.08.17 19:00,2026.08.17 20:00,39N050755929000B,SC07000007591,0.0000,0.0000,,,nem
2026.08.17 19:00,2026.08.17 20:00,39N050755997000G,000000002246000049,0.0000,0.0000,,,nem
2026.08.17 19:00,2026.08.17 20:00,39N050755997000G,000003500035198891,0.1000,0.0980,,,nem
2026.08.17 19:00,2026.08.17 20:00,39N0507569640004,000029200020511689,0.0000,0.0000,,,nem
2026.08.17 19:00,2026.08.17 20:00,39N050756996000D,K3SC08000006659,0.0000,0.0000,,,nem
2026.08.17 19:00,2026.08.17 20:00,39N050757163000K,K3SC08000005254,0.0000,0.0000,,,nem
2026.08.17 19:00,2026.08.17 20:00,39N050757415000J,000053400003290785,0.0000,0.0000,,,nem
2026.08.17 19:00,2026.08.17 20:00,39N050757415000J,K3SC09000000237,0.0000,0.0000,,,nem
2026.08.17 19:00,2026.08.17 20:00,39N050757439000O,000001300013505669,0.0000,0.0000,,,nem
2026.08.17 19:00,2026.08.17 20:00,39N050757439000O,000040300012216291,0.0000,0.0000,,,nem
2026.08.17 19:00,2026.08.17 20:00,39N050757439000O,000044500037979231,0.0000,0.0000,,,nem
2026.08.17 19:00,2026.08.17 20:00,39N050757439000O,K3SC08000002229,0.0000,0.0000,,,nem
2026.08.17 19:00,2026.08.17 20:00,39N050757450000K,000053400002719733,1.6000,1.9098,,,nem
2026.08.17 19:00,2026.08.17 20:00,39N050757450000K,K3SC03401169913,0.0000,0.0000,,,nem
2026.08.17 19:00,2026.08.17 20:00,39N050757472000Z,000000002246000059,0.0000,0.0000,,,nem
2026.08.17 19:00,2026.08.17 20:00,39N050757472000Z,000053400002719783,0.0000,0.0000,,,nem
2026.08.17 19:00,2026.08.17 20:00,39N050758923000H,000027900020522241,0.0000,0.0000,,,nem
2026.08.17 19:00,2026.08.17 20:00,39N050759606000R,K02202146000564,0.0000,0.0000,,,nem
2026.08.17 19:00,2026.08.17 20:00,39N0507599930004,000002800024149874,0.0000,0.0000,,,nem
2026.08.17 19:00,2026.08.17 20:00,39N0507599930004,SC07000001919,0.0000,0.0000,,,nem
2026.08.17 19:00,2026.08.17 20:00,39N050760458000R,000000002246000162,0.0000,0.0000,,,nem
2026.08.17 19:00,2026.08.17 20:00,39N050760458000R,000001300016230255,0.0100,0.0102,,,nem
2026.08.17 19:00,2026.08.17 20:00,39N050760709000V,K3SC03401061094,11.7000,78.6200,,,nem
2026.08.17 19:00,2026.08.17 20:00,39N050762038000E,K02202246000183,0.0000,0.0000,,,nem
2026.08.17 19:00,2026.08.17 20:00,39N050762094000Z,000033300005960005,0.0000,0.0000,,,nem
2026.08.17 19:00,2026.08.17 20:00,39N050762094000Z,K3SC03400723975,0.0000,0.0000,,,nem
2026.08.17 19:00,2026.08.17 20:00,39N050764763000U,000012000075117793,0.0000,0.0000,,,nem
2026.08.17 19:00,2026.08.17 20:00,39N050764763000U,000053100006730746,0.0000,0.0000,,,nem
2026.08.17 19:00,2026.08.17 20:00,39N050764763000U,K3SC09000000002,0.0000,0.0000,,,nem
2026.08.17 19:00,2026.08.17 20:00,39N050764779000V,000052100004064528,0.0000,0.0000,,,nem
2026.08.17 19:00,2026.08.17 20:00,39N050764779000V,K3SC03402019421,0.0000,0.0000,,,nem
2026.08.17 19:00,2026.08.17 20:00,39N050765037000W,K02000017L29370,4.0000,4.0000,,,nem
2026.08.17 19:00,2026.08.17 20:00,39N0507679070008,000000002146000466,0.0000,0.0000,,,nem
2026.08.17 19:00,2026.08.17 20:00,39N0507679070008,000040300007204577,0.0000,0.0000,,,nem
2026.08.17 19:00,2026.08.17 20:00,39N0507679070008,000040300014219638,0.0000,0.0000,,,nem
2026.08.17 19:00,2026.08.17 20:00,39N0507679070008,000053100004211708,0.0000,0.0000,,,nem
2026.08.17 19:00,2026.08.17 20:00,39N0507679070008,000053300004078695,0.0000,0.0000,,,nem
2026.08.17 19:00,2026.08.17 20:00,39N0507679070008,SC07000001932,0.0000,0.0000,,,nem
2026.08.17 19:00,2026.08.17 20:00,39N0507693140006,000000002246000115,0.0000,0.0000,,,nem
2026.08.17 19:00,2026.08.17 20:00,39N0507705100001,000029900020514285,0.0000,0.0000,,,nem
2026.08.17 19:00,2026.08.17 20:00,39N0507705100001,000051303403563760,0.0000,0.0000,,,nem
2026.08.17 19:00,2026.08.17 20:00,39N0507705100001,000052700000899611,0.0000,0.0000,,,nem
2026.08.17 19:00,2026.08.17 20:00,39N0507705100001,K3SC07000001924,0.0000,0.0000,,,nem
2026.08.17 19:00,2026.08.17 20:00,39N050771852000C,K3SC07000001832,0.0000,0.0000,,,nem
2026.08.17 19:00,2026.08.17 20:00,39N0507730720003,000053300004228387,0.0000,0.0000,,,nem
2026.08.17 19:00,2026.08.17 20:00,39N050773615000J,K3SC34000505359,0.0000,0.0000,,,nem
2026.08.17 19:00,2026.08.17 20:00,39N050773622000S,000053300004228493,0.0000,0.0000,,,nem
2026.08.17 19:00,2026.08.17 20:00,39N050773622000S,K3SC09000000250,0.0000,0.0000,,,nem
2026.08.17 19:00,2026.08.17 20:00,39N050773882000F,K3SC03402019413,0.0000,0.0000,,,nem
2026.08.17 19:00,2026.08.17 20:00,39N0507741940003,K02000018L29724,0.0000,0.0000,,,nem
2026.08.17 19:00,2026.08.17 20:00,39N050774244000Q,000044700031395811,0.0000,0.0000,,,nem
2026.08.17 19:00,2026.08.17 20:00,39N050774244000Q,K3SC03400699635,11.4000,42.8300,,,nem
2026.08.17 19:00,2026.08.17 20:00,39N0507742750003,000027900020519928,0.0000,0.0000,,,nem
2026.08.17 19:00,2026.08.17 20:00,39N050775645000M,000008800045007665,0.0000,0.0000,,,nem
2026.08.17 19:00,2026.08.17 20:00,39N050775645000M,000027900020502769,0.0000,0.0000,,,nem
2026.08.17 19:00,2026.08.17 20:00,39N050776264000Z,000027100005870779,0.0000,0.0000,,,nem
2026.08.17 19:00,2026.08.17 20:00,39N050776439000E,000001300023106173,0.0000,0.0000,,,nem
2026.08.17 19:00,2026.08.17 20:00,39N050776439000E,SC07000006370,0.0000,0.0000,,,nem
2026.08.17 19:00,2026.08.17 20:00,39N050776462000V,K02000017L29063,0.0000,0.0000,,,nem
2026.08.17 19:00,2026.08.17 20:00,39N0507772080006,000000002246000073,0.0000,0.0000,,,nem
2026.08.17 19:00,2026.08.17 20:00,39N050777442000Z,000002600043780817,0.0000,0.0000,,,nem
2026.08.17 19:00,2026.08.17 20:00,39N050777442000Z,K02000017L29055,1.0000,2.0000,,,nem
2026.08.17 19:00,2026.08.17 20:00,39N050777442000Z,K02202146000484,0.0000,0.0000,,,nem
2026.08.17 19:00,2026.08.17 20:00,39N050777482000B,000000002246000043,0.0000,0.0000,,,nem
2026.08.17 19:00,2026.08.17 20:00,39N050792697000P,000027000005848410,0.0000,0.0000,,,nem
2026.08.17 19:00,2026.08.17 20:00,39N050793035000V,000035500084243061,1.2000,1.2190,,,nem
2026.08.17 19:00,2026.08.17 20:00,39N050793035000V,000035500084243063,0.0000,0.0000,,,igen
2026.08.17 19:00,2026.08.17 20:00,39N0507981050002,000029200020524061,0.0000,0.0000,,,nem
2026.08.17 19:00,2026.08.17 20:00,39N050813036000E,000027100005897973,1.2000,1.1746,,,nem
2026.08.17 19:00,2026.08.17 20:00,39N050814444000J,000053300003306760,0.0000,0.0000,,,nem
2026.08.17 19:00,2026.08.17 20:00,39N050816644000Q,000052600000899462,0.0000,0.0000,,,nem
2026.08.17 19:00,2026.08.17 20:00,39N0508179760006,SC10000001096,1.2300,4.1800,,,nem
2026.08.17 19:00,2026.08.17 20:00,39N050818676000J,000040400014219207,0.0000,0.0000,,,nem
2026.08.17 19:00,2026.08.17 20:00,39N050820134000W,000053100004211197,0.0400,0.0406,,,nem
2026.08.17 19:00,2026.08.17 20:00,39N050820134000W,K3SC03402019414,0.0000,0.0000,,,nem
2026.08.17 19:00,2026.08.17 20:00,39N050820458000G,000052700000885406,19.6000,20.3017,,,nem
2026.08.17 19:00,2026.08.17 20:00,39N050822345000S,000052600000884385,1.8000,1.7314,,,nem
2026.08.17 19:00,2026.08.17 20:00,39N0508227020002,K3SC03401147239,0.0000,0.0000,,,nem
2026.08.17 19:00,2026.08.17 20:00,39N050831052000K,K3SC03401169907,0.0000,0.0000,,,nem
2026.08.17 19:00,2026.08.17 20:00,39N050831052000K,K3SC07000006344,0.0000,0.0000,,,nem
2026.08.17 19:00,2026.08.17 20:00,39N050831214000K,K3SC08000001061,0.0000,0.0000,,,nem
2026.08.17 19:00,2026.08.17 20:00,39N050831732000K,000000002246000171,0.0000,0.0000,,,nem
2026.08.17 19:00,2026.08.17 20:00,39N050831732000K,000000002246000297,0.0000,0.0000,,,nem
2026.08.17 19:00,2026.08.17 20:00,39N050832564000Z,K3SC08000002241,0.0000,0.0000,,,nem
2026.08.17 19:00,2026.08.17 20:00,39N050833827000F,K3SC03400699729,0.0000,0.0000,,,nem
2026.08.17 19:00,2026.08.17 20:00,39N050836149000I,K3SC03401414828,0.0000,0.0000,,,nem
2026.08.17 19:00,2026.08.17 20:00,39N050836830000K,000000003403233014,0.0000,0.0000,,,nem
2026.08.17 19:00,2026.08.17 20:00,39N050836979000I,000053400003290796,0.0000,0.0000,,,nem
2026.08.17 19:00,2026.08.17 20:00,39N0508398450002,K3SC08000002237,0.0000,0.0000,,,nem
2026.08.17 19:00,2026.08.17 20:00,39N050841968000N,SC11000000589,0.0000,0.0000,,,nem
2026.08.17 19:00,2026.08.17 20:00,39N050843706000U,000053300004078513,0.0000,0.0000,,,nem
2026.08.17 19:00,2026.08.17 20:00,39N050844930000K,000052600000914889,0.2000,0.1959,,,nem
2026.08.17 19:00,2026.08.17 20:00,39N050847541000D,K3SC09000000240,0.0000,0.0000,,,nem
2026.08.17 19:00,2026.08.17 20:00,39N050847787000J,000034800000031563,0.0000,0.0000,,,nem
2026.08.17 19:00,2026.08.17 20:00,39N0508480240000,000052700000909509,0.0000,0.0000,,,nem
2026.08.17 19:00,2026.08.17 20:00,39N050848355000U,000040300012215942,0.0000,0.0000,,,nem
2026.08.17 19:00,2026.08.17 20:00,39N0508490730004,000051303403563818,17.6000,17.2269,,,nem
2026.08.17 19:00,2026.08.17 20:00,39N050849323000D,K3SC04000000054,3.6000,13.7500,,,nem
2026.08.17 19:00,2026.08.17 20:00,39N050851794000U,K3SC07000006360,0.0000,0.0000,,,nem
2026.08.17 19:00,2026.08.17 20:00,39N050861247000Y,K3SC09000003821,0.0000,0.0000,,,nem
2026.08.17 19:00,2026.08.17 20:00,39N050866001000P,000000002246000036,0.0790,0.5260,,,nem
2026.08.17 19:00,2026.08.17 20:00,39N050875710000B,K3SC11000000578,0.0000,0.0000,,,nem
2026.08.17 19:00,2026.08.17 20:00,39N0508759240008,K3SC03401061101,0.0000,0.0000,,,nem
2026.08.17 19:00,2026.08.17 20:00,39N0508788210006,000053300004078461,0.0000,0.0000,,,nem
2026.08.17 19:00,2026.08.17 20:00,39N050879364000V,K02000016L28058,0.0000,0.0000,,,nem
2026.08.17 19:00,2026.08.17 20:00,39N0508813320003,000029900020519902,0.0000,0.0000,,,nem
2026.08.17 19:00,2026.08.17 20:00,39N050882973000Z,000040300009900172,0.0000,0.0000,,,nem
2026.08.17 19:00,2026.08.17 20:00,39N050890535000A,000000002146000441,0.0000,0.0000,,,nem
2026.08.17 19:00,2026.08.17 20:00,39N0508949570002,000027100005897971,0.0000,0.0000,,,nem
2026.08.17 19:00,2026.08.17 20:00,39N050896400000C,K3SC03400574253,0.0000,0.0000,,,nem
2026.08.17 19:00,2026.08.17 20:00,39N050896796000I,000027700001184418,0.0000,0.0000,,,nem
2026.08.17 19:00,2026.08.17 20:00,39N050898846000P,K3SC03400699737,0.0000,0.0000,,,nem
2026.08.17 19:00,2026.08.17 20:00,39N050913091000U,000027100005848490,0.4000,0.4039,,,nem
2026.08.17 19:00,2026.08.17 20:00,39N050915973000R,K3SC08000002025,0.0000,0.0000,,,nem
2026.08.17 19:00,2026.08.17 20:00,39N050916593000Z,K3SC03401169915,24.9000,91.3600,,,nem
2026.08.17 20:00,2026.08.17 21:00,39N0500091210005,000038200077158060,0.0000,0.0000,,,nem
2026.08.17 20:00,2026.08.17 21:00,39N050022609000H,000053300003307178,0.6000,0.6071,,,nem
2026.08.17 20:00,2026.08.17 21:00,39N050029731000D,000052600000914866,0.0000,0.0000,,,nem
2026.08.17 20:00,2026.08.17 21:00,39N050031988000Q,000052600000899454,0.0000,0.0000,,,nem
2026.08.17 20:00,2026.08.17 21:00,39N050032468000S,000052700000899362,0.0000,0.0000,,,nem
2026.08.17 20:00,2026.08.17 21:00,39N050033836000K,000027100005848245,0.0000,0.0000,,,nem
2026.08.17 20:00,2026.08.17 21:00,39N050034412000Z,000002600043780756,0.0000,0.0000,,,nem
2026.08.17 20:00,2026.08.17 21:00,39N050034412000Z,000052700000885403,2.8000,2.7406,,,nem
2026.08.17 20:00,2026.08.17 21:00,39N0500344350008,000046700000888615,0.0000,0.0000,,,nem
2026.08.17 20:00,2026.08.17 21:00,39N050034459000D,000040400014219775,0.0000,0.0000,,,nem
2026.08.17 20:00,2026.08.17 21:00,39N050042294000Z,000040400008209973,0.0000,0.0000,,,nem
2026.08.17 20:00,2026.08.17 21:00,39N050044030000F,000027000035197562,0.0000,0.0000,,,nem
2026.08.17 20:00,2026.08.17 21:00,39N050052498000T,SC05000004104,0.0000,0.0000,,,nem
2026.08.17 20:00,2026.08.17 21:00,39N050053842000G,K3SC03401169905,0.0000,0.0000,,,nem
2026.08.17 20:00,2026.08.17 21:00,39N0500617550009,000044500034101914,0.0000,0.0000,,,nem
2026.08.17 20:00,2026.08.17 21:00,39N0500617550009,K3SC03400699700,0.0000,0.0000,,,nem
2026.08.17 20:00,2026.08.17 21:00,39N050066949000F,000053400003290721,0.0000,0.0000,,,nem
2026.08.17 20:00,2026.08.17 21:00,39N050068660000G,000035500084243026,0.0000,0.0000,,,nem
2026.08.17 20:00,2026.08.17 21:00,39N050068660000G,000035500084243027,0.1000,0.1007,,,nem
2026.08.17 20:00,2026.08.17 21:00,39N050071512000G,000051303403398537,0.0000,0.0000,,,nem
2026.08.17 20:00,2026.08.17 21:00,39N050073737000N,000040400006201455,0.0000,0.0000,,,nem
2026.08.17 20:00,2026.08.17 21:00,39N050073762000U,000053400004078277,0.0000,0.0000,,,nem
2026.08.17 20:00,2026.08.17 21:00,39N050075194000S,000029200020524049,17.2000,17.5182,,,nem
2026.08.17 20:00,2026.08.17 21:00,39N0500755940000,000027000005950284,0.0000,0.0000,,,nem
2026.08.17 20:00,2026.08.17 21:00,39N0500755940000,000052600000886571,0.0000,0.0000,,,nem
2026.08.17 20:00,2026.08.17 21:00,39N050076850000F,000006201754704050,6.8000,6.6926,,,nem
2026.08.17 20:00,2026.08.17 21:00,39N050076850000F,000040300006201137,0.8000,0.7836,,,nem
2026.08.17 20:00,2026.08.17 21:00,39N050081322000F,000053400003290798,6.8000,6.8476,,,nem
2026.08.17 20:00,2026.08.17 21:00,39N050083908000D,000006202897801002,0.0000,0.0000,,,nem
2026.08.17 20:00,2026.08.17 21:00,39N050083908000D,000040300011213334,0.0000,0.0000,,,nem
2026.08.17 20:00,2026.08.17 21:00,39N050089206000O,000006203403563919,2.8000,2.8190,,,igen
2026.08.17 20:00,2026.08.17 21:00,39N050089206000O,000028700084091487,0.0000,0.0000,,,nem
2026.08.17 20:00,2026.08.17 21:00,39N050089342000D,000015608267713002,0.0000,0.0000,,,nem
2026.08.17 20:00,2026.08.17 21:00,39N050094459000X,000040400006201425,0.0000,0.0000,,,nem
2026.08.17 20:00,2026.08.17 21:00,39N050094490000H,000027100005894204,8.6000,8.3067,,,nem
2026.08.17 20:00,2026.08.17 21:00,39N050106941000P,000027100005848507,0.0000,0.0000,,,nem
2026.08.17 20:00,2026.08.17 21:00,39N0501191590002,000029200020517908,2.6000,2.5878,,,nem
2026.08.17 20:00,2026.08.17 21:00,39N050132558000H,000040400007204469,0.0000,0.0000,,,nem
2026.08.17 20:00,2026.08.17 21:00,39N050137387000F,000052600000900202,8.1000,7.9283,,,nem
2026.08.17 20:00,2026.08.17 21:00,39N050145410000I,000027100005848241,0.2000,0.1958,,,nem
2026.08.17 20:00,2026.08.17 21:00,39N050146207000W,000052700000899364,1.1000,1.1174,,,nem
2026.08.17 20:00,2026.08.17 21:00,39N050153206000F,K3SC06000007800,0.0000,0.0000,,,nem
2026.08.17 20:00,2026.08.17 21:00,39N0501601470008,000040300008206765,0.0000,0.0000,,,igen
2026.08.17 20:00,2026.08.17 21:00,39N0501601470008,000040300014219822,0.0000,0.0000,,,igen
2026.08.17 20:00,2026.08.17 21:00,39N050160341000O,000052700000899034,0.1000,0.1015,,,igen
2026.08.17 20:00,2026.08.17 21:00,39N0501618590009,000053400002726045,7.2000,7.0474,,,nem
2026.08.17 20:00,2026.08.17 21:00,39N050168020000Z,L01A625,0.0000,0.0000,,,nem
2026.08.17 20:00,2026.08.17 21:00,39N050176728000R,000040300012214339,0.0000,0.0000,,,nem
2026.08.17 20:00,2026.08.17 21:00,39N050176728000R,000053300003348438,0.0000,0.0000,,,nem
2026.08.17 20:00,2026.08.17 21:00,39N050177032000I,000053400003290719,0.0000,0.0000,,,nem
2026.08.17 20:00,2026.08.17 21:00,39N0501770340008,000053400002725990,1.3000,1.3105,,,nem
2026.08.17 20:00,2026.08.17 21:00,39N050180150000J,000000002246000217,0.2960,0.2910,,,nem
2026.08.17 20:00,2026.08.17 21:00,39N050197735000A,000053400003290744,8.7000,8.7592,,,nem
2026.08.17 20:00,2026.08.17 21:00,39N0502000520004,000029900020519904,0.0000,0.0000,,,nem
2026.08.17 20:00,2026.08.17 21:00,39N0502000520004,000053400003290731,0.0000,0.0000,,,nem
2026.08.17 20:00,2026.08.17 21:00,39N050207087000G,000033300005960021,0.0000,0.0000,,,nem
2026.08.17 20:00,2026.08.17 21:00,39N050207887000Y,000011100000109615,0.0000,0.0000,,,nem
2026.08.17 20:00,2026.08.17 21:00,39N050208125000A,000028700084091484,0.0000,0.0000,,,nem
2026.08.17 20:00,2026.08.17 21:00,39N050208128000W,000052600000896583,0.0000,0.0000,,,nem
2026.08.17 20:00,2026.08.17 21:00,39N050208164000S,000000002246000198,7.0000,7.3280,,,nem
2026.08.17 20:00,2026.08.17 21:00,39N050209187000U,000027000005926405,0.0000,0.0000,,,nem
2026.08.17 20:00,2026.08.17 21:00,39N0502109170005,000053400003708002,0.0000,0.0000,,,nem
2026.08.17 20:00,2026.08.17 21:00,39N0502109620000,000027100005894243,0.0000,0.0000,,,nem
2026.08.17 20:00,2026.08.17 21:00,39N050212788000U,000053600000897292,0.0000,0.0000,,,nem
2026.08.17 20:00,2026.08.17 21:00,39N050213910000G,000027100005898038,0.0000,0.0000,,,nem
2026.08.17 20:00,2026.08.17 21:00,39N050214190000G,K3SC03400699752,0.4700,1.6300,,,nem
2026.08.17 20:00,2026.08.17 21:00,39N050214638000E,K02000017L28861,0.0000,0.0000,,,nem
2026.08.17 20:00,2026.08.17 21:00,39N050214647000D,K3SC06000003455,0.0000,0.0000,,,nem
2026.08.17 20:00,2026.08.17 21:00,39N050214652000W,000008800043449669,0.8200,0.8257,,,nem
2026.08.17 20:00,2026.08.17 21:00,39N050214652000W,000027000005894200,0.0000,0.0000,,,nem
2026.08.17 20:00,2026.08.17 21:00,39N050214652000W,K3SC08000002012,0.0000,0.0000,,,nem
2026.08.17 20:00,2026.08.17 21:00,39N050214655000H,K3SC09000000230,0.1000,0.5700,,,nem
2026.08.17 20:00,2026.08.17 21:00,39N050214668000X,000000002246000235,0.0000,0.0000,,,nem
2026.08.17 20:00,2026.08.17 21:00,39N050214674000A,K3SC07000007598,0.0000,0.0000,,,nem
2026.08.17 20:00,2026.08.17 21:00,39N050214697000K,K3SC07000006334,0.0000,0.0000,,,nem
2026.08.17 20:00,2026.08.17 21:00,39N050214912000Z,K3SC07000001923,0.0000,0.0000,,,nem
2026.08.17 20:00,2026.08.17 21:00,39N050214941000M,EP07883,0.0000,0.0000,,,nem
2026.08.17 20:00,2026.08.17 21:00,39N050215930000P,K3SC06000002907,0.0000,0.0000,,,nem
2026.08.17 20:00,2026.08.17 21:00,39N050215938000M,K02000017L29066,0.0000,0.0000,,,nem
2026.08.17 20:00,2026.08.17 21:00,39N0502159430004,K3SC07000001954,0.0000,0.0000,,,nem
2026.08.17 20:00,2026.08.17 21:00,39N050215958000A,000000002246000117,0.0000,0.0000,,,nem
2026.08.17 20:00,2026.08.17 21:00,39N050215958000A,K02000017L29366,0.0000,0.0000,,,nem
2026.08.17 20:00,2026.08.17 21:00,39N050215987000Y,000040300012214341,0.0000,0.0000,,,nem
2026.08.17 20:00,2026.08.17 21:00,39N050215987000Y,K3SC04000000062,0.1000,0.2800,,,nem
2026.08.17 20:00,2026.08.17 21:00,39N050215987000Y,K3SC07000002663,0.0000,0.0000,,,nem
2026.08.17 20:00,2026.08.17 21:00,39N050215990000Q,000000002146000419,0.0000,0.0000,,,nem
2026.08.17 20:00,2026.08.17 21:00,39N050215990000Q,000000002246000261,0.0630,0.0610,,,nem
2026.08.17 20:00,2026.08.17 21:00,39N050215996000X,000000002246000205,0.0000,0.0000,,,nem
2026.08.17 20:00,2026.08.17 21:00,39N050215996000X,000044600000607648,0.0000,0.0000,,,nem
2026.08.17 20:00,2026.08.17 21:00,39N050215996000X,000044600000614795,0.0000,0.0000,,,nem
2026.08.17 20:00,2026.08.17 21:00,39N050216000000O,K3SC08000006643,0.0000,0.0000,,,nem
2026.08.17 20:00,2026.08.17 21:00,39N050216189000Z,K3SC09000000005,0.0000,0.0000,,,nem
2026.08.17 20:00,2026.08.17 21:00,39N050216319000Q,K3SC04000000788,0.0000,0.0000,,,nem
2026.08.17 20:00,2026.08.17 21:00,39N050217344000P,SC06000007846,7.0000,13.2700,,,nem
2026.08.17 20:00,2026.08.17 21:00,39N050217514000T,000000002246000191,11.1070,11.6560,,,nem
2026.08.17 20:00,2026.08.17 21:00,39N050217594000I,K02000017L28855,0.0000,0.0000,,,nem
2026.08.17 20:00,2026.08.17 21:00,39N0502177240009,000006209160519002,0.7000,0.7049,,,igen
2026.08.17 20:00,2026.08.17 21:00,39N0502177240009,000027700001201786,0.0000,0.0000,,,nem
2026.08.17 20:00,2026.08.17 21:00,39N0502177240009,K3SC08000001999,0.0000,0.0000,,,nem
2026.08.17 20:00,2026.08.17 21:00,39N0502177250004,000000002146000444,0.0000,0.0000,,,nem
2026.08.17 20:00,2026.08.17 21:00,39N0502177250004,000053200002511869,0.0000,0.0000,,,nem
2026.08.17 20:00,2026.08.17 21:00,39N050218554000Y,K02202146000431,0.0000,0.0000,,,nem
2026.08.17 20:00,2026.08.17 21:00,39N050218563000X,000000000001084616,0.0000,0.0000,,,nem
2026.08.17 20:00,2026.08.17 21:00,39N050218588000X,K3SC08000009353,0.0000,0.0000,,,nem
2026.08.17 20:00,2026.08.17 21:00,39N050218591000P,000008800043780320,0.0000,0.0000,,,nem
2026.08.17 20:00,2026.08.17 21:00,39N050218591000P,K02202146000387,0.0000,0.0000,,,nem
2026.08.17 20:00,2026.08.17 21:00,39N0502185960000,000045500001090171,0.0000,0.0000,,,nem
2026.08.17 20:00,2026.08.17 21:00,39N0502186000003,000000002246000034,0.0000,0.0000,,,nem
2026.08.17 20:00,2026.08.17 21:00,39N0502186000003,000044500026294967,0.3100,0.3104,,,nem
2026.08.17 20:00,2026.08.17 21:00,39N050218709000P,000000002146000433,0.0000,0.0000,,,nem
2026.08.17 20:00,2026.08.17 21:00,39N050218709000P,000027000005871862,0.0000,0.0000,,,nem
2026.08.17 20:00,2026.08.17 21:00,39N050219101000P,000053100006284304,0.0000,0.0000,,,nem
2026.08.17 20:00,2026.08.17 21:00,39N050219101000P,K11702446102256,0.0000,0.0000,,,nem
2026.08.17 20:00,2026.08.17 21:00,39N050219111000J,000053100006086023,0.0000,0.0000,,,nem
2026.08.17 20:00,2026.08.17 21:00,39N050219111000J,K3SC08000002002,0.0000,0.0000,,,nem
2026.08.17 20:00,2026.08.17 21:00,39N0502191220008,000000002146000405,0.0000,0.0000,,,nem
2026.08.17 20:00,2026.08.17 21:00,39N050219127000K,K02000018L30060,0.0000,0.0000,,,nem
2026.08.17 20:00,2026.08.17 21:00,39N050219144000N,K3SC07000001933,4.4000,4.2700,,,nem
2026.08.17 20:00,2026.08.17 21:00,39N050222615000B,K3SC08000002009,0.0000,0.0000,,,nem
2026.08.17 20:00,2026.08.17 21:00,39N050224132000X,000052600000885006,0.0000,0.0000,,,nem
2026.08.17 20:00,2026.08.17 21:00,39N050225228000V,000052600000887973,0.0000,0.0000,,,nem
2026.08.17 20:00,2026.08.17 21:00,39N050225361000Z,000028700084243212,0.0000,0.0000,,,nem
2026.08.17 20:00,2026.08.17 21:00,39N050225592000Z,K02000018L29674,0.0000,0.0000,,,nem
2026.08.17 20:00,2026.08.17 21:00,39N0502258590003,000053400004078297,5.8000,5.5790,,,nem
2026.08.17 20:00,2026.08.17 21:00,39N0502320940001,000053400002726024,0.0000,0.0000,,,nem
2026.08.17 20:00,2026.08.17 21:00,39N050233268000E,000040300013218204,0.0000,0.0000,,,nem
2026.08.17 20:00,2026.08.17 21:00,39N050233872000X,K3SC09000003822,0.0000,0.0000,,,nem
2026.08.17 20:00,2026.08.17 21:00,39N050235722000H,000000002246000065,0.0160,0.0610,,,nem
2026.08.17 20:00,2026.08.17 21:00,39N050235781000N,000000000000071480,0.0000,0.0000,,,nem
2026.08.17 20:00,2026.08.17 21:00,39N050236245000H,000006209160513005,0.7000,0.6733,,,nem
2026.08.17 20:00,2026.08.17 21:00,39N0502362660000,000027900020508134,3.0000,3.0297,,,nem
2026.08.17 20:00,2026.08.17 21:00,39N0502362660000,000040300011213597,0.0000,0.0000,,,nem
2026.08.17 20:00,2026.08.17 21:00,39N0502477110003,000052700000884957,0.6000,0.5771,,,nem
2026.08.17 20:00,2026.08.17 21:00,39N0502510990003,000019900016977384,6.5000,6.5514,,,nem
2026.08.17 20:00,2026.08.17 21:00,39N050251837000U,000040300007204770,0.0000,0.0000,,,nem
2026.08.17 20:00,2026.08.17 21:00,39N050252043000I,000027100005898029,0.0000,0.0000,,,nem
2026.08.17 20:00,2026.08.17 21:00,39N050252204000N,000006203229509031,2.2000,2.2717,,,nem
2026.08.17 20:00,2026.08.17 21:00,39N050253671000Y,000053400003708027,0.0000,0.0000,,,nem
2026.08.17 20:00,2026.08.17 21:00,39N050254055000N,000028700084243189,0.0000,0.0000,,,nem
2026.08.17 20:00,2026.08.17 21:00,39N0502542550009,000006203403563870,0.3000,0.2939,,,nem
2026.08.17 20:00,2026.08.17 21:00,39N050258835000L,000019900017022057,10.3000,10.5709,,,nem
2026.08.17 20:00,2026.08.17 21:00,39N050261616000F,000027100005848476,0.0000,0.0000,,,nem
2026.08.17 20:00,2026.08.17 21:00,39N050269363000V,000052700000884401,0.0000,0.0000,,,nem
2026.08.17 20:00,2026.08.17 21:00,39N050316475000U,000003300035201642,0.0000,0.0000,,,nem
2026.08.17 20:00,2026.08.17 21:00,39N050316475000U,000027000005848437,0.0000,0.0000,,,nem
2026.08.17 20:00,2026.08.17 21:00,39N0503424040008,000027100005870727,0.1000,0.0978,,,nem
2026.08.17 20:00,2026.08.17 21:00,39N0503439790009,000029200020502760,0.0000,0.0000,,,nem
2026.08.17 20:00,2026.08.17 21:00,39N050369436000H,000052700000889661,0.0000,0.0000,,,nem
2026.08.17 20:00,2026.08.17 21:00,39N050373639000R,000040300006202862,0.0000,0.0000,,,igen
2026.08.17 20:00,2026.08.17 21:00,39N050373666000O,000052700000887369,0.0000,0.0000,,,nem
2026.08.17 20:00,2026.08.17 21:00,39N050377940000D,000053400002719761,9.1000,8.9071,,,nem
2026.08.17 20:00,2026.08.17 21:00,39N050381165000Y,000000002246000284,0.0000,0.0000,,,nem
2026.08.17 20:00,2026.08.17 21:00,39N050385675000Z,000040400009210687,4.5000,4.4019,,,nem
2026.08.17 20:00,2026.08.17 21:00,39N050405255000Q,000029200020519053,0.0000,0.0000,,,nem
2026.08.17 20:00,2026.08.17 21:00,39N050414007000M,000029900020520529,5.0000,4.8940,,,nem
2026.08.17 20:00,2026.08.17 21:00,39N050414007000M,000040300011213341,0.0000,0.0000,,,nem
2026.08.17 20:00,2026.08.17 21:00,39N050415384000Y,000000002146000548,0.0000,0.0000,,,nem
2026.08.17 20:00,2026.08.17 21:00,39N050415384000Y,000053100004423834,0.0000,0.0000,,,nem
2026.08.17 20:00,2026.08.17 21:00,39N0504237770004,000028400084243416,0.0000,0.0000,,,nem
2026.08.17 20:00,2026.08.17 21:00,39N050433181000O,000000002246000180,0.0000,0.0000,,,nem
2026.08.17 20:00,2026.08.17 21:00,39N050445873000K,000053400002725979,0.0000,0.0000,,,nem
2026.08.17 20:00,2026.08.17 21:00,39N050450493000U,K3SCC0400000594,0.0000,0.0000,,,nem
2026.08.17 20:00,2026.08.17 21:00,39N0504550620004,000052600000887704,0.0000,0.0000,,,nem
2026.08.17 20:00,2026.08.17 21:00,39N050458746000Y,000027100005870754,0.0000,0.0000,,,nem
2026.08.17 20:00,2026.08.17 21:00,39N050458746000Y,000053300004228243,0.0000,0.0000,,,nem
2026.08.17 20:00,2026.08.17 21:00,39N050458746000Y,000053300006548960,0.0000,0.0000,,,nem
2026.08.17 20:00,2026.08.17 21:00,39N0504648650006,000052600000887402,0.0000,0.0000,,,nem
2026.08.17 20:00,2026.08.17 21:00,39N050471715000L,000029200020517911,0.0000,0.0000,,,nem
2026.08.17 20:00,2026.08.17 21:00,39N050483780000G,000027100005870759,1.1000,1.1403,,,nem
2026.08.17 20:00,2026.08.17 21:00,39N050484438000J,000052600000889209,15.7000,15.3577,,,nem
2026.08.17 20:00,2026.08.17 21:00,39N050485100000G,000040400014219743,1.3000,1.2734,,,nem
2026.08.17 20:00,2026.08.17 21:00,39N0504864890005,000053400003287118,0.0000,0.0000,,,nem
2026.08.17 20:00,2026.08.17 21:00,39N050510259000R,000027100005848322,0.0000,0.0000,,,nem
2026.08.17 20:00,2026.08.17 21:00,39N050515515000A,000052700000885935,0.0000,0.0000,,,nem
2026.08.17 20:00,2026.08.17 21:00,39N0505226180003,000011100000109610,0.1000,0.0980,,,nem
2026.08.17 20:00,2026.08.17 21:00,39N0505384670009,000027100005848294,0.0000,0.0000,,,nem
2026.08.17 20:00,2026.08.17 21:00,39N0505387730002,000052600000900177,0.0000,0.0000,,,nem
2026.08.17 20:00,2026.08.17 21:00,39N050548215000H,000053400002719801,4.7000,4.6037,,,nem
2026.08.17 20:00,2026.08.17 21:00,39N050548840000J,K3SC09000000010,2.4000,8.8100,,,nem
2026.08.17 20:00,2026.08.17 21:00,39N050552094000R,000029900020521702,8.4000,8.4991,,,nem
2026.08.17 20:00,2026.08.17 21:00,39N050553222000K,K3SC08000003475,0.1000,0.3700,,,nem
2026.08.17 20:00,2026.08.17 21:00,39N050553661000A,000034800000061526,7.8000,8.3538,,,nem
2026.08.17 20:00,2026.08.17 21:00,39N0505752100002,000052600000887553,0.0000,0.0000,,,nem
2026.08.17 20:00,2026.08.17 21:00,39N050576124000C,000034800000546505,6.2000,6.2955,,,nem
2026.08.17 20:00,2026.08.17 21:00,39N0505779810001,000006202897801013,0.0000,0.0000,,,nem
2026.08.17 20:00,2026.08.17 21:00,39N050583139000X,000053300004078348,0.0000,0.0000,,,nem
2026.08.17 20:00,2026.08.17 21:00,39N0505847100003,000053400002726046,0.0000,0.0000,,,nem
2026.08.17 20:00,2026.08.17 21:00,39N0505992060002,000053400003708023,9.3000,9.0973,,,nem
2026.08.17 20:00,2026.08.17 21:00,39N050603076000J,000051303403563786,0.3000,0.2935,,,nem
2026.08.17 20:00,2026.08.17 21:00,39N050607494000V,000038200077141480,0.0000,0.0000,,,nem
2026.08.17 20:00,2026.08.17 21:00,39N0506230230009,000053400003707928,3.6000,3.5215,,,nem
2026.08.17 20:00,2026.08.17 21:00,39N050626352000P,000034800000072507,14.1000,13.7926,,,nem
2026.08.17 20:00,2026.08.17 21:00,39N050626352000P,000053300002318656,9.2000,8.9994,,,nem
2026.08.17 20:00,2026.08.17 21:00,39N050627784000Z,000001300013013134,0.0000,0.0000,,,nem
2026.08.17 20:00,2026.08.17 21:00,39N050627784000Z,K3SC03402019428,0.0000,0.0000,,,nem
2026.08.17 20:00,2026.08.17 21:00,39N050635744000T,000051303403398549,4.8500,4.9247,,,nem
2026.08.17 20:00,2026.08.17 21:00,39N050636182000C,000040300014219987,0.0000,0.0000,,,nem
2026.08.17 20:00,2026.08.17 21:00,39N050636182000C,000053200006188793,0.0000,0.0000,,,nem
2026.08.17 20:00,2026.08.17 21:00,39N050636182000C,000053300004228213,0.0000,0.0000,,,nem
2026.08.17 20:00,2026.08.17 21:00,39N050642904000H,000053400002719822,7.2000,7.2850,,,nem
2026.08.17 20:00,2026.08.17 21:00,39N0506488920006,000038200077159774,21.4000,21.6525,,,igen
2026.08.17 20:00,2026.08.17 21:00,39N050655561000S,000027000005848448,0.0000,0.0000,,,nem
2026.08.17 20:00,2026.08.17 21:00,39N050655561000S,000027000005950344,0.0000,0.0000,,,nem
2026.08.17 20:00,2026.08.17 21:00,39N050655561000S,000040200008208469,0.0000,0.0000,,,nem
2026.08.17 20:00,2026.08.17 21:00,39N050673657000W,000029900020524037,9.2000,8.9994,,,igen
2026.08.17 20:00,2026.08.17 21:00,39N050690260000L,000051303403663324,13.4000,13.1253,,,nem
2026.08.17 20:00,2026.08.17 21:00,39N050708788000F,000027000005921259,7.2000,6.9883,,,nem
2026.08.17 20:00,2026.08.17 21:00,39N050720770000X,000040400012214791,0.0000,0.0000,,,nem
2026.08.17 20:00,2026.08.17 21:00,39N050740233000M,000052700000900251,0.0000,0.0000,,,nem
2026.08.17 20:00,2026.08.17 21:00,39N050744134000T,000052600000888120,12.8000,12.5210,,,nem
2026.08.17 20:00,2026.08.17 21:00,39N0507451030007,000000002246000087,0.0000,0.0000,,,nem
2026.08.17 20:00,2026.08.17 21:00,39N0507495580003,000000002246000226,0.0000,0.0000,,,nem
2026.08.17 20:00,2026.08.17 21:00,39N050750365000F,000044500028323170,0.0100,0.0102,,,nem
2026.08.17 20:00,2026.08.17 21:00,39N050750365000F,K3SC08000011520,0.0000,0.0000,,,nem
2026.08.17 20:00,2026.08.17 21:00,39N050750873000L,K02000018L29990,0.0000,0.0000,,,nem
2026.08.17 20:00,2026.08.17 21:00,39N050753398000W,000008800043780262,0.0000,0.0000,,,nem
2026.08.17 20:00,2026.08.17 21:00,39N050753398000W,000027000005848440,0.0000,0.0000,,,igen
2026.08.17 20:00,2026.08.17 21:00,39N050753398000W,000027000005950363,0.0000,0.0000,,,nem
2026.08.17 20:00,2026.08.17 21:00,39N050753398000W,000028700084243194,0.0000,0.0000,,,nem
2026.08.17 20:00,2026.08.17 21:00,39N050753839000S,000040300014219478,0.0000,0.0000,,,nem
2026.08.17 20:00,2026.08.17 21:00,39N050753876000J,000027000005848396,0.0000,0.0000,,,nem
2026.08.17 20:00,2026.08.17 21:00,39N050753876000J,000051303403563777,0.0000,0.0000,,,nem
2026.08.17 20:00,2026.08.17 21:00,39N050753876000J,000053300002728766,0.8000,0.8126,,,nem
2026.08.17 20:00,2026.08.17 21:00,39N050754012000C,K3SC03402019415,0.0000,0.0000,,,nem
2026.08.17 20:00,2026.08.17 21:00,39N050754015000Y,000027100005870748,0.0000,0.0000,,,nem
2026.08.17 20:00,2026.08.17 21:00,39N050754015000Y,K3SC03400984912,0.0000,0.0000,,,nem
2026.08.17 20:00,2026.08.17 21:00,39N050754578000M,000027100005848567,0.0000,0.0000,,,nem
2026.08.17 20:00,2026.08.17 21:00,39N050754578000M,000053300004228283,0.0000,0.0000,,,nem
2026.08.17 20:00,2026.08.17 21:00,39N050754578000M,000053400003290776,0.0000,0.0000,,,nem
2026.08.17 20:00,2026.08.17 21:00,39N050754716000H,000040300006200780,0.0000,0.0000,,,nem
2026.08.17 20:00,2026.08.17 21:00,39N050754716000H,K3SC04000000943,0.0000,0.0000,,,nem
2026.08.17 20:00,2026.08.17 21:00,39N050755929000B,SC07000007591,0.0000,0.0000,,,nem
2026.08.17 20:00,2026.08.17 21:00,39N050755997000G,000000002246000049,0.0000,0.0000,,,nem
2026.08.17 20:00,2026.08.17 21:00,39N050755997000G,000003500035198891,0.0000,0.0000,,,nem
2026.08.17 20:00,2026.08.17 21:00,39N0507569640004,000029200020511689,0.0000,0.0000,,,nem
2026.08.17 20:00,2026.08.17 21:00,39N050756996000D,K3SC08000006659,0.0000,0.0000,,,nem
2026.08.17 20:00,2026.08.17 21:00,39N050757163000K,K3SC08000005254,0.0000,0.0000,,,nem
2026.08.17 20:00,2026.08.17 21:00,39N050757415000J,000053400003290785,0.0000,0.0000,,,nem
2026.08.17 20:00,2026.08.17 21:00,39N050757415000J,K3SC09000000237,0.0000,0.0000,,,nem
2026.08.17 20:00,2026.08.17 21:00,39N050757439000O,000001300013505669,0.0000,0.0000,,,nem
2026.08.17 20:00,2026.08.17 21:00,39N050757439000O,000040300012216291,0.0000,0.0000,,,nem
2026.08.17 20:00,2026.08.17 21:00,39N050757439000O,000044500037979231,0.0000,0.0000,,,nem
2026.08.17 20:00,2026.08.17 21:00,39N050757439000O,K3SC08000002229,0.0000,0.0000,,,nem
2026.08.17 20:00,2026.08.17 21:00,39N050757450000K,000053400002719733,0.5000,0.5968,,,nem
2026.08.17 20:00,2026.08.17 21:00,39N050757450000K,K3SC03401169913,0.0000,0.0000,,,nem
2026.08.17 20:00,2026.08.17 21:00,39N050757472000Z,000000002246000059,0.0000,0.0000,,,nem
2026.08.17 20:00,2026.08.17 21:00,39N050757472000Z,000053400002719783,0.1000,0.0980,,,nem
2026.08.17 20:00,2026.08.17 21:00,39N050758923000H,000027900020522241,0.0000,0.0000,,,nem
2026.08.17 20:00,2026.08.17 21:00,39N050759606000R,K02202146000564,0.0000,0.0000,,,nem
2026.08.17 20:00,2026.08.17 21:00,39N0507599930004,000002800024149874,0.0000,0.0000,,,nem
2026.08.17 20:00,2026.08.17 21:00,39N0507599930004,SC07000001919,0.0000,0.0000,,,nem
2026.08.17 20:00,2026.08.17 21:00,39N050760458000R,000000002246000162,0.0000,0.0000,,,nem
2026.08.17 20:00,2026.08.17 21:00,39N050760458000R,000001300016230255,0.0000,0.0000,,,nem
2026.08.17 20:00,2026.08.17 21:00,39N050760709000V,K3SC03401061094,5.6000,37.7700,,,nem
2026.08.17 20:00,2026.08.17 21:00,39N050762038000E,K02202246000183,0.0000,0.0000,,,nem
2026.08.17 20:00,2026.08.17 21:00,39N050762094000Z,000033300005960005,0.0000,0.0000,,,nem
2026.08.17 20:00,2026.08.17 21:00,39N050762094000Z,K3SC03400723975,0.0000,0.0000,,,nem
2026.08.17 20:00,2026.08.17 21:00,39N050764763000U,000012000075117793,0.0000,0.0000,,,nem
2026.08.17 20:00,2026.08.17 21:00,39N050764763000U,000053100006730746,0.0000,0.0000,,,nem
2026.08.17 20:00,2026.08.17 21:00,39N050764763000U,K3SC09000000002,0.0000,0.0000,,,nem
2026.08.17 20:00,2026.08.17 21:00,39N050764779000V,000052100004064528,0.0000,0.0000,,,nem
2026.08.17 20:00,2026.08.17 21:00,39N050764779000V,K3SC03402019421,0.0000,0.0000,,,nem
2026.08.17 20:00,2026.08.17 21:00,39N050765037000W,K02000017L29370,0.0000,0.0000,,,nem
2026.08.17 20:00,2026.08.17 21:00,39N0507679070008,000000002146000466,0.0000,0.0000,,,nem
2026.08.17 20:00,2026.08.17 21:00,39N0507679070008,000040300007204577,0.0000,0.0000,,,nem
2026.08.17 20:00,2026.08.17 21:00,39N0507679070008,000040300014219638,0.0000,0.0000,,,nem
2026.08.17 20:00,2026.08.17 21:00,39N0507679070008,000053100004211708,0.0000,0.0000,,,nem
2026.08.17 20:00,2026.08.17 21:00,39N0507679070008,000053300004078695,0.0000,0.0000,,,nem
2026.08.17 20:00,2026.08.17 21:00,39N0507679070008,SC07000001932,0.0000,0.0000,,,nem
2026.08.17 20:00,2026.08.17 21:00,39N0507693140006,000000002246000115,0.0000,0.0000,,,nem
2026.08.17 20:00,2026.08.17 21:00,39N0507705100001,000029900020514285,0.0000,0.0000,,,nem
2026.08.17 20:00,2026.08.17 21:00,39N0507705100001,000051303403563760,0.0000,0.0000,,,nem
2026.08.17 20:00,2026.08.17 21:00,39N0507705100001,000052700000899611,0.0000,0.0000,,,nem
2026.08.17 20:00,2026.08.17 21:00,39N0507705100001,K3SC07000001924,0.0000,0.0000,,,nem
2026.08.17 20:00,2026.08.17 21:00,39N050771852000C,K3SC07000001832,0.0000,0.0000,,,nem
2026.08.17 20:00,2026.08.17 21:00,39N0507730720003,000053300004228387,0.0000,0.0000,,,nem
2026.08.17 20:00,2026.08.17 21:00,39N050773615000J,K3SC34000505359,0.0000,0.0000,,,nem
2026.08.17 20:00,2026.08.17 21:00,39N050773622000S,000053300004228493,0.0000,0.0000,,,nem
2026.08.17 20:00,2026.08.17 21:00,39N050773622000S,K3SC09000000250,0.0000,0.0000,,,nem
2026.08.17 20:00,2026.08.17 21:00,39N050773882000F,K3SC03402019413,0.0000,0.0000,,,nem
2026.08.17 20:00,2026.08.17 21:00,39N0507741940003,K02000018L29724,0.0000,0.0000,,,nem
2026.08.17 20:00,2026.08.17 21:00,39N050774244000Q,000044700031395811,0.0000,0.0000,,,nem
2026.08.17 20:00,2026.08.17 21:00,39N050774244000Q,K3SC03400699635,11.3000,42.5900,,,nem
2026.08.17 20:00,2026.08.17 21:00,39N0507742750003,000027900020519928,0.0000,0.0000,,,nem
2026.08.17 20:00,2026.08.17 21:00,39N050775645000M,000008800045007665,0.0000,0.0000,,,nem
2026.08.17 20:00,2026.08.17 21:00,39N050775645000M,000027900020502769,0.0000,0.0000,,,nem
2026.08.17 20:00,2026.08.17 21:00,39N050776264000Z,000027100005870779,0.0000,0.0000,,,nem
2026.08.17 20:00,2026.08.17 21:00,39N050776439000E,000001300023106173,0.0000,0.0000,,,nem
2026.08.17 20:00,2026.08.17 21:00,39N050776439000E,SC07000006370,0.0000,0.0000,,,nem
2026.08.17 20:00,2026.08.17 21:00,39N050776462000V,K02000017L29063,0.0000,0.0000,,,nem
2026.08.17 20:00,2026.08.17 21:00,39N0507772080006,000000002246000073,0.0000,0.0000,,,nem
2026.08.17 20:00,2026.08.17 21:00,39N050777442000Z,000002600043780817,0.0000,0.0000,,,nem
2026.08.17 20:00,2026.08.17 21:00,39N050777442000Z,K02000017L29055,2.0000,1.0000,,,nem
2026.08.17 20:00,2026.08.17 21:00,39N050777442000Z,K02202146000484,0.0000,0.0000,,,nem
2026.08.17 20:00,2026.08.17 21:00,39N050777482000B,000000002246000043,0.0000,0.0000,,,nem
2026.08.17 20:00,2026.08.17 21:00,39N050792697000P,000027000005848410,0.0000,0.0000,,,nem
2026.08.17 20:00,2026.08.17 21:00,39N050793035000V,000035500084243061,0.5000,0.5079,,,nem
2026.08.17 20:00,2026.08.17 21:00,39N050793035000V,000035500084243063,0.0000,0.0000,,,igen
2026.08.17 20:00,2026.08.17 21:00,39N0507981050002,000029200020524061,0.0000,0.0000,,,nem
2026.08.17 20:00,2026.08.17 21:00,39N050813036000E,000027100005897973,0.7000,0.6852,,,nem
2026.08.17 20:00,2026.08.17 21:00,39N050814444000J,000053300003306760,0.0000,0.0000,,,nem
2026.08.17 20:00,2026.08.17 21:00,39N050816644000Q,000052600000899462,0.0000,0.0000,,,nem
2026.08.17 20:00,2026.08.17 21:00,39N0508179760006,SC10000001096,1.5400,5.2600,,,nem
2026.08.17 20:00,2026.08.17 21:00,39N050818676000J,000040400014219207,0.0000,0.0000,,,nem
2026.08.17 20:00,2026.08.17 21:00,39N050820134000W,000053100004211197,0.0300,0.0305,,,nem
2026.08.17 20:00,2026.08.17 21:00,39N050820134000W,K3SC03402019414,0.0000,0.0000,,,nem
2026.08.17 20:00,2026.08.17 21:00,39N050820458000G,000052700000885406,21.6000,22.3733,,,nem
2026.08.17 20:00,2026.08.17 21:00,39N050822345000S,000052600000884385,0.2000,0.1924,,,nem
2026.08.17 20:00,2026.08.17 21:00,39N0508227020002,K3SC03401147239,0.0000,0.0000,,,nem
2026.08.17 20:00,2026.08.17 21:00,39N050831052000K,K3SC03401169907,0.0000,0.0000,,,nem
2026.08.17 20:00,2026.08.17 21:00,39N050831052000K,K3SC07000006344,0.0000,0.0000,,,nem
2026.08.17 20:00,2026.08.17 21:00,39N050831214000K,K3SC08000001061,0.0000,0.0000,,,nem
2026.08.17 20:00,2026.08.17 21:00,39N050831732000K,000000002246000171,0.0000,0.0000,,,nem
2026.08.17 20:00,2026.08.17 21:00,39N050831732000K,000000002246000297,0.0000,0.0000,,,nem
2026.08.17 20:00,2026.08.17 21:00,39N050832564000Z,K3SC08000002241,0.0000,0.0000,,,nem
2026.08.17 20:00,2026.08.17 21:00,39N050833827000F,K3SC03400699729,0.0000,0.0000,,,nem
2026.08.17 20:00,2026.08.17 21:00,39N050836149000I,K3SC03401414828,0.0000,0.0000,,,nem
2026.08.17 20:00,2026.08.17 21:00,39N050836830000K,000000003403233014,0.0000,0.0000,,,nem
2026.08.17 20:00,2026.08.17 21:00,39N050836979000I,000053400003290796,0.0000,0.0000,,,nem
2026.08.17 20:00,2026.08.17 21:00,39N0508398450002,K3SC08000002237,0.0000,0.0000,,,nem
2026.08.17 20:00,2026.08.17 21:00,39N050841968000N,SC11000000589,0.0000,0.0000,,,nem
2026.08.17 20:00,2026.08.17 21:00,39N050843706000U,000053300004078513,0.0000,0.0000,,,nem
2026.08.17 20:00,2026.08.17 21:00,39N050844930000K,000052600000914889,0.2000,0.1959,,,nem
2026.08.17 20:00,2026.08.17 21:00,39N050847541000D,K3SC09000000240,0.0000,0.0000,,,nem
2026.08.17 20:00,2026.08.17 21:00,39N050847787000J,000034800000031563,0.0000,0.0000,,,nem
2026.08.17 20:00,2026.08.17 21:00,39N0508480240000,000052700000909509,0.0000,0.0000,,,nem
2026.08.17 20:00,2026.08.17 21:00,39N050848355000U,000040300012215942,0.0000,0.0000,,,nem
2026.08.17 20:00,2026.08.17 21:00,39N0508490730004,000051303403563818,17.6000,17.2269,,,nem
2026.08.17 20:00,2026.08.17 21:00,39N050849323000D,K3SC04000000054,3.1000,11.8900,,,nem
2026.08.17 20:00,2026.08.17 21:00,39N050851794000U,K3SC07000006360,0.0000,0.0000,,,nem
2026.08.17 20:00,2026.08.17 21:00,39N050861247000Y,K3SC09000003821,0.1000,0.3300,,,nem
2026.08.17 20:00,2026.08.17 21:00,39N050866001000P,000000002246000036,0.0000,0.0000,,,nem
2026.08.17 20:00,2026.08.17 21:00,39N050875710000B,K3SC11000000578,0.0000,0.0000,,,nem
2026.08.17 20:00,2026.08.17 21:00,39N0508759240008,K3SC03401061101,0.0000,0.0000,,,nem
2026.08.17 20:00,2026.08.17 21:00,39N0508788210006,000053300004078461,0.0000,0.0000,,,nem
2026.08.17 20:00,2026.08.17 21:00,39N050879364000V,K02000016L28058,0.0000,0.0000,,,nem
2026.08.17 20:00,2026.08.17 21:00,39N0508813320003,000029900020519902,0.0000,0.0000,,,nem
2026.08.17 20:00,2026.08.17 21:00,39N050882973000Z,000040300009900172,0.0000,0.0000,,,nem
2026.08.17 20:00,2026.08.17 21:00,39N050890535000A,000000002146000441,0.0000,0.0000,,,nem
2026.08.17 20:00,2026.08.17 21:00,39N0508949570002,000027100005897971,0.0000,0.0000,,,nem
2026.08.17 20:00,2026.08.17 21:00,39N050896400000C,K3SC03400574253,0.0000,0.0000,,,nem
2026.08.17 20:00,2026.08.17 21:00,39N050896796000I,000027700001184418,0.0000,0.0000,,,nem
2026.08.17 20:00,2026.08.17 21:00,39N050898846000P,K3SC03400699737,0.0000,0.0000,,,nem
2026.08.17 20:00,2026.08.17 21:00,39N050913091000U,000027100005848490,0.0000,0.0000,,,nem
2026.08.17 20:00,2026.08.17 21:00,39N050915973000R,K3SC08000002025,0.0000,0.0000,,,nem
2026.08.17 20:00,2026.08.17 21:00,39N050916593000Z,K3SC03401169915,37.8000,140.5300,,,nem
2026.08.17 21:00,2026.08.17 22:00,39N0500091210005,000038200077158060,0.0000,0.0000,,,nem
2026.08.17 21:00,2026.08.17 22:00,39N050022609000H,000053300003307178,0.0000,0.0000,,,nem
2026.08.17 21:00,2026.08.17 22:00,39N050029731000D,000052600000914866,0.0000,0.0000,,,nem
2026.08.17 21:00,2026.08.17 22:00,39N050031988000Q,000052600000899454,0.0000,0.0000,,,nem
2026.08.17 21:00,2026.08.17 22:00,39N050032468000S,000052700000899362,0.0000,0.0000,,,nem
2026.08.17 21:00,2026.08.17 22:00,39N050033836000K,000027100005848245,0.0000,0.0000,,,nem
2026.08.17 21:00,2026.08.17 22:00,39N050034412000Z,000002600043780756,0.0000,0.0000,,,nem
2026.08.17 21:00,2026.08.17 22:00,39N050034412000Z,000052700000885403,2.8000,2.7406,,,nem
2026.08.17 21:00,2026.08.17 22:00,39N0500344350008,000046700000888615,0.0000,0.0000,,,nem
2026.08.17 21:00,2026.08.17 22:00,39N050034459000D,000040400014219775,0.0000,0.0000,,,nem
2026.08.17 21:00,2026.08.17 22:00,39N050042294000Z,000040400008209973,0.0000,0.0000,,,nem
2026.08.17 21:00,2026.08.17 22:00,39N050044030000F,000027000035197562,0.0000,0.0000,,,nem
2026.08.17 21:00,2026.08.17 22:00,39N050052498000T,SC05000004104,0.0000,0.0000,,,nem
2026.08.17 21:00,2026.08.17 22:00,39N050053842000G,K3SC03401169905,0.0000,0.0000,,,nem
2026.08.17 21:00,2026.08.17 22:00,39N0500617550009,000044500034101914,0.0000,0.0000,,,nem
2026.08.17 21:00,2026.08.17 22:00,39N0500617550009,K3SC03400699700,0.0000,0.0000,,,nem
2026.08.17 21:00,2026.08.17 22:00,39N050066949000F,000053400003290721,0.0000,0.0000,,,nem
2026.08.17 21:00,2026.08.17 22:00,39N050068660000G,000035500084243026,0.0000,0.0000,,,nem
2026.08.17 21:00,2026.08.17 22:00,39N050068660000G,000035500084243027,0.0000,0.0000,,,nem
2026.08.17 21:00,2026.08.17 22:00,39N050071512000G,000051303403398537,0.0000,0.0000,,,nem
2026.08.17 21:00,2026.08.17 22:00,39N050073737000N,000040400006201455,0.0000,0.0000,,,nem
2026.08.17 21:00,2026.08.17 22:00,39N050073762000U,000053400004078277,0.0000,0.0000,,,nem
2026.08.17 21:00,2026.08.17 22:00,39N050075194000S,000029200020524049,15.0000,15.2775,,,nem
2026.08.17 21:00,2026.08.17 22:00,39N0500755940000,000027000005950284,0.0000,0.0000,,,nem
2026.08.17 21:00,2026.08.17 22:00,39N0500755940000,000052600000886571,0.0000,0.0000,,,nem
2026.08.17 21:00,2026.08.17 22:00,39N050076850000F,000006201754704050,5.5000,5.4131,,,nem
2026.08.17 21:00,2026.08.17 22:00,39N050076850000F,000040300006201137,0.0000,0.0000,,,nem
2026.08.17 21:00,2026.08.17 22:00,39N050081322000F,000053400003290798,0.0000,0.0000,,,nem
2026.08.17 21:00,2026.08.17 22:00,39N050083908000D,000006202897801002,0.0000,0.0000,,,nem
2026.08.17 21:00,2026.08.17 22:00,39N050083908000D,000040300011213334,0.0000,0.0000,,,nem
2026.08.17 21:00,2026.08.17 22:00,39N050089206000O,000006203403563919,2.2000,2.2150,,,igen
2026.08.17 21:00,2026.08.17 22:00,39N050089206000O,000028700084091487,0.0000,0.0000,,,nem
2026.08.17 21:00,2026.08.17 22:00,39N050089342000D,000015608267713002,0.0000,0.0000,,,nem
2026.08.17 21:00,2026.08.17 22:00,39N050094459000X,000040400006201425,0.0000,0.0000,,,nem
2026.08.17 21:00,2026.08.17 22:00,39N050094490000H,000027100005894204,7.4000,7.1477,,,nem
2026.08.17 21:00,2026.08.17 22:00,39N050106941000P,000027100005848507,0.0000,0.0000,,,nem
2026.08.17 21:00,2026.08.17 22:00,39N0501191590002,000029200020517908,1.9000,1.8911,,,nem
2026.08.17 21:00,2026.08.17 22:00,39N050132558000H,000040400007204469,1.8000,1.7618,,,nem
2026.08.17 21:00,2026.08.17 22:00,39N050137387000F,000052600000900202,9.5000,9.2986,,,nem
2026.08.17 21:00,2026.08.17 22:00,39N050145410000I,000027100005848241,0.2000,0.1958,,,nem
2026.08.17 21:00,2026.08.17 22:00,39N050146207000W,000052700000899364,0.0000,0.0000,,,nem
2026.08.17 21:00,2026.08.17 22:00,39N050153206000F,K3SC06000007800,0.0000,0.0000,,,nem
2026.08.17 21:00,2026.08.17 22:00,39N0501601470008,000040300008206765,0.0000,0.0000,,,igen
2026.08.17 21:00,2026.08.17 22:00,39N0501601470008,000040300014219822,0.0000,0.0000,,,igen
2026.08.17 21:00,2026.08.17 22:00,39N050160341000O,000052700000899034,0.0000,0.0000,,,igen
2026.08.17 21:00,2026.08.17 22:00,39N0501618590009,000053400002726045,9.6000,9.3965,,,nem
2026.08.17 21:00,2026.08.17 22:00,39N050168020000Z,L01A625,3.0000,2.9877,,,nem
2026.08.17 21:00,2026.08.17 22:00,39N050176728000R,000040300012214339,0.0000,0.0000,,,nem
2026.08.17 21:00,2026.08.17 22:00,39N050176728000R,000053300003348438,0.0000,0.0000,,,nem
2026.08.17 21:00,2026.08.17 22:00,39N050177032000I,000053400003290719,0.0000,0.0000,,,nem
2026.08.17 21:00,2026.08.17 22:00,39N0501770340008,000053400002725990,0.0000,0.0000,,,nem
2026.08.17 21:00,2026.08.17 22:00,39N050180150000J,000000002246000217,0.7250,0.7150,,,nem
2026.08.17 21:00,2026.08.17 22:00,39N050197735000A,000053400003290744,9.6000,9.6653,,,nem
2026.08.17 21:00,2026.08.17 22:00,39N0502000520004,000029900020519904,0.0000,0.0000,,,nem
2026.08.17 21:00,2026.08.17 22:00,39N0502000520004,000053400003290731,0.0000,0.0000,,,nem
2026.08.17 21:00,2026.08.17 22:00,39N050207087000G,000033300005960021,0.0000,0.0000,,,nem
2026.08.17 21:00,2026.08.17 22:00,39N050207887000Y,000011100000109615,0.0000,0.0000,,,nem
2026.08.17 21:00,2026.08.17 22:00,39N050208125000A,000028700084091484,0.0000,0.0000,,,nem
2026.08.17 21:00,2026.08.17 22:00,39N050208128000W,000052600000896583,0.0000,0.0000,,,nem
2026.08.17 21:00,2026.08.17 22:00,39N050208164000S,000000002246000198,10.0000,10.4970,,,nem
2026.08.17 21:00,2026.08.17 22:00,39N050209187000U,000027000005926405,0.0000,0.0000,,,nem
2026.08.17 21:00,2026.08.17 22:00,39N0502109170005,000053400003708002,0.0000,0.0000,,,nem
2026.08.17 21:00,2026.08.17 22:00,39N0502109620000,000027100005894243,0.0000,0.0000,,,nem
2026.08.17 21:00,2026.08.17 22:00,39N050212788000U,000053600000897292,0.0000,0.0000,,,nem
2026.08.17 21:00,2026.08.17 22:00,39N050213910000G,000027100005898038,0.0000,0.0000,,,nem
2026.08.17 21:00,2026.08.17 22:00,39N050214190000G,K3SC03400699752,1.3300,4.6500,,,nem
2026.08.17 21:00,2026.08.17 22:00,39N050214638000E,K02000017L28861,0.0000,0.0000,,,nem
2026.08.17 21:00,2026.08.17 22:00,39N050214647000D,K3SC06000003455,0.0000,0.0000,,,nem
2026.08.17 21:00,2026.08.17 22:00,39N050214652000W,000008800043449669,0.5000,0.5035,,,nem
2026.08.17 21:00,2026.08.17 22:00,39N050214652000W,000027000005894200,0.0000,0.0000,,,nem
2026.08.17 21:00,2026.08.17 22:00,39N050214652000W,K3SC08000002012,0.0000,0.0000,,,nem
2026.08.17 21:00,2026.08.17 22:00,39N050214655000H,K3SC09000000230,0.0000,0.0000,,,nem
2026.08.17 21:00,2026.08.17 22:00,39N050214668000X,000000002246000235,0.0000,0.0000,,,nem
2026.08.17 21:00,2026.08.17 22:00,39N050214674000A,K3SC07000007598,0.0000,0.0000,,,nem
2026.08.17 21:00,2026.08.17 22:00,39N050214697000K,K3SC07000006334,0.0000,0.0000,,,nem
2026.08.17 21:00,2026.08.17 22:00,39N050214912000Z,K3SC07000001923,0.0000,0.0000,,,nem
2026.08.17 21:00,2026.08.17 22:00,39N050214941000M,EP07883,0.0000,0.0000,,,nem
2026.08.17 21:00,2026.08.17 22:00,39N050215930000P,K3SC06000002907,0.0000,0.0000,,,nem
2026.08.17 21:00,2026.08.17 22:00,39N050215938000M,K02000017L29066,0.0000,0.0000,,,nem
2026.08.17 21:00,2026.08.17 22:00,39N0502159430004,K3SC07000001954,0.0000,0.0000,,,nem
2026.08.17 21:00,2026.08.17 22:00,39N050215958000A,000000002246000117,0.0000,0.0000,,,nem
2026.08.17 21:00,2026.08.17 22:00,39N050215958000A,K02000017L29366,1.0000,1.0000,,,nem
2026.08.17 21:00,2026.08.17 22:00,39N050215987000Y,000040300012214341,0.0000,0.0000,,,nem
2026.08.17 21:00,2026.08.17 22:00,39N050215987000Y,K3SC04000000062,0.0000,0.0000,,,nem
2026.08.17 21:00,2026.08.17 22:00,39N050215987000Y,K3SC07000002663,0.0000,0.0000,,,nem
2026.08.17 21:00,2026.08.17 22:00,39N050215990000Q,000000002146000419,0.0000,0.0000,,,nem
2026.08.17 21:00,2026.08.17 22:00,39N050215990000Q,000000002246000261,0.0050,0.0050,,,nem
2026.08.17 21:00,2026.08.17 22:00,39N050215996000X,000000002246000205,0.0000,0.0000,,,nem
2026.08.17 21:00,2026.08.17 22:00,39N050215996000X,000044600000607648,0.0000,0.0000,,,nem
2026.08.17 21:00,2026.08.17 22:00,39N050215996000X,000044600000614795,0.0000,0.0000,,,nem
2026.08.17 21:00,2026.08.17 22:00,39N050216000000O,K3SC08000006643,0.0000,0.0000,,,nem
2026.08.17 21:00,2026.08.17 22:00,39N050216189000Z,K3SC09000000005,0.0000,0.0000,,,nem
2026.08.17 21:00,2026.08.17 22:00,39N050216319000Q,K3SC04000000788,0.0000,0.0000,,,nem
2026.08.17 21:00,2026.08.17 22:00,39N050217344000P,SC06000007846,26.0000,49.8300,,,nem
2026.08.17 21:00,2026.08.17 22:00,39N050217514000T,000000002246000191,6.0330,6.3500,,,nem
2026.08.17 21:00,2026.08.17 22:00,39N050217594000I,K02000017L28855,0.0000,0.0000,,,nem
2026.08.17 21:00,2026.08.17 22:00,39N0502177240009,000006209160519002,3.3000,3.3231,,,igen
2026.08.17 21:00,2026.08.17 22:00,39N0502177240009,000027700001201786,0.0000,0.0000,,,nem
2026.08.17 21:00,2026.08.17 22:00,39N0502177240009,K3SC08000001999,0.0000,0.0000,,,nem
2026.08.17 21:00,2026.08.17 22:00,39N0502177250004,000000002146000444,0.0000,0.0000,,,nem
2026.08.17 21:00,2026.08.17 22:00,39N0502177250004,000053200002511869,0.0000,0.0000,,,nem
2026.08.17 21:00,2026.08.17 22:00,39N050218554000Y,K02202146000431,0.0000,0.0000,,,nem
2026.08.17 21:00,2026.08.17 22:00,39N050218563000X,000000000001084616,0.0000,0.0000,,,nem
2026.08.17 21:00,2026.08.17 22:00,39N050218588000X,K3SC08000009353,2.8000,9.4400,,,nem
2026.08.17 21:00,2026.08.17 22:00,39N050218591000P,000008800043780320,0.0000,0.0000,,,nem
2026.08.17 21:00,2026.08.17 22:00,39N050218591000P,K02202146000387,0.0000,0.0000,,,nem
2026.08.17 21:00,2026.08.17 22:00,39N0502185960000,000045500001090171,0.0000,0.0000,,,nem
2026.08.17 21:00,2026.08.17 22:00,39N0502186000003,000000002246000034,0.0000,0.0000,,,nem
2026.08.17 21:00,2026.08.17 22:00,39N0502186000003,000044500026294967,0.0000,0.0000,,,nem
2026.08.17 21:00,2026.08.17 22:00,39N050218709000P,000000002146000433,0.0000,0.0000,,,nem
2026.08.17 21:00,2026.08.17 22:00,39N050218709000P,000027000005871862,0.0000,0.0000,,,nem
2026.08.17 21:00,2026.08.17 22:00,39N050219101000P,000053100006284304,0.0000,0.0000,,,nem
2026.08.17 21:00,2026.08.17 22:00,39N050219101000P,K11702446102256,0.0000,0.0000,,,nem
2026.08.17 21:00,2026.08.17 22:00,39N050219111000J,000053100006086023,0.0000,0.0000,,,nem
2026.08.17 21:00,2026.08.17 22:00,39N050219111000J,K3SC08000002002,0.0000,0.0000,,,nem
2026.08.17 21:00,2026.08.17 22:00,39N0502191220008,000000002146000405,0.0000,0.0000,,,nem
2026.08.17 21:00,2026.08.17 22:00,39N050219127000K,K02000018L30060,0.0000,0.0000,,,nem
2026.08.17 21:00,2026.08.17 22:00,39N050219144000N,K3SC07000001933,4.2000,4.0900,,,nem
2026.08.17 21:00,2026.08.17 22:00,39N050222615000B,K3SC08000002009,0.0000,0.0000,,,nem
2026.08.17 21:00,2026.08.17 22:00,39N050224132000X,000052600000885006,0.0000,0.0000,,,nem
2026.08.17 21:00,2026.08.17 22:00,39N050225228000V,000052600000887973,0.0000,0.0000,,,nem
2026.08.17 21:00,2026.08.17 22:00,39N050225361000Z,000028700084243212,0.0000,0.0000,,,nem
2026.08.17 21:00,2026.08.17 22:00,39N050225592000Z,K02000018L29674,0.0000,0.0000,,,nem
2026.08.17 21:00,2026.08.17 22:00,39N0502258590003,000053400004078297,5.5000,5.2905,,,nem
2026.08.17 21:00,2026.08.17 22:00,39N0502320940001,000053400002726024,0.0000,0.0000,,,nem
2026.08.17 21:00,2026.08.17 22:00,39N050233268000E,000040300013218204,0.0000,0.0000,,,nem
2026.08.17 21:00,2026.08.17 22:00,39N050233872000X,K3SC09000003822,0.0000,0.0000,,,nem
2026.08.17 21:00,2026.08.17 22:00,39N050235722000H,000000002246000065,0.0000,0.0000,,,nem
2026.08.17 21:00,2026.08.17 22:00,39N050235781000N,000000000000071480,0.0000,0.0000,,,nem
2026.08.17 21:00,2026.08.17 22:00,39N050236245000H,000006209160513005,0.0000,0.0000,,,nem
2026.08.17 21:00,2026.08.17 22:00,39N0502362660000,000027900020508134,0.0000,0.0000,,,nem
2026.08.17 21:00,2026.08.17 22:00,39N0502362660000,000040300011213597,0.0000,0.0000,,,nem
2026.08.17 21:00,2026.08.17 22:00,39N0502477110003,000052700000884957,0.0000,0.0000,,,nem
2026.08.17 21:00,2026.08.17 22:00,39N0502510990003,000019900016977384,7.4000,7.4585,,,nem
2026.08.17 21:00,2026.08.17 22:00,39N050251837000U,000040300007204770,0.0000,0.0000,,,nem
2026.08.17 21:00,2026.08.17 22:00,39N050252043000I,000027100005898029,0.0000,0.0000,,,nem
2026.08.17 21:00,2026.08.17 22:00,39N050252204000N,000006203229509031,2.7000,2.7880,,,nem
2026.08.17 21:00,2026.08.17 22:00,39N050253671000Y,000053400003708027,0.0000,0.0000,,,nem
2026.08.17 21:00,2026.08.17 22:00,39N050254055000N,000028700084243189,0.0000,0.0000,,,nem
2026.08.17 21:00,2026.08.17 22:00,39N0502542550009,000006203403563870,0.8000,0.7836,,,nem
2026.08.17 21:00,2026.08.17 22:00,39N050258835000L,000019900017022057,15.2000,15.5998,,,nem
2026.08.17 21:00,2026.08.17 22:00,39N050261616000F,000027100005848476,1.3000,1.3295,,,nem
2026.08.17 21:00,2026.08.17 22:00,39N050269363000V,000052700000884401,0.0000,0.0000,,,nem
2026.08.17 21:00,2026.08.17 22:00,39N050316475000U,000003300035201642,0.0000,0.0000,,,nem
2026.08.17 21:00,2026.08.17 22:00,39N050316475000U,000027000005848437,0.0000,0.0000,,,nem
2026.08.17 21:00,2026.08.17 22:00,39N0503424040008,000027100005870727,0.1000,0.0978,,,nem
2026.08.17 21:00,2026.08.17 22:00,39N0503439790009,000029200020502760,0.1000,0.0980,,,nem
2026.08.17 21:00,2026.08.17 22:00,39N050369436000H,000052700000889661,0.0000,0.0000,,,nem
2026.08.17 21:00,2026.08.17 22:00,39N050373639000R,000040300006202862,0.0000,0.0000,,,igen
2026.08.17 21:00,2026.08.17 22:00,39N050373666000O,000052700000887369,0.0000,0.0000,,,nem
2026.08.17 21:00,2026.08.17 22:00,39N050377940000D,000053400002719761,7.0000,6.8516,,,nem
2026.08.17 21:00,2026.08.17 22:00,39N050381165000Y,000000002246000284,0.0000,0.0000,,,nem
2026.08.17 21:00,2026.08.17 22:00,39N050385675000Z,000040400009210687,2.2000,2.1520,,,nem
2026.08.17 21:00,2026.08.17 22:00,39N050405255000Q,000029200020519053,0.0000,0.0000,,,nem
2026.08.17 21:00,2026.08.17 22:00,39N050414007000M,000029900020520529,4.8000,4.6982,,,nem
2026.08.17 21:00,2026.08.17 22:00,39N050414007000M,000040300011213341,0.0000,0.0000,,,nem
2026.08.17 21:00,2026.08.17 22:00,39N050415384000Y,000000002146000548,0.0000,0.0000,,,nem
2026.08.17 21:00,2026.08.17 22:00,39N050415384000Y,000053100004423834,0.0000,0.0000,,,nem
2026.08.17 21:00,2026.08.17 22:00,39N0504237770004,000028400084243416,0.0000,0.0000,,,nem
2026.08.17 21:00,2026.08.17 22:00,39N050433181000O,000000002246000180,0.0000,0.0000,,,nem
2026.08.17 21:00,2026.08.17 22:00,39N050445873000K,000053400002725979,0.0000,0.0000,,,nem
2026.08.17 21:00,2026.08.17 22:00,39N050450493000U,K3SCC0400000594,0.0000,0.0000,,,nem
2026.08.17 21:00,2026.08.17 22:00,39N0504550620004,000052600000887704,0.0000,0.0000,,,nem
2026.08.17 21:00,2026.08.17 22:00,39N050458746000Y,000027100005870754,0.0000,0.0000,,,nem
2026.08.17 21:00,2026.08.17 22:00,39N050458746000Y,000053300004228243,0.3000,0.2939,,,nem
2026.08.17 21:00,2026.08.17 22:00,39N050458746000Y,000053300006548960,0.0000,0.0000,,,nem
2026.08.17 21:00,2026.08.17 22:00,39N0504648650006,000052600000887402,0.0000,0.0000,,,nem
2026.08.17 21:00,2026.08.17 22:00,39N050471715000L,000029200020517911,0.0000,0.0000,,,nem
2026.08.17 21:00,2026.08.17 22:00,39N050483780000G,000027100005870759,0.0000,0.0000,,,nem
2026.08.17 21:00,2026.08.17 22:00,39N050484438000J,000052600000889209,14.6000,14.2817,,,nem
2026.08.17 21:00,2026.08.17 22:00,39N050485100000G,000040400014219743,1.4000,1.3713,,,nem
2026.08.17 21:00,2026.08.17 22:00,39N0504864890005,000053400003287118,0.0000,0.0000,,,nem
2026.08.17 21:00,2026.08.17 22:00,39N050510259000R,000027100005848322,0.0000,0.0000,,,nem
2026.08.17 21:00,2026.08.17 22:00,39N050515515000A,000052700000885935,0.0000,0.0000,,,nem
2026.08.17 21:00,2026.08.17 22:00,39N0505226180003,000011100000109610,0.0000,0.0000,,,nem
2026.08.17 21:00,2026.08.17 22:00,39N0505384670009,000027100005848294,0.0000,0.0000,,,nem
2026.08.17 21:00,2026.08.17 22:00,39N0505387730002,000052600000900177,0.0000,0.0000,,,nem
2026.08.17 21:00,2026.08.17 22:00,39N050548215000H,000053400002719801,4.8000,4.7016,,,nem
2026.08.17 21:00,2026.08.17 22:00,39N050548840000J,K3SC09000000010,1.6000,5.9500,,,nem
2026.08.17 21:00,2026.08.17 22:00,39N050552094000R,000029900020521702,0.2000,0.2024,,,nem
2026.08.17 21:00,2026.08.17 22:00,39N050553222000K,K3SC08000003475,1.1000,4.1700,,,nem
2026.08.17 21:00,2026.08.17 22:00,39N050553661000A,000034800000061526,6.1000,6.5331,,,nem
2026.08.17 21:00,2026.08.17 22:00,39N0505752100002,000052600000887553,0.0000,0.0000,,,nem
2026.08.17 21:00,2026.08.17 22:00,39N050576124000C,000034800000546505,6.5000,6.6001,,,nem
2026.08.17 21:00,2026.08.17 22:00,39N0505779810001,000006202897801013,0.0000,0.0000,,,nem
2026.08.17 21:00,2026.08.17 22:00,39N050583139000X,000053300004078348,0.0000,0.0000,,,nem
2026.08.17 21:00,2026.08.17 22:00,39N0505847100003,000053400002726046,0.0000,0.0000,,,nem
2026.08.17 21:00,2026.08.17 22:00,39N0505992060002,000053400003708023,8.3000,8.1191,,,nem
2026.08.17 21:00,2026.08.17 22:00,39N050603076000J,000051303403563786,0.6000,0.5869,,,nem
2026.08.17 21:00,2026.08.17 22:00,39N050607494000V,000038200077141480,0.0000,0.0000,,,nem
2026.08.17 21:00,2026.08.17 22:00,39N0506230230009,000053400003707928,3.9000,3.8150,,,nem
2026.08.17 21:00,2026.08.17 22:00,39N050626352000P,000034800000072507,14.7000,14.3795,,,nem
2026.08.17 21:00,2026.08.17 22:00,39N050626352000P,000053300002318656,12.7000,12.4231,,,nem
2026.08.17 21:00,2026.08.17 22:00,39N050627784000Z,000001300013013134,0.0000,0.0000,,,nem
2026.08.17 21:00,2026.08.17 22:00,39N050627784000Z,K3SC03402019428,0.0000,0.0000,,,nem
2026.08.17 21:00,2026.08.17 22:00,39N050635744000T,000051303403398549,7.2100,7.3210,,,nem
2026.08.17 21:00,2026.08.17 22:00,39N050636182000C,000040300014219987,0.0000,0.0000,,,nem
2026.08.17 21:00,2026.08.17 22:00,39N050636182000C,000053200006188793,0.0000,0.0000,,,nem
2026.08.17 21:00,2026.08.17 22:00,39N050636182000C,000053300004228213,0.0000,0.0000,,,nem
2026.08.17 21:00,2026.08.17 22:00,39N050642904000H,000053400002719822,6.3000,6.3743,,,nem
2026.08.17 21:00,2026.08.17 22:00,39N0506488920006,000038200077159774,23.0000,23.2714,,,igen
2026.08.17 21:00,2026.08.17 22:00,39N050655561000S,000027000005848448,0.0000,0.0000,,,nem
2026.08.17 21:00,2026.08.17 22:00,39N050655561000S,000027000005950344,0.0000,0.0000,,,nem
2026.08.17 21:00,2026.08.17 22:00,39N050655561000S,000040200008208469,0.0000,0.0000,,,nem
2026.08.17 21:00,2026.08.17 22:00,39N050673657000W,000029900020524037,9.8000,9.5864,,,igen
2026.08.17 21:00,2026.08.17 22:00,39N050690260000L,000051303403663324,8.7000,8.5217,,,nem
2026.08.17 21:00,2026.08.17 22:00,39N050708788000F,000027000005921259,11.7000,11.3560,,,nem
2026.08.17 21:00,2026.08.17 22:00,39N050720770000X,000040400012214791,0.0000,0.0000,,,nem
2026.08.17 21:00,2026.08.17 22:00,39N050740233000M,000052700000900251,0.0000,0.0000,,,nem
2026.08.17 21:00,2026.08.17 22:00,39N050744134000T,000052600000888120,10.6000,10.3689,,,nem
2026.08.17 21:00,2026.08.17 22:00,39N0507451030007,000000002246000087,1.5420,1.4730,,,nem
2026.08.17 21:00,2026.08.17 22:00,39N0507495580003,000000002246000226,0.0000,0.0000,,,nem
2026.08.17 21:00,2026.08.17 22:00,39N050750365000F,000044500028323170,0.0200,0.0203,,,nem
2026.08.17 21:00,2026.08.17 22:00,39N050750365000F,K3SC08000011520,0.0000,0.0000,,,nem
2026.08.17 21:00,2026.08.17 22:00,39N050750873000L,K02000018L29990,0.0000,0.0000,,,nem
2026.08.17 21:00,2026.08.17 22:00,39N050753398000W,000008800043780262,0.0700,0.0711,,,nem
2026.08.17 21:00,2026.08.17 22:00,39N050753398000W,000027000005848440,0.0000,0.0000,,,igen
2026.08.17 21:00,2026.08.17 22:00,39N050753398000W,000027000005950363,0.0000,0.0000,,,nem
2026.08.17 21:00,2026.08.17 22:00,39N050753398000W,000028700084243194,0.0000,0.0000,,,nem
2026.08.17 21:00,2026.08.17 22:00,39N050753839000S,000040300014219478,0.0000,0.0000,,,nem
2026.08.17 21:00,2026.08.17 22:00,39N050753876000J,000027000005848396,0.0000,0.0000,,,nem
2026.08.17 21:00,2026.08.17 22:00,39N050753876000J,000051303403563777,0.0000,0.0000,,,nem
2026.08.17 21:00,2026.08.17 22:00,39N050753876000J,000053300002728766,0.0000,0.0000,,,nem
2026.08.17 21:00,2026.08.17 22:00,39N050754012000C,K3SC03402019415,0.0000,0.0000,,,nem
2026.08.17 21:00,2026.08.17 22:00,39N050754015000Y,000027100005870748,0.0000,0.0000,,,nem
2026.08.17 21:00,2026.08.17 22:00,39N050754015000Y,K3SC03400984912,0.0000,0.0000,,,nem
2026.08.17 21:00,2026.08.17 22:00,39N050754578000M,000027100005848567,0.0000,0.0000,,,nem
2026.08.17 21:00,2026.08.17 22:00,39N050754578000M,000053300004228283,0.0000,0.0000,,,nem
2026.08.17 21:00,2026.08.17 22:00,39N050754578000M,000053400003290776,0.0000,0.0000,,,nem
2026.08.17 21:00,2026.08.17 22:00,39N050754716000H,000040300006200780,0.0000,0.0000,,,nem
2026.08.17 21:00,2026.08.17 22:00,39N050754716000H,K3SC04000000943,0.0000,0.0000,,,nem
2026.08.17 21:00,2026.08.17 22:00,39N050755929000B,SC07000007591,0.0000,0.0000,,,nem
2026.08.17 21:00,2026.08.17 22:00,39N050755997000G,000000002246000049,0.0000,0.0000,,,nem
2026.08.17 21:00,2026.08.17 22:00,39N050755997000G,000003500035198891,0.0000,0.0000,,,nem
2026.08.17 21:00,2026.08.17 22:00,39N0507569640004,000029200020511689,0.0000,0.0000,,,nem
2026.08.17 21:00,2026.08.17 22:00,39N050756996000D,K3SC08000006659,0.0000,0.0000,,,nem
2026.08.17 21:00,2026.08.17 22:00,39N050757163000K,K3SC08000005254,0.0000,0.0000,,,nem
2026.08.17 21:00,2026.08.17 22:00,39N050757415000J,000053400003290785,0.0000,0.0000,,,nem
2026.08.17 21:00,2026.08.17 22:00,39N050757415000J,K3SC09000000237,0.0000,0.0000,,,nem
2026.08.17 21:00,2026.08.17 22:00,39N050757439000O,000001300013505669,0.0000,0.0000,,,nem
2026.08.17 21:00,2026.08.17 22:00,39N050757439000O,000040300012216291,0.0000,0.0000,,,nem
2026.08.17 21:00,2026.08.17 22:00,39N050757439000O,000044500037979231,0.0000,0.0000,,,nem
2026.08.17 21:00,2026.08.17 22:00,39N050757439000O,K3SC08000002229,0.0000,0.0000,,,nem
2026.08.17 21:00,2026.08.17 22:00,39N050757450000K,000053400002719733,0.0000,0.0000,,,nem
2026.08.17 21:00,2026.08.17 22:00,39N050757450000K,K3SC03401169913,0.0000,0.0000,,,nem
2026.08.17 21:00,2026.08.17 22:00,39N050757472000Z,000000002246000059,0.0000,0.0000,,,nem
2026.08.17 21:00,2026.08.17 22:00,39N050757472000Z,000053400002719783,0.0000,0.0000,,,nem
2026.08.17 21:00,2026.08.17 22:00,39N050758923000H,000027900020522241,0.0000,0.0000,,,nem
2026.08.17 21:00,2026.08.17 22:00,39N050759606000R,K02202146000564,0.0470,0.0450,,,nem
2026.08.17 21:00,2026.08.17 22:00,39N0507599930004,000002800024149874,0.0000,0.0000,,,nem
2026.08.17 21:00,2026.08.17 22:00,39N0507599930004,SC07000001919,0.0000,0.0000,,,nem
2026.08.17 21:00,2026.08.17 22:00,39N050760458000R,000000002246000162,0.0000,0.0000,,,nem
2026.08.17 21:00,2026.08.17 22:00,39N050760458000R,000001300016230255,0.0000,0.0000,,,nem
2026.08.17 21:00,2026.08.17 22:00,39N050760709000V,K3SC03401061094,10.0000,67.8000,,,nem
2026.08.17 21:00,2026.08.17 22:00,39N050762038000E,K02202246000183,0.0000,0.0000,,,nem
2026.08.17 21:00,2026.08.17 22:00,39N050762094000Z,000033300005960005,0.0000,0.0000,,,nem
2026.08.17 21:00,2026.08.17 22:00,39N050762094000Z,K3SC03400723975,0.0000,0.0000,,,nem
2026.08.17 21:00,2026.08.17 22:00,39N050764763000U,000012000075117793,0.0000,0.0000,,,nem
2026.08.17 21:00,2026.08.17 22:00,39N050764763000U,000053100006730746,0.0000,0.0000,,,nem
2026.08.17 21:00,2026.08.17 22:00,39N050764763000U,K3SC09000000002,0.0000,0.0000,,,nem
2026.08.17 21:00,2026.08.17 22:00,39N050764779000V,000052100004064528,0.0000,0.0000,,,nem
2026.08.17 21:00,2026.08.17 22:00,39N050764779000V,K3SC03402019421,0.0000,0.0000,,,nem
2026.08.17 21:00,2026.08.17 22:00,39N050765037000W,K02000017L29370,5.0000,5.0000,,,nem
2026.08.17 21:00,2026.08.17 22:00,39N0507679070008,000000002146000466,0.0000,0.0000,,,nem
2026.08.17 21:00,2026.08.17 22:00,39N0507679070008,000040300007204577,0.0000,0.0000,,,nem
2026.08.17 21:00,2026.08.17 22:00,39N0507679070008,000040300014219638,0.0000,0.0000,,,nem
2026.08.17 21:00,2026.08.17 22:00,39N0507679070008,000053100004211708,0.0000,0.0000,,,nem
2026.08.17 21:00,2026.08.17 22:00,39N0507679070008,000053300004078695,0.0000,0.0000,,,nem
2026.08.17 21:00,2026.08.17 22:00,39N0507679070008,SC07000001932,0.0000,0.0000,,,nem
2026.08.17 21:00,2026.08.17 22:00,39N0507693140006,000000002246000115,0.0000,0.0000,,,nem
2026.08.17 21:00,2026.08.17 22:00,39N0507705100001,000029900020514285,0.0000,0.0000,,,nem
2026.08.17 21:00,2026.08.17 22:00,39N0507705100001,000051303403563760,0.0000,0.0000,,,nem
2026.08.17 21:00,2026.08.17 22:00,39N0507705100001,000052700000899611,0.0000,0.0000,,,nem
2026.08.17 21:00,2026.08.17 22:00,39N0507705100001,K3SC07000001924,0.0000,0.0000,,,nem
2026.08.17 21:00,2026.08.17 22:00,39N050771852000C,K3SC07000001832,0.0000,0.0000,,,nem
2026.08.17 21:00,2026.08.17 22:00,39N0507730720003,000053300004228387,0.0000,0.0000,,,nem
2026.08.17 21:00,2026.08.17 22:00,39N050773615000J,K3SC34000505359,0.0000,0.0000,,,nem
2026.08.17 21:00,2026.08.17 22:00,39N050773622000S,000053300004228493,0.0000,0.0000,,,nem
2026.08.17 21:00,2026.08.17 22:00,39N050773622000S,K3SC09000000250,0.0000,0.0000,,,nem
2026.08.17 21:00,2026.08.17 22:00,39N050773882000F,K3SC03402019413,0.0000,0.0000,,,nem
2026.08.17 21:00,2026.08.17 22:00,39N0507741940003,K02000018L29724,0.0000,0.0000,,,nem
2026.08.17 21:00,2026.08.17 22:00,39N050774244000Q,000044700031395811,0.0000,0.0000,,,nem
2026.08.17 21:00,2026.08.17 22:00,39N050774244000Q,K3SC03400699635,11.3000,42.7000,,,nem
2026.08.17 21:00,2026.08.17 22:00,39N0507742750003,000027900020519928,0.0000,0.0000,,,nem
2026.08.17 21:00,2026.08.17 22:00,39N050775645000M,000008800045007665,0.0000,0.0000,,,nem
2026.08.17 21:00,2026.08.17 22:00,39N050775645000M,000027900020502769,0.0000,0.0000,,,nem
2026.08.17 21:00,2026.08.17 22:00,39N050776264000Z,000027100005870779,0.0000,0.0000,,,nem
2026.08.17 21:00,2026.08.17 22:00,39N050776439000E,000001300023106173,0.0000,0.0000,,,nem
2026.08.17 21:00,2026.08.17 22:00,39N050776439000E,SC07000006370,0.0000,0.0000,,,nem
2026.08.17 21:00,2026.08.17 22:00,39N050776462000V,K02000017L29063,0.0000,0.0000,,,nem
2026.08.17 21:00,2026.08.17 22:00,39N0507772080006,000000002246000073,0.0000,0.0000,,,nem
2026.08.17 21:00,2026.08.17 22:00,39N050777442000Z,000002600043780817,0.0000,0.0000,,,nem
2026.08.17 21:00,2026.08.17 22:00,39N050777442000Z,K02000017L29055,0.0000,0.0000,,,nem
2026.08.17 21:00,2026.08.17 22:00,39N050777442000Z,K02202146000484,0.0000,0.0000,,,nem
2026.08.17 21:00,2026.08.17 22:00,39N050777482000B,000000002246000043,0.0000,0.0000,,,nem
2026.08.17 21:00,2026.08.17 22:00,39N050792697000P,000027000005848410,0.0000,0.0000,,,nem
2026.08.17 21:00,2026.08.17 22:00,39N050793035000V,000035500084243061,0.0000,0.0000,,,nem
2026.08.17 21:00,2026.08.17 22:00,39N050793035000V,000035500084243063,0.0000,0.0000,,,igen
2026.08.17 21:00,2026.08.17 22:00,39N0507981050002,000029200020524061,0.0000,0.0000,,,nem
2026.08.17 21:00,2026.08.17 22:00,39N050813036000E,000027100005897973,0.0000,0.0000,,,nem
2026.08.17 21:00,2026.08.17 22:00,39N050814444000J,000053300003306760,0.0000,0.0000,,,nem
2026.08.17 21:00,2026.08.17 22:00,39N050816644000Q,000052600000899462,12.8000,12.5210,,,nem
2026.08.17 21:00,2026.08.17 22:00,39N0508179760006,SC10000001096,1.8300,6.3200,,,nem
2026.08.17 21:00,2026.08.17 22:00,39N050818676000J,000040400014219207,0.0000,0.0000,,,nem
2026.08.17 21:00,2026.08.17 22:00,39N050820134000W,000053100004211197,0.0200,0.0203,,,nem
2026.08.17 21:00,2026.08.17 22:00,39N050820134000W,K3SC03402019414,0.0000,0.0000,,,nem
2026.08.17 21:00,2026.08.17 22:00,39N050820458000G,000052700000885406,8.3000,8.5971,,,nem
2026.08.17 21:00,2026.08.17 22:00,39N050822345000S,000052600000884385,1.8000,1.7314,,,nem
2026.08.17 21:00,2026.08.17 22:00,39N0508227020002,K3SC03401147239,0.0000,0.0000,,,nem
2026.08.17 21:00,2026.08.17 22:00,39N050831052000K,K3SC03401169907,0.0000,0.0000,,,nem
2026.08.17 21:00,2026.08.17 22:00,39N050831052000K,K3SC07000006344,0.0000,0.0000,,,nem
2026.08.17 21:00,2026.08.17 22:00,39N050831214000K,K3SC08000001061,0.0000,0.0000,,,nem
2026.08.17 21:00,2026.08.17 22:00,39N050831732000K,000000002246000171,0.0000,0.0000,,,nem
2026.08.17 21:00,2026.08.17 22:00,39N050831732000K,000000002246000297,0.0000,0.0000,,,nem
2026.08.17 21:00,2026.08.17 22:00,39N050832564000Z,K3SC08000002241,0.0000,0.0000,,,nem
2026.08.17 21:00,2026.08.17 22:00,39N050833827000F,K3SC03400699729,0.0000,0.0000,,,nem
2026.08.17 21:00,2026.08.17 22:00,39N050836149000I,K3SC03401414828,0.0000,0.0000,,,nem
2026.08.17 21:00,2026.08.17 22:00,39N050836830000K,000000003403233014,0.0000,0.0000,,,nem
2026.08.17 21:00,2026.08.17 22:00,39N050836979000I,000053400003290796,0.0000,0.0000,,,nem
2026.08.17 21:00,2026.08.17 22:00,39N0508398450002,K3SC08000002237,0.0000,0.0000,,,nem
2026.08.17 21:00,2026.08.17 22:00,39N050841968000N,SC11000000589,0.0000,0.0000,,,nem
2026.08.17 21:00,2026.08.17 22:00,39N050843706000U,000053300004078513,0.0000,0.0000,,,nem
2026.08.17 21:00,2026.08.17 22:00,39N050844930000K,000052600000914889,0.9000,0.8816,,,nem
2026.08.17 21:00,2026.08.17 22:00,39N050847541000D,K3SC09000000240,0.0000,0.0000,,,nem
2026.08.17 21:00,2026.08.17 22:00,39N050847787000J,000034800000031563,0.0000,0.0000,,,nem
2026.08.17 21:00,2026.08.17 22:00,39N0508480240000,000052700000909509,0.0000,0.0000,,,nem
2026.08.17 21:00,2026.08.17 22:00,39N050848355000U,000040300012215942,0.0000,0.0000,,,nem
2026.08.17 21:00,2026.08.17 22:00,39N0508490730004,000051303403563818,17.5000,17.1290,,,nem
2026.08.17 21:00,2026.08.17 22:00,39N050849323000D,K3SC04000000054,1.8000,6.9300,,,nem
2026.08.17 21:00,2026.08.17 22:00,39N050851794000U,K3SC07000006360,0.0000,0.0000,,,nem
2026.08.17 21:00,2026.08.17 22:00,39N050861247000Y,K3SC09000003821,0.0000,0.0000,,,nem
2026.08.17 21:00,2026.08.17 22:00,39N050866001000P,000000002246000036,0.0000,0.0000,,,nem
2026.08.17 21:00,2026.08.17 22:00,39N050875710000B,K3SC11000000578,0.0000,0.0000,,,nem
2026.08.17 21:00,2026.08.17 22:00,39N0508759240008,K3SC03401061101,0.0000,0.0000,,,nem
2026.08.17 21:00,2026.08.17 22:00,39N0508788210006,000053300004078461,0.0000,0.0000,,,nem
2026.08.17 21:00,2026.08.17 22:00,39N050879364000V,K02000016L28058,0.0000,0.0000,,,nem
2026.08.17 21:00,2026.08.17 22:00,39N0508813320003,000029900020519902,0.0000,0.0000,,,nem
2026.08.17 21:00,2026.08.17 22:00,39N050882973000Z,000040300009900172,0.0000,0.0000,,,nem
2026.08.17 21:00,2026.08.17 22:00,39N050890535000A,000000002146000441,0.0000,0.0000,,,nem
2026.08.17 21:00,2026.08.17 22:00,39N0508949570002,000027100005897971,0.0000,0.0000,,,nem
2026.08.17 21:00,2026.08.17 22:00,39N050896400000C,K3SC03400574253,0.0000,0.0000,,,nem
2026.08.17 21:00,2026.08.17 22:00,39N050896796000I,000027700001184418,0.0000,0.0000,,,nem
2026.08.17 21:00,2026.08.17 22:00,39N050898846000P,K3SC03400699737,0.0000,0.0000,,,nem
2026.08.17 21:00,2026.08.17 22:00,39N050913091000U,000027100005848490,0.0000,0.0000,,,nem
2026.08.17 21:00,2026.08.17 22:00,39N050915973000R,K3SC08000002025,0.0000,0.0000,,,nem
2026.08.17 21:00,2026.08.17 22:00,39N050916593000Z,K3SC03401169915,12.0000,44.5000,,,nem
2026.08.17 22:00,2026.08.17 23:00,39N0500091210005,000038200077158060,0.0000,0.0000,,,nem
2026.08.17 22:00,2026.08.17 23:00,39N050022609000H,000053300003307178,0.1000,0.1012,,,nem
2026.08.17 22:00,2026.08.17 23:00,39N050029731000D,000052600000914866,0.0000,0.0000,,,nem
2026.08.17 22:00,2026.08.17 23:00,39N050031988000Q,000052600000899454,0.0000,0.0000,,,nem
2026.08.17 22:00,2026.08.17 23:00,39N050032468000S,000052700000899362,0.0000,0.0000,,,nem
2026.08.17 22:00,2026.08.17 23:00,39N050033836000K,000027100005848245,0.1000,0.1015,,,nem
2026.08.17 22:00,2026.08.17 23:00,39N050034412000Z,000002600043780756,0.0000,0.0000,,,nem
2026.08.17 22:00,2026.08.17 23:00,39N050034412000Z,000052700000885403,2.8000,2.7406,,,nem
2026.08.17 22:00,2026.08.17 23:00,39N0500344350008,000046700000888615,0.0000,0.0000,,,nem
2026.08.17 22:00,2026.08.17 23:00,39N050034459000D,000040400014219775,0.0000,0.0000,,,nem
2026.08.17 22:00,2026.08.17 23:00,39N050042294000Z,000040400008209973,0.0000,0.0000,,,nem
2026.08.17 22:00,2026.08.17 23:00,39N050044030000F,000027000035197562,0.0000,0.0000,,,nem
2026.08.17 22:00,2026.08.17 23:00,39N050052498000T,SC05000004104,0.0000,0.0000,,,nem
2026.08.17 22:00,2026.08.17 23:00,39N050053842000G,K3SC03401169905,0.0000,0.0000,,,nem
2026.08.17 22:00,2026.08.17 23:00,39N0500617550009,000044500034101914,0.0000,0.0000,,,nem
2026.08.17 22:00,2026.08.17 23:00,39N0500617550009,K3SC03400699700,0.0000,0.0000,,,nem
2026.08.17 22:00,2026.08.17 23:00,39N050066949000F,000053400003290721,0.0000,0.0000,,,nem
2026.08.17 22:00,2026.08.17 23:00,39N050068660000G,000035500084243026,0.0000,0.0000,,,nem
2026.08.17 22:00,2026.08.17 23:00,39N050068660000G,000035500084243027,0.0000,0.0000,,,nem
2026.08.17 22:00,2026.08.17 23:00,39N050071512000G,000051303403398537,0.0000,0.0000,,,nem
2026.08.17 22:00,2026.08.17 23:00,39N050073737000N,000040400006201455,0.0000,0.0000,,,nem
2026.08.17 22:00,2026.08.17 23:00,39N050073762000U,000053400004078277,0.0000,0.0000,,,nem
2026.08.17 22:00,2026.08.17 23:00,39N050075194000S,000029200020524049,14.6000,14.8701,,,nem
2026.08.17 22:00,2026.08.17 23:00,39N0500755940000,000027000005950284,0.0000,0.0000,,,nem
2026.08.17 22:00,2026.08.17 23:00,39N0500755940000,000052600000886571,0.0000,0.0000,,,nem
2026.08.17 22:00,2026.08.17 23:00,39N050076850000F,000006201754704050,0.0000,0.0000,,,nem
2026.08.17 22:00,2026.08.17 23:00,39N050076850000F,000040300006201137,0.2000,0.1959,,,nem
2026.08.17 22:00,2026.08.17 23:00,39N050081322000F,000053400003290798,0.0000,0.0000,,,nem
2026.08.17 22:00,2026.08.17 23:00,39N050083908000D,000006202897801002,0.0000,0.0000,,,nem
2026.08.17 22:00,2026.08.17 23:00,39N050083908000D,000040300011213334,0.0000,0.0000,,,nem
2026.08.17 22:00,2026.08.17 23:00,39N050089206000O,000006203403563919,2.3000,2.3156,,,igen
2026.08.17 22:00,2026.08.17 23:00,39N050089206000O,000028700084091487,0.0000,0.0000,,,nem
2026.08.17 22:00,2026.08.17 23:00,39N050089342000D,000015608267713002,0.0000,0.0000,,,nem
2026.08.17 22:00,2026.08.17 23:00,39N050094459000X,000040400006201425,0.0000,0.0000,,,nem
2026.08.17 22:00,2026.08.17 23:00,39N050094490000H,000027100005894204,9.2000,8.8863,,,nem
2026.08.17 22:00,2026.08.17 23:00,39N050106941000P,000027100005848507,0.0000,0.0000,,,nem
2026.08.17 22:00,2026.08.17 23:00,39N0501191590002,000029200020517908,0.0000,0.0000,,,nem
2026.08.17 22:00,2026.08.17 23:00,39N050132558000H,000040400007204469,1.3000,1.2724,,,nem
2026.08.17 22:00,2026.08.17 23:00,39N050137387000F,000052600000900202,7.7000,7.5368,,,nem
2026.08.17 22:00,2026.08.17 23:00,39N050145410000I,000027100005848241,0.2000,0.1958,,,nem
2026.08.17 22:00,2026.08.17 23:00,39N050146207000W,000052700000899364,0.0000,0.0000,,,nem
2026.08.17 22:00,2026.08.17 23:00,39N050153206000F,K3SC06000007800,0.0000,0.0000,,,nem
2026.08.17 22:00,2026.08.17 23:00,39N0501601470008,000040300008206765,0.0000,0.0000,,,igen
2026.08.17 22:00,2026.08.17 23:00,39N0501601470008,000040300014219822,0.0000,0.0000,,,igen
2026.08.17 22:00,2026.08.17 23:00,39N050160341000O,000052700000899034,0.6000,0.6092,,,igen
2026.08.17 22:00,2026.08.17 23:00,39N0501618590009,000053400002726045,6.4000,6.2643,,,nem
2026.08.17 22:00,2026.08.17 23:00,39N050168020000Z,L01A625,1.0000,0.9959,,,nem
2026.08.17 22:00,2026.08.17 23:00,39N050176728000R,000040300012214339,0.0000,0.0000,,,nem
2026.08.17 22:00,2026.08.17 23:00,39N050176728000R,000053300003348438,0.0000,0.0000,,,nem
2026.08.17 22:00,2026.08.17 23:00,39N050177032000I,000053400003290719,0.0000,0.0000,,,nem
2026.08.17 22:00,2026.08.17 23:00,39N0501770340008,000053400002725990,0.0000,0.0000,,,nem
2026.08.17 22:00,2026.08.17 23:00,39N050180150000J,000000002246000217,1.6900,1.6740,,,nem
2026.08.17 22:00,2026.08.17 23:00,39N050197735000A,000053400003290744,9.4000,9.4639,,,nem
2026.08.17 22:00,2026.08.17 23:00,39N0502000520004,000029900020519904,0.0000,0.0000,,,nem
2026.08.17 22:00,2026.08.17 23:00,39N0502000520004,000053400003290731,0.0000,0.0000,,,nem
2026.08.17 22:00,2026.08.17 23:00,39N050207087000G,000033300005960021,0.0000,0.0000,,,nem
2026.08.17 22:00,2026.08.17 23:00,39N050207887000Y,000011100000109615,0.0000,0.0000,,,nem
2026.08.17 22:00,2026.08.17 23:00,39N050208125000A,000028700084091484,0.0000,0.0000,,,nem
2026.08.17 22:00,2026.08.17 23:00,39N050208128000W,000052600000896583,0.0000,0.0000,,,nem
2026.08.17 22:00,2026.08.17 23:00,39N050208164000S,000000002246000198,10.0000,10.5200,,,nem
2026.08.17 22:00,2026.08.17 23:00,39N050209187000U,000027000005926405,0.0000,0.0000,,,nem
2026.08.17 22:00,2026.08.17 23:00,39N0502109170005,000053400003708002,0.0000,0.0000,,,nem
2026.08.17 22:00,2026.08.17 23:00,39N0502109620000,000027100005894243,0.0000,0.0000,,,nem
2026.08.17 22:00,2026.08.17 23:00,39N050212788000U,000053600000897292,0.0000,0.0000,,,nem
2026.08.17 22:00,2026.08.17 23:00,39N050213910000G,000027100005898038,0.0000,0.0000,,,nem
2026.08.17 22:00,2026.08.17 23:00,39N050214190000G,K3SC03400699752,1.2300,4.2300,,,nem
2026.08.17 22:00,2026.08.17 23:00,39N050214638000E,K02000017L28861,0.0000,0.0000,,,nem
2026.08.17 22:00,2026.08.17 23:00,39N050214647000D,K3SC06000003455,0.0000,0.0000,,,nem
2026.08.17 22:00,2026.08.17 23:00,39N050214652000W,000008800043449669,1.7200,1.7320,,,nem
2026.08.17 22:00,2026.08.17 23:00,39N050214652000W,000027000005894200,0.0000,0.0000,,,nem
2026.08.17 22:00,2026.08.17 23:00,39N050214652000W,K3SC08000002012,0.0000,0.0000,,,nem
2026.08.17 22:00,2026.08.17 23:00,39N050214655000H,K3SC09000000230,0.1000,0.5800,,,nem
2026.08.17 22:00,2026.08.17 23:00,39N050214668000X,000000002246000235,0.0000,0.0000,,,nem
2026.08.17 22:00,2026.08.17 23:00,39N050214674000A,K3SC07000007598,0.0000,0.0000,,,nem
2026.08.17 22:00,2026.08.17 23:00,39N050214697000K,K3SC07000006334,0.0000,0.0000,,,nem
2026.08.17 22:00,2026.08.17 23:00,39N050214912000Z,K3SC07000001923,0.0000,0.0000,,,nem
2026.08.17 22:00,2026.08.17 23:00,39N050214941000M,EP07883,0.0000,0.0000,,,nem
2026.08.17 22:00,2026.08.17 23:00,39N050215930000P,K3SC06000002907,0.0000,0.0000,,,nem
2026.08.17 22:00,2026.08.17 23:00,39N050215938000M,K02000017L29066,0.0000,0.0000,,,nem
2026.08.17 22:00,2026.08.17 23:00,39N0502159430004,K3SC07000001954,0.0000,0.0000,,,nem
2026.08.17 22:00,2026.08.17 23:00,39N050215958000A,000000002246000117,0.0000,0.0000,,,nem
2026.08.17 22:00,2026.08.17 23:00,39N050215958000A,K02000017L29366,0.0000,0.0000,,,nem
2026.08.17 22:00,2026.08.17 23:00,39N050215987000Y,000040300012214341,0.0000,0.0000,,,nem
2026.08.17 22:00,2026.08.17 23:00,39N050215987000Y,K3SC04000000062,0.0000,0.0000,,,nem
2026.08.17 22:00,2026.08.17 23:00,39N050215987000Y,K3SC07000002663,0.0000,0.0000,,,nem
2026.08.17 22:00,2026.08.17 23:00,39N050215990000Q,000000002146000419,0.0000,0.0000,,,nem
2026.08.17 22:00,2026.08.17 23:00,39N050215990000Q,000000002246000261,0.0470,0.0470,,,nem
2026.08.17 22:00,2026.08.17 23:00,39N050215996000X,000000002246000205,0.0000,0.0000,,,nem
2026.08.17 22:00,2026.08.17 23:00,39N050215996000X,000044600000607648,0.0000,0.0000,,,nem
2026.08.17 22:00,2026.08.17 23:00,39N050215996000X,000044600000614795,0.0000,0.0000,,,nem
2026.08.17 22:00,2026.08.17 23:00,39N050216000000O,K3SC08000006643,0.0000,0.0000,,,nem
2026.08.17 22:00,2026.08.17 23:00,39N050216189000Z,K3SC09000000005,0.0000,0.0000,,,nem
2026.08.17 22:00,2026.08.17 23:00,39N050216319000Q,K3SC04000000788,0.0000,0.0000,,,nem
2026.08.17 22:00,2026.08.17 23:00,39N050217344000P,SC06000007846,0.0000,0.0000,,,nem
2026.08.17 22:00,2026.08.17 23:00,39N050217514000T,000000002246000191,4.3890,4.6270,,,nem
2026.08.17 22:00,2026.08.17 23:00,39N050217594000I,K02000017L28855,0.0000,0.0000,,,nem
2026.08.17 22:00,2026.08.17 23:00,39N0502177240009,000006209160519002,1.4000,1.4098,,,igen
2026.08.17 22:00,2026.08.17 23:00,39N0502177240009,000027700001201786,0.0000,0.0000,,,nem
2026.08.17 22:00,2026.08.17 23:00,39N0502177240009,K3SC08000001999,0.0000,0.0000,,,nem
2026.08.17 22:00,2026.08.17 23:00,39N0502177250004,000000002146000444,0.0000,0.0000,,,nem
2026.08.17 22:00,2026.08.17 23:00,39N0502177250004,000053200002511869,0.0000,0.0000,,,nem
2026.08.17 22:00,2026.08.17 23:00,39N050218554000Y,K02202146000431,0.0000,0.0000,,,nem
2026.08.17 22:00,2026.08.17 23:00,39N050218563000X,000000000001084616,0.0000,0.0000,,,nem
2026.08.17 22:00,2026.08.17 23:00,39N050218588000X,K3SC08000009353,0.0000,0.0000,,,nem
2026.08.17 22:00,2026.08.17 23:00,39N050218591000P,000008800043780320,0.0000,0.0000,,,nem
2026.08.17 22:00,2026.08.17 23:00,39N050218591000P,K02202146000387,0.0000,0.0000,,,nem
2026.08.17 22:00,2026.08.17 23:00,39N0502185960000,000045500001090171,0.0000,0.0000,,,nem
2026.08.17 22:00,2026.08.17 23:00,39N0502186000003,000000002246000034,0.0000,0.0000,,,nem
2026.08.17 22:00,2026.08.17 23:00,39N0502186000003,000044500026294967,0.0000,0.0000,,,nem
2026.08.17 22:00,2026.08.17 23:00,39N050218709000P,000000002146000433,0.0000,0.0000,,,nem
2026.08.17 22:00,2026.08.17 23:00,39N050218709000P,000027000005871862,0.0000,0.0000,,,nem
2026.08.17 22:00,2026.08.17 23:00,39N050219101000P,000053100006284304,0.0000,0.0000,,,nem
2026.08.17 22:00,2026.08.17 23:00,39N050219101000P,K11702446102256,0.0000,0.0000,,,nem
2026.08.17 22:00,2026.08.17 23:00,39N050219111000J,000053100006086023,0.0100,0.0100,,,nem
2026.08.17 22:00,2026.08.17 23:00,39N050219111000J,K3SC08000002002,0.0000,0.0000,,,nem
2026.08.17 22:00,2026.08.17 23:00,39N0502191220008,000000002146000405,0.0000,0.0000,,,nem
2026.08.17 22:00,2026.08.17 23:00,39N050219127000K,K02000018L30060,0.0000,0.0000,,,nem
2026.08.17 22:00,2026.08.17 23:00,39N050219144000N,K3SC07000001933,4.0000,3.9100,,,nem
2026.08.17 22:00,2026.08.17 23:00,39N050222615000B,K3SC08000002009,0.0000,0.0000,,,nem
2026.08.17 22:00,2026.08.17 23:00,39N050224132000X,000052600000885006,0.0000,0.0000,,,nem
2026.08.17 22:00,2026.08.17 23:00,39N050225228000V,000052600000887973,0.0000,0.0000,,,nem
2026.08.17 22:00,2026.08.17 23:00,39N050225361000Z,000028700084243212,0.0000,0.0000,,,nem
2026.08.17 22:00,2026.08.17 23:00,39N050225592000Z,K02000018L29674,0.0000,0.0000,,,nem
2026.08.17 22:00,2026.08.17 23:00,39N0502258590003,000053400004078297,2.8000,2.6933,,,nem
2026.08.17 22:00,2026.08.17 23:00,39N0502320940001,000053400002726024,0.0000,0.0000,,,nem
2026.08.17 22:00,2026.08.17 23:00,39N050233268000E,000040300013218204,0.0000,0.0000,,,nem
2026.08.17 22:00,2026.08.17 23:00,39N050233872000X,K3SC09000003822,0.0000,0.0000,,,nem
2026.08.17 22:00,2026.08.17 23:00,39N050235722000H,000000002246000065,0.0000,0.0000,,,nem
2026.08.17 22:00,2026.08.17 23:00,39N050235781000N,000000000000071480,0.0000,0.0000,,,nem
2026.08.17 22:00,2026.08.17 23:00,39N050236245000H,000006209160513005,0.6000,0.5771,,,nem
2026.08.17 22:00,2026.08.17 23:00,39N0502362660000,000027900020508134,4.0000,4.0396,,,nem
2026.08.17 22:00,2026.08.17 23:00,39N0502362660000,000040300011213597,0.0000,0.0000,,,nem
2026.08.17 22:00,2026.08.17 23:00,39N0502477110003,000052700000884957,0.0000,0.0000,,,nem
2026.08.17 22:00,2026.08.17 23:00,39N0502510990003,000019900016977384,0.5000,0.5040,,,nem
2026.08.17 22:00,2026.08.17 23:00,39N050251837000U,000040300007204770,0.0000,0.0000,,,nem
2026.08.17 22:00,2026.08.17 23:00,39N050252043000I,000027100005898029,0.0000,0.0000,,,nem
2026.08.17 22:00,2026.08.17 23:00,39N050252204000N,000006203229509031,2.8000,2.8913,,,nem
2026.08.17 22:00,2026.08.17 23:00,39N050253671000Y,000053400003708027,0.0000,0.0000,,,nem
2026.08.17 22:00,2026.08.17 23:00,39N050254055000N,000028700084243189,0.0000,0.0000,,,nem
2026.08.17 22:00,2026.08.17 23:00,39N0502542550009,000006203403563870,1.0000,0.9795,,,nem
2026.08.17 22:00,2026.08.17 23:00,39N050258835000L,000019900017022057,15.8000,16.2155,,,nem
2026.08.17 22:00,2026.08.17 23:00,39N050261616000F,000027100005848476,0.0000,0.0000,,,nem
2026.08.17 22:00,2026.08.17 23:00,39N050269363000V,000052700000884401,0.0000,0.0000,,,nem
2026.08.17 22:00,2026.08.17 23:00,39N050316475000U,000003300035201642,0.0000,0.0000,,,nem
2026.08.17 22:00,2026.08.17 23:00,39N050316475000U,000027000005848437,0.0000,0.0000,,,nem
2026.08.17 22:00,2026.08.17 23:00,39N0503424040008,000027100005870727,0.3000,0.2935,,,nem
2026.08.17 22:00,2026.08.17 23:00,39N0503439790009,000029200020502760,0.0000,0.0000,,,nem
2026.08.17 22:00,2026.08.17 23:00,39N050369436000H,000052700000889661,0.0000,0.0000,,,nem
2026.08.17 22:00,2026.08.17 23:00,39N050373639000R,000040300006202862,0.0000,0.0000,,,igen
2026.08.17 22:00,2026.08.17 23:00,39N050373666000O,000052700000887369,0.0000,0.0000,,,nem
2026.08.17 22:00,2026.08.17 23:00,39N050377940000D,000053400002719761,4.5000,4.4046,,,nem
2026.08.17 22:00,2026.08.17 23:00,39N050381165000Y,000000002246000284,0.0000,0.0000,,,nem
2026.08.17 22:00,2026.08.17 23:00,39N050385675000Z,000040400009210687,2.8000,2.7390,,,nem
2026.08.17 22:00,2026.08.17 23:00,39N050405255000Q,000029200020519053,0.0000,0.0000,,,nem
2026.08.17 22:00,2026.08.17 23:00,39N050414007000M,000029900020520529,6.6000,6.4601,,,nem
2026.08.17 22:00,2026.08.17 23:00,39N050414007000M,000040300011213341,0.0000,0.0000,,,nem
2026.08.17 22:00,2026.08.17 23:00,39N050415384000Y,000000002146000548,0.0000,0.0000,,,nem
2026.08.17 22:00,2026.08.17 23:00,39N050415384000Y,000053100004423834,0.0000,0.0000,,,nem
2026.08.17 22:00,2026.08.17 23:00,39N0504237770004,000028400084243416,0.0000,0.0000,,,nem
2026.08.17 22:00,2026.08.17 23:00,39N050433181000O,000000002246000180,0.0000,0.0000,,,nem
2026.08.17 22:00,2026.08.17 23:00,39N050445873000K,000053400002725979,0.0000,0.0000,,,nem
2026.08.17 22:00,2026.08.17 23:00,39N050450493000U,K3SCC0400000594,0.0000,0.0000,,,nem
2026.08.17 22:00,2026.08.17 23:00,39N0504550620004,000052600000887704,0.1000,0.0979,,,nem
2026.08.17 22:00,2026.08.17 23:00,39N050458746000Y,000027100005870754,0.0000,0.0000,,,nem
2026.08.17 22:00,2026.08.17 23:00,39N050458746000Y,000053300004228243,0.2000,0.1959,,,nem
2026.08.17 22:00,2026.08.17 23:00,39N050458746000Y,000053300006548960,0.0000,0.0000,,,nem
2026.08.17 22:00,2026.08.17 23:00,39N0504648650006,000052600000887402,0.0000,0.0000,,,nem
2026.08.17 22:00,2026.08.17 23:00,39N050471715000L,000029200020517911,0.0000,0.0000,,,nem
2026.08.17 22:00,2026.08.17 23:00,39N050483780000G,000027100005870759,1.0000,1.0366,,,nem
2026.08.17 22:00,2026.08.17 23:00,39N050484438000J,000052600000889209,12.1000,11.8362,,,nem
2026.08.17 22:00,2026.08.17 23:00,39N050485100000G,000040400014219743,0.0000,0.0000,,,nem
2026.08.17 22:00,2026.08.17 23:00,39N0504864890005,000053400003287118,0.0000,0.0000,,,nem
2026.08.17 22:00,2026.08.17 23:00,39N050510259000R,000027100005848322,0.0000,0.0000,,,nem
2026.08.17 22:00,2026.08.17 23:00,39N050515515000A,000052700000885935,0.0000,0.0000,,,nem
2026.08.17 22:00,2026.08.17 23:00,39N0505226180003,000011100000109610,0.0000,0.0000,,,nem
2026.08.17 22:00,2026.08.17 23:00,39N0505384670009,000027100005848294,0.0000,0.0000,,,nem
2026.08.17 22:00,2026.08.17 23:00,39N0505387730002,000052600000900177,0.0000,0.0000,,,nem
2026.08.17 22:00,2026.08.17 23:00,39N050548215000H,000053400002719801,7.9000,7.7381,,,nem
2026.08.17 22:00,2026.08.17 23:00,39N050548840000J,K3SC09000000010,0.0000,0.0000,,,nem
2026.08.17 22:00,2026.08.17 23:00,39N050552094000R,000029900020521702,0.0000,0.0000,,,nem
2026.08.17 22:00,2026.08.17 23:00,39N050553222000K,K3SC08000003475,0.2000,0.7600,,,nem
2026.08.17 22:00,2026.08.17 23:00,39N050553661000A,000034800000061526,1.2000,1.2852,,,nem
2026.08.17 22:00,2026.08.17 23:00,39N0505752100002,000052600000887553,0.0000,0.0000,,,nem
2026.08.17 22:00,2026.08.17 23:00,39N050576124000C,000034800000546505,5.6000,5.6862,,,nem
2026.08.17 22:00,2026.08.17 23:00,39N0505779810001,000006202897801013,0.0000,0.0000,,,nem
2026.08.17 22:00,2026.08.17 23:00,39N050583139000X,000053300004078348,0.0000,0.0000,,,nem
2026.08.17 22:00,2026.08.17 23:00,39N0505847100003,000053400002726046,0.0000,0.0000,,,nem
2026.08.17 22:00,2026.08.17 23:00,39N0505992060002,000053400003708023,12.8000,12.5210,,,nem
2026.08.17 22:00,2026.08.17 23:00,39N050603076000J,000051303403563786,0.4000,0.3913,,,nem
2026.08.17 22:00,2026.08.17 23:00,39N050607494000V,000038200077141480,0.0000,0.0000,,,nem
2026.08.17 22:00,2026.08.17 23:00,39N0506230230009,000053400003707928,9.5000,9.2929,,,nem
2026.08.17 22:00,2026.08.17 23:00,39N050626352000P,000034800000072507,12.1000,11.8362,,,nem
2026.08.17 22:00,2026.08.17 23:00,39N050626352000P,000053300002318656,7.2000,7.0430,,,nem
2026.08.17 22:00,2026.08.17 23:00,39N050627784000Z,000001300013013134,0.0000,0.0000,,,nem
2026.08.17 22:00,2026.08.17 23:00,39N050627784000Z,K3SC03402019428,0.0000,0.0000,,,nem
2026.08.17 22:00,2026.08.17 23:00,39N050635744000T,000051303403398549,6.5000,6.6001,,,nem
2026.08.17 22:00,2026.08.17 23:00,39N050636182000C,000040300014219987,0.0000,0.0000,,,nem
2026.08.17 22:00,2026.08.17 23:00,39N050636182000C,000053200006188793,0.0000,0.0000,,,nem
2026.08.17 22:00,2026.08.17 23:00,39N050636182000C,000053300004228213,0.0000,0.0000,,,nem
2026.08.17 22:00,2026.08.17 23:00,39N050642904000H,000053400002719822,6.2000,6.2732,,,nem
2026.08.17 22:00,2026.08.17 23:00,39N0506488920006,000038200077159774,19.5000,19.7301,,,igen
2026.08.17 22:00,2026.08.17 23:00,39N050655561000S,000027000005848448,0.0000,0.0000,,,nem
2026.08.17 22:00,2026.08.17 23:00,39N050655561000S,000027000005950344,0.0000,0.0000,,,nem
2026.08.17 22:00,2026.08.17 23:00,39N050655561000S,000040200008208469,0.0000,0.0000,,,nem
2026.08.17 22:00,2026.08.17 23:00,39N050673657000W,000029900020524037,10.0000,9.7820,,,igen
2026.08.17 22:00,2026.08.17 23:00,39N050690260000L,000051303403663324,11.1000,10.8725,,,nem
2026.08.17 22:00,2026.08.17 23:00,39N050708788000F,000027000005921259,7.1000,6.8913,,,nem
2026.08.17 22:00,2026.08.17 23:00,39N050720770000X,000040400012214791,0.0000,0.0000,,,nem
2026.08.17 22:00,2026.08.17 23:00,39N050740233000M,000052700000900251,0.0000,0.0000,,,nem
2026.08.17 22:00,2026.08.17 23:00,39N050744134000T,000052600000888120,10.2000,9.9776,,,nem
2026.08.17 22:00,2026.08.17 23:00,39N0507451030007,000000002246000087,0.0950,0.0920,,,nem
2026.08.17 22:00,2026.08.17 23:00,39N0507495580003,000000002246000226,0.0000,0.0000,,,nem
2026.08.17 22:00,2026.08.17 23:00,39N050750365000F,000044500028323170,0.0000,0.0000,,,nem
2026.08.17 22:00,2026.08.17 23:00,39N050750365000F,K3SC08000011520,0.0000,0.0000,,,nem
2026.08.17 22:00,2026.08.17 23:00,39N050750873000L,K02000018L29990,0.0000,0.0000,,,nem
2026.08.17 22:00,2026.08.17 23:00,39N050753398000W,000008800043780262,0.1200,0.1219,,,nem
2026.08.17 22:00,2026.08.17 23:00,39N050753398000W,000027000005848440,0.0000,0.0000,,,igen
2026.08.17 22:00,2026.08.17 23:00,39N050753398000W,000027000005950363,0.0000,0.0000,,,nem
2026.08.17 22:00,2026.08.17 23:00,39N050753398000W,000028700084243194,0.0000,0.0000,,,nem
2026.08.17 22:00,2026.08.17 23:00,39N050753839000S,000040300014219478,0.0000,0.0000,,,nem
2026.08.17 22:00,2026.08.17 23:00,39N050753876000J,000027000005848396,0.0000,0.0000,,,nem
2026.08.17 22:00,2026.08.17 23:00,39N050753876000J,000051303403563777,0.0000,0.0000,,,nem
2026.08.17 22:00,2026.08.17 23:00,39N050753876000J,000053300002728766,0.0000,0.0000,,,nem
2026.08.17 22:00,2026.08.17 23:00,39N050754012000C,K3SC03402019415,0.0000,0.0000,,,nem
2026.08.17 22:00,2026.08.17 23:00,39N050754015000Y,000027100005870748,0.0000,0.0000,,,nem
2026.08.17 22:00,2026.08.17 23:00,39N050754015000Y,K3SC03400984912,0.0000,0.0000,,,nem
2026.08.17 22:00,2026.08.17 23:00,39N050754578000M,000027100005848567,0.0000,0.0000,,,nem
2026.08.17 22:00,2026.08.17 23:00,39N050754578000M,000053300004228283,0.0000,0.0000,,,nem
2026.08.17 22:00,2026.08.17 23:00,39N050754578000M,000053400003290776,0.0000,0.0000,,,nem
2026.08.17 22:00,2026.08.17 23:00,39N050754716000H,000040300006200780,0.0000,0.0000,,,nem
2026.08.17 22:00,2026.08.17 23:00,39N050754716000H,K3SC04000000943,0.0000,0.0000,,,nem
2026.08.17 22:00,2026.08.17 23:00,39N050755929000B,SC07000007591,0.0000,0.0000,,,nem
2026.08.17 22:00,2026.08.17 23:00,39N050755997000G,000000002246000049,0.0000,0.0000,,,nem
2026.08.17 22:00,2026.08.17 23:00,39N050755997000G,000003500035198891,0.0000,0.0000,,,nem
2026.08.17 22:00,2026.08.17 23:00,39N0507569640004,000029200020511689,0.0000,0.0000,,,nem
2026.08.17 22:00,2026.08.17 23:00,39N050756996000D,K3SC08000006659,0.0000,0.0000,,,nem
2026.08.17 22:00,2026.08.17 23:00,39N050757163000K,K3SC08000005254,0.0000,0.0000,,,nem
2026.08.17 22:00,2026.08.17 23:00,39N050757415000J,000053400003290785,0.0000,0.0000,,,nem
2026.08.17 22:00,2026.08.17 23:00,39N050757415000J,K3SC09000000237,0.0000,0.0000,,,nem
2026.08.17 22:00,2026.08.17 23:00,39N050757439000O,000001300013505669,0.0000,0.0000,,,nem
2026.08.17 22:00,2026.08.17 23:00,39N050757439000O,000040300012216291,0.0000,0.0000,,,nem
2026.08.17 22:00,2026.08.17 23:00,39N050757439000O,000044500037979231,0.0000,0.0000,,,nem
2026.08.17 22:00,2026.08.17 23:00,39N050757439000O,K3SC08000002229,0.0000,0.0000,,,nem
2026.08.17 22:00,2026.08.17 23:00,39N050757450000K,000053400002719733,0.0000,0.0000,,,nem
2026.08.17 22:00,2026.08.17 23:00,39N050757450000K,K3SC03401169913,0.0000,0.0000,,,nem
2026.08.17 22:00,2026.08.17 23:00,39N050757472000Z,000000002246000059,0.0000,0.0000,,,nem
2026.08.17 22:00,2026.08.17 23:00,39N050757472000Z,000053400002719783,0.0000,0.0000,,,nem
2026.08.17 22:00,2026.08.17 23:00,39N050758923000H,000027900020522241,0.0000,0.0000,,,nem
2026.08.17 22:00,2026.08.17 23:00,39N050759606000R,K02202146000564,0.1800,0.1730,,,nem
2026.08.17 22:00,2026.08.17 23:00,39N0507599930004,000002800024149874,0.0000,0.0000,,,nem
2026.08.17 22:00,2026.08.17 23:00,39N0507599930004,SC07000001919,0.0000,0.0000,,,nem
2026.08.17 22:00,2026.08.17 23:00,39N050760458000R,000000002246000162,0.0000,0.0000,,,nem
2026.08.17 22:00,2026.08.17 23:00,39N050760458000R,000001300016230255,0.0000,0.0000,,,nem
2026.08.17 22:00,2026.08.17 23:00,39N050760709000V,K3SC03401061094,10.2000,69.3200,,,nem
2026.08.17 22:00,2026.08.17 23:00,39N050762038000E,K02202246000183,0.0000,0.0000,,,nem
2026.08.17 22:00,2026.08.17 23:00,39N050762094000Z,000033300005960005,0.0000,0.0000,,,nem
2026.08.17 22:00,2026.08.17 23:00,39N050762094000Z,K3SC03400723975,0.0000,0.0000,,,nem
2026.08.17 22:00,2026.08.17 23:00,39N050764763000U,000012000075117793,0.0000,0.0000,,,nem
2026.08.17 22:00,2026.08.17 23:00,39N050764763000U,000053100006730746,0.0000,0.0000,,,nem
2026.08.17 22:00,2026.08.17 23:00,39N050764763000U,K3SC09000000002,0.0000,0.0000,,,nem
2026.08.17 22:00,2026.08.17 23:00,39N050764779000V,000052100004064528,0.0000,0.0000,,,nem
2026.08.17 22:00,2026.08.17 23:00,39N050764779000V,K3SC03402019421,0.0000,0.0000,,,nem
2026.08.17 22:00,2026.08.17 23:00,39N050765037000W,K02000017L29370,1.0000,1.0000,,,nem
2026.08.17 22:00,2026.08.17 23:00,39N0507679070008,000000002146000466,0.0000,0.0000,,,nem
2026.08.17 22:00,2026.08.17 23:00,39N0507679070008,000040300007204577,0.0000,0.0000,,,nem
2026.08.17 22:00,2026.08.17 23:00,39N0507679070008,000040300014219638,0.0000,0.0000,,,nem
2026.08.17 22:00,2026.08.17 23:00,39N0507679070008,000053100004211708,0.0000,0.0000,,,nem
2026.08.17 22:00,2026.08.17 23:00,39N0507679070008,000053300004078695,0.0000,0.0000,,,nem
2026.08.17 22:00,2026.08.17 23:00,39N0507679070008,SC07000001932,0.0000,0.0000,,,nem
2026.08.17 22:00,2026.08.17 23:00,39N0507693140006,000000002246000115,0.0000,0.0000,,,nem
2026.08.17 22:00,2026.08.17 23:00,39N0507705100001,000029900020514285,0.0000,0.0000,,,nem
2026.08.17 22:00,2026.08.17 23:00,39N0507705100001,000051303403563760,0.0000,0.0000,,,nem
2026.08.17 22:00,2026.08.17 23:00,39N0507705100001,000052700000899611,0.0000,0.0000,,,nem
2026.08.17 22:00,2026.08.17 23:00,39N0507705100001,K3SC07000001924,0.0000,0.0000,,,nem
2026.08.17 22:00,2026.08.17 23:00,39N050771852000C,K3SC07000001832,0.0000,0.0000,,,nem
2026.08.17 22:00,2026.08.17 23:00,39N0507730720003,000053300004228387,0.0000,0.0000,,,nem
2026.08.17 22:00,2026.08.17 23:00,39N050773615000J,K3SC34000505359,0.0000,0.0000,,,nem
2026.08.17 22:00,2026.08.17 23:00,39N050773622000S,000053300004228493,0.0000,0.0000,,,nem
2026.08.17 22:00,2026.08.17 23:00,39N050773622000S,K3SC09000000250,0.0000,0.0000,,,nem
2026.08.17 22:00,2026.08.17 23:00,39N050773882000F,K3SC03402019413,0.0000,0.0000,,,nem
2026.08.17 22:00,2026.08.17 23:00,39N0507741940003,K02000018L29724,0.0000,0.0000,,,nem
2026.08.17 22:00,2026.08.17 23:00,39N050774244000Q,000044700031395811,0.0000,0.0000,,,nem
2026.08.17 22:00,2026.08.17 23:00,39N050774244000Q,K3SC03400699635,11.4000,43.1800,,,nem
2026.08.17 22:00,2026.08.17 23:00,39N0507742750003,000027900020519928,0.0000,0.0000,,,nem
2026.08.17 22:00,2026.08.17 23:00,39N050775645000M,000008800045007665,0.0000,0.0000,,,nem
2026.08.17 22:00,2026.08.17 23:00,39N050775645000M,000027900020502769,0.0000,0.0000,,,nem
2026.08.17 22:00,2026.08.17 23:00,39N050776264000Z,000027100005870779,0.1000,0.0978,,,nem
2026.08.17 22:00,2026.08.17 23:00,39N050776439000E,000001300023106173,0.0000,0.0000,,,nem
2026.08.17 22:00,2026.08.17 23:00,39N050776439000E,SC07000006370,0.0000,0.0000,,,nem
2026.08.17 22:00,2026.08.17 23:00,39N050776462000V,K02000017L29063,0.0000,0.0000,,,nem
2026.08.17 22:00,2026.08.17 23:00,39N0507772080006,000000002246000073,0.0000,0.0000,,,nem
2026.08.17 22:00,2026.08.17 23:00,39N050777442000Z,000002600043780817,0.0000,0.0000,,,nem
2026.08.17 22:00,2026.08.17 23:00,39N050777442000Z,K02000017L29055,1.0000,1.0000,,,nem
2026.08.17 22:00,2026.08.17 23:00,39N050777442000Z,K02202146000484,0.0000,0.0000,,,nem
2026.08.17 22:00,2026.08.17 23:00,39N050777482000B,000000002246000043,0.0000,0.0000,,,nem
2026.08.17 22:00,2026.08.17 23:00,39N050792697000P,000027000005848410,0.0000,0.0000,,,nem
2026.08.17 22:00,2026.08.17 23:00,39N050793035000V,000035500084243061,0.0000,0.0000,,,nem
2026.08.17 22:00,2026.08.17 23:00,39N050793035000V,000035500084243063,0.0000,0.0000,,,igen
2026.08.17 22:00,2026.08.17 23:00,39N0507981050002,000029200020524061,0.0000,0.0000,,,nem
2026.08.17 22:00,2026.08.17 23:00,39N050813036000E,000027100005897973,0.0000,0.0000,,,nem
2026.08.17 22:00,2026.08.17 23:00,39N050814444000J,000053300003306760,0.0000,0.0000,,,nem
2026.08.17 22:00,2026.08.17 23:00,39N050816644000Q,000052600000899462,15.5000,15.1621,,,nem
2026.08.17 22:00,2026.08.17 23:00,39N0508179760006,SC10000001096,1.8900,6.5800,,,nem
2026.08.17 22:00,2026.08.17 23:00,39N050818676000J,000040400014219207,0.0000,0.0000,,,nem
2026.08.17 22:00,2026.08.17 23:00,39N050820134000W,000053100004211197,0.0100,0.0102,,,nem
2026.08.17 22:00,2026.08.17 23:00,39N050820134000W,K3SC03402019414,0.0000,0.0000,,,nem
2026.08.17 22:00,2026.08.17 23:00,39N050820458000G,000052700000885406,0.3000,0.3107,,,nem
2026.08.17 22:00,2026.08.17 23:00,39N050822345000S,000052600000884385,0.0000,0.0000,,,nem
2026.08.17 22:00,2026.08.17 23:00,39N0508227020002,K3SC03401147239,0.0000,0.0000,,,nem
2026.08.17 22:00,2026.08.17 23:00,39N050831052000K,K3SC03401169907,0.0000,0.0000,,,nem
2026.08.17 22:00,2026.08.17 23:00,39N050831052000K,K3SC07000006344,0.0000,0.0000,,,nem
2026.08.17 22:00,2026.08.17 23:00,39N050831214000K,K3SC08000001061,0.0000,0.0000,,,nem
2026.08.17 22:00,2026.08.17 23:00,39N050831732000K,000000002246000171,0.0000,0.0000,,,nem
2026.08.17 22:00,2026.08.17 23:00,39N050831732000K,000000002246000297,0.0000,0.0000,,,nem
2026.08.17 22:00,2026.08.17 23:00,39N050832564000Z,K3SC08000002241,0.0000,0.0000,,,nem
2026.08.17 22:00,2026.08.17 23:00,39N050833827000F,K3SC03400699729,0.0000,0.0000,,,nem
2026.08.17 22:00,2026.08.17 23:00,39N050836149000I,K3SC03401414828,0.0000,0.0000,,,nem
2026.08.17 22:00,2026.08.17 23:00,39N050836830000K,000000003403233014,0.1000,0.7700,,,nem
2026.08.17 22:00,2026.08.17 23:00,39N050836979000I,000053400003290796,0.0000,0.0000,,,nem
2026.08.17 22:00,2026.08.17 23:00,39N0508398450002,K3SC08000002237,0.0000,0.0000,,,nem
2026.08.17 22:00,2026.08.17 23:00,39N050841968000N,SC11000000589,0.0000,0.0000,,,nem
2026.08.17 22:00,2026.08.17 23:00,39N050843706000U,000053300004078513,0.0000,0.0000,,,nem
2026.08.17 22:00,2026.08.17 23:00,39N050844930000K,000052600000914889,0.2000,0.1959,,,nem
2026.08.17 22:00,2026.08.17 23:00,39N050847541000D,K3SC09000000240,0.0000,0.0000,,,nem
2026.08.17 22:00,2026.08.17 23:00,39N050847787000J,000034800000031563,0.0000,0.0000,,,nem
2026.08.17 22:00,2026.08.17 23:00,39N0508480240000,000052700000909509,0.0000,0.0000,,,nem
2026.08.17 22:00,2026.08.17 23:00,39N050848355000U,000040300012215942,0.0000,0.0000,,,nem
2026.08.17 22:00,2026.08.17 23:00,39N0508490730004,000051303403563818,17.5000,17.1290,,,nem
2026.08.17 22:00,2026.08.17 23:00,39N050849323000D,K3SC04000000054,1.6000,6.2100,,,nem
2026.08.17 22:00,2026.08.17 23:00,39N050851794000U,K3SC07000006360,0.0000,0.0000,,,nem
2026.08.17 22:00,2026.08.17 23:00,39N050861247000Y,K3SC09000003821,7.7000,24.9900,,,nem
2026.08.17 22:00,2026.08.17 23:00,39N050866001000P,000000002246000036,0.0000,0.0000,,,nem
2026.08.17 22:00,2026.08.17 23:00,39N050875710000B,K3SC11000000578,0.0000,0.0000,,,nem
2026.08.17 22:00,2026.08.17 23:00,39N0508759240008,K3SC03401061101,0.0000,0.0000,,,nem
2026.08.17 22:00,2026.08.17 23:00,39N0508788210006,000053300004078461,0.0000,0.0000,,,nem
2026.08.17 22:00,2026.08.17 23:00,39N050879364000V,K02000016L28058,0.0000,0.0000,,,nem
2026.08.17 22:00,2026.08.17 23:00,39N0508813320003,000029900020519902,0.0000,0.0000,,,nem
2026.08.17 22:00,2026.08.17 23:00,39N050882973000Z,000040300009900172,0.0000,0.0000,,,nem
2026.08.17 22:00,2026.08.17 23:00,39N050890535000A,000000002146000441,0.0000,0.0000,,,nem
2026.08.17 22:00,2026.08.17 23:00,39N0508949570002,000027100005897971,0.0000,0.0000,,,nem
2026.08.17 22:00,2026.08.17 23:00,39N050896400000C,K3SC03400574253,0.0000,0.0000,,,nem
2026.08.17 22:00,2026.08.17 23:00,39N050896796000I,000027700001184418,0.0000,0.0000,,,nem
2026.08.17 22:00,2026.08.17 23:00,39N050898846000P,K3SC03400699737,0.0000,0.0000,,,nem
2026.08.17 22:00,2026.08.17 23:00,39N050913091000U,000027100005848490,0.4000,0.4039,,,nem
2026.08.17 22:00,2026.08.17 23:00,39N050915973000R,K3SC08000002025,0.0000,0.0000,,,nem
2026.08.17 22:00,2026.08.17 23:00,39N050916593000Z,K3SC03401169915,47.3000,176.7900,,,nem
2026.08.17 23:00,2026.08.18 00:00,39N0500091210005,000038200077158060,0.0000,0.0000,,,nem
2026.08.17 23:00,2026.08.18 00:00,39N050022609000H,000053300003307178,0.1000,0.1012,,,nem
2026.08.17 23:00,2026.08.18 00:00,39N050029731000D,000052600000914866,0.0000,0.0000,,,nem
2026.08.17 23:00,2026.08.18 00:00,39N050031988000Q,000052600000899454,0.0000,0.0000,,,nem
2026.08.17 23:00,2026.08.18 00:00,39N050032468000S,000052700000899362,0.0000,0.0000,,,nem
2026.08.17 23:00,2026.08.18 00:00,39N050033836000K,000027100005848245,0.0000,0.0000,,,nem
2026.08.17 23:00,2026.08.18 00:00,39N050034412000Z,000002600043780756,0.0000,0.0000,,,nem
2026.08.17 23:00,2026.08.18 00:00,39N050034412000Z,000052700000885403,2.8000,2.7406,,,nem
2026.08.17 23:00,2026.08.18 00:00,39N0500344350008,000046700000888615,0.0000,0.0000,,,nem
2026.08.17 23:00,2026.08.18 00:00,39N050034459000D,000040400014219775,0.0000,0.0000,,,nem
2026.08.17 23:00,2026.08.18 00:00,39N050042294000Z,000040400008209973,0.0000,0.0000,,,nem
2026.08.17 23:00,2026.08.18 00:00,39N050044030000F,000027000035197562,1.4000,1.4221,,,nem
2026.08.17 23:00,2026.08.18 00:00,39N050052498000T,SC05000004104,0.0000,0.0000,,,nem
2026.08.17 23:00,2026.08.18 00:00,39N050053842000G,K3SC03401169905,0.0000,0.0000,,,nem
2026.08.17 23:00,2026.08.18 00:00,39N0500617550009,000044500034101914,0.0000,0.0000,,,nem
2026.08.17 23:00,2026.08.18 00:00,39N0500617550009,K3SC03400699700,0.0000,0.0000,,,nem
2026.08.17 23:00,2026.08.18 00:00,39N050066949000F,000053400003290721,0.0000,0.0000,,,nem
2026.08.17 23:00,2026.08.18 00:00,39N050068660000G,000035500084243026,0.0000,0.0000,,,nem
2026.08.17 23:00,2026.08.18 00:00,39N050068660000G,000035500084243027,0.0000,0.0000,,,nem
2026.08.17 23:00,2026.08.18 00:00,39N050071512000G,000051303403398537,0.0000,0.0000,,,nem
2026.08.17 23:00,2026.08.18 00:00,39N050073737000N,000040400006201455,0.0000,0.0000,,,nem
2026.08.17 23:00,2026.08.18 00:00,39N050073762000U,000053400004078277,0.0000,0.0000,,,nem
2026.08.17 23:00,2026.08.18 00:00,39N050075194000S,000029200020524049,15.1000,15.3794,,,nem
2026.08.17 23:00,2026.08.18 00:00,39N0500755940000,000027000005950284,0.0000,0.0000,,,nem
2026.08.17 23:00,2026.08.18 00:00,39N0500755940000,000052600000886571,0.0000,0.0000,,,nem
2026.08.17 23:00,2026.08.18 00:00,39N050076850000F,000006201754704050,0.0000,0.0000,,,nem
2026.08.17 23:00,2026.08.18 00:00,39N050076850000F,000040300006201137,0.4000,0.3918,,,nem
2026.08.17 23:00,2026.08.18 00:00,39N050081322000F,000053400003290798,0.0000,0.0000,,,nem
2026.08.17 23:00,2026.08.18 00:00,39N050083908000D,000006202897801002,0.0000,0.0000,,,nem
2026.08.17 23:00,2026.08.18 00:00,39N050083908000D,000040300011213334,0.0000,0.0000,,,nem
2026.08.17 23:00,2026.08.18 00:00,39N050089206000O,000006203403563919,1.9000,1.9129,,,igen
2026.08.17 23:00,2026.08.18 00:00,39N050089206000O,000028700084091487,0.0000,0.0000,,,nem
2026.08.17 23:00,2026.08.18 00:00,39N050089342000D,000015608267713002,0.0000,0.0000,,,nem
2026.08.17 23:00,2026.08.18 00:00,39N050094459000X,000040400006201425,0.0000,0.0000,,,nem
2026.08.17 23:00,2026.08.18 00:00,39N050094490000H,000027100005894204,7.4000,7.1477,,,nem
2026.08.17 23:00,2026.08.18 00:00,39N050106941000P,000027100005848507,0.0000,0.0000,,,nem
2026.08.17 23:00,2026.08.18 00:00,39N0501191590002,000029200020517908,0.0000,0.0000,,,nem
2026.08.17 23:00,2026.08.18 00:00,39N050132558000H,000040400007204469,0.0000,0.0000,,,nem
2026.08.17 23:00,2026.08.18 00:00,39N050137387000F,000052600000900202,8.4000,8.2219,,,nem
2026.08.17 23:00,2026.08.18 00:00,39N050145410000I,000027100005848241,0.2000,0.1958,,,nem
2026.08.17 23:00,2026.08.18 00:00,39N050146207000W,000052700000899364,0.0000,0.0000,,,nem
2026.08.17 23:00,2026.08.18 00:00,39N050153206000F,K3SC06000007800,1.0000,0.9800,,,nem
2026.08.17 23:00,2026.08.18 00:00,39N0501601470008,000040300008206765,0.0000,0.0000,,,igen
2026.08.17 23:00,2026.08.18 00:00,39N0501601470008,000040300014219822,0.0000,0.0000,,,igen
2026.08.17 23:00,2026.08.18 00:00,39N050160341000O,000052700000899034,1.0000,1.0154,,,igen
2026.08.17 23:00,2026.08.18 00:00,39N0501618590009,000053400002726045,3.4000,3.3279,,,nem
2026.08.17 23:00,2026.08.18 00:00,39N050168020000Z,L01A625,3.0000,2.9877,,,nem
2026.08.17 23:00,2026.08.18 00:00,39N050176728000R,000040300012214339,0.0000,0.0000,,,nem
2026.08.17 23:00,2026.08.18 00:00,39N050176728000R,000053300003348438,0.0000,0.0000,,,nem
2026.08.17 23:00,2026.08.18 00:00,39N050177032000I,000053400003290719,0.0000,0.0000,,,nem
2026.08.17 23:00,2026.08.18 00:00,39N0501770340008,000053400002725990,1.1000,1.1089,,,nem
2026.08.17 23:00,2026.08.18 00:00,39N050180150000J,000000002246000217,1.3430,1.3370,,,nem
2026.08.17 23:00,2026.08.18 00:00,39N050197735000A,000053400003290744,0.0000,0.0000,,,nem
2026.08.17 23:00,2026.08.18 00:00,39N0502000520004,000029900020519904,0.0000,0.0000,,,nem
2026.08.17 23:00,2026.08.18 00:00,39N0502000520004,000053400003290731,0.1000,0.0957,,,nem
2026.08.17 23:00,2026.08.18 00:00,39N050207087000G,000033300005960021,0.0000,0.0000,,,nem
2026.08.17 23:00,2026.08.18 00:00,39N050207887000Y,000011100000109615,0.0000,0.0000,,,nem
2026.08.17 23:00,2026.08.18 00:00,39N050208125000A,000028700084091484,0.0000,0.0000,,,nem
2026.08.17 23:00,2026.08.18 00:00,39N050208128000W,000052600000896583,0.0000,0.0000,,,nem
2026.08.17 23:00,2026.08.18 00:00,39N050208164000S,000000002246000198,5.0000,5.2780,,,nem
2026.08.17 23:00,2026.08.18 00:00,39N050209187000U,000027000005926405,0.0000,0.0000,,,nem
2026.08.17 23:00,2026.08.18 00:00,39N0502109170005,000053400003708002,0.0000,0.0000,,,nem
2026.08.17 23:00,2026.08.18 00:00,39N0502109620000,000027100005894243,0.0000,0.0000,,,nem
2026.08.17 23:00,2026.08.18 00:00,39N050212788000U,000053600000897292,0.0000,0.0000,,,nem
2026.08.17 23:00,2026.08.18 00:00,39N050213910000G,000027100005898038,0.0000,0.0000,,,nem
2026.08.17 23:00,2026.08.18 00:00,39N050214190000G,K3SC03400699752,0.4700,1.6500,,,nem
2026.08.17 23:00,2026.08.18 00:00,39N050214638000E,K02000017L28861,0.0000,0.0000,,,nem
2026.08.17 23:00,2026.08.18 00:00,39N050214647000D,K3SC06000003455,0.0000,0.0000,,,nem
2026.08.17 23:00,2026.08.18 00:00,39N050214652000W,000008800043449669,1.6200,1.6313,,,nem
2026.08.17 23:00,2026.08.18 00:00,39N050214652000W,000027000005894200,0.0000,0.0000,,,nem
2026.08.17 23:00,2026.08.18 00:00,39N050214652000W,K3SC08000002012,0.0000,0.0000,,,nem
2026.08.17 23:00,2026.08.18 00:00,39N050214655000H,K3SC09000000230,0.1000,0.5800,,,nem
2026.08.17 23:00,2026.08.18 00:00,39N050214668000X,000000002246000235,0.0000,0.0000,,,nem
2026.08.17 23:00,2026.08.18 00:00,39N050214674000A,K3SC07000007598,0.0000,0.0000,,,nem
2026.08.17 23:00,2026.08.18 00:00,39N050214697000K,K3SC07000006334,0.0000,0.0000,,,nem
2026.08.17 23:00,2026.08.18 00:00,39N050214912000Z,K3SC07000001923,0.0000,0.0000,,,nem
2026.08.17 23:00,2026.08.18 00:00,39N050214941000M,EP07883,0.0000,0.0000,,,nem
2026.08.17 23:00,2026.08.18 00:00,39N050215930000P,K3SC06000002907,0.0000,0.0000,,,nem
2026.08.17 23:00,2026.08.18 00:00,39N050215938000M,K02000017L29066,0.0000,0.0000,,,nem
2026.08.17 23:00,2026.08.18 00:00,39N0502159430004,K3SC07000001954,0.0000,0.0000,,,nem
2026.08.17 23:00,2026.08.18 00:00,39N050215958000A,000000002246000117,0.0000,0.0000,,,nem
2026.08.17 23:00,2026.08.18 00:00,39N050215958000A,K02000017L29366,0.0000,0.0000,,,nem
2026.08.17 23:00,2026.08.18 00:00,39N050215987000Y,000040300012214341,0.0000,0.0000,,,nem
2026.08.17 23:00,2026.08.18 00:00,39N050215987000Y,K3SC04000000062,0.0000,0.0000,,,nem
2026.08.17 23:00,2026.08.18 00:00,39N050215987000Y,K3SC07000002663,0.0000,0.0000,,,nem
2026.08.17 23:00,2026.08.18 00:00,39N050215990000Q,000000002146000419,0.0000,0.0000,,,nem
2026.08.17 23:00,2026.08.18 00:00,39N050215990000Q,000000002246000261,0.0090,0.0090,,,nem
2026.08.17 23:00,2026.08.18 00:00,39N050215996000X,000000002246000205,0.0000,0.0000,,,nem
2026.08.17 23:00,2026.08.18 00:00,39N050215996000X,000044600000607648,0.0000,0.0000,,,nem
2026.08.17 23:00,2026.08.18 00:00,39N050215996000X,000044600000614795,0.0000,0.0000,,,nem
2026.08.17 23:00,2026.08.18 00:00,39N050216000000O,K3SC08000006643,0.0000,0.0000,,,nem
2026.08.17 23:00,2026.08.18 00:00,39N050216189000Z,K3SC09000000005,0.0000,0.0000,,,nem
2026.08.17 23:00,2026.08.18 00:00,39N050216319000Q,K3SC04000000788,0.0000,0.0000,,,nem
2026.08.17 23:00,2026.08.18 00:00,39N050217344000P,SC06000007846,25.0000,48.0900,,,nem
2026.08.17 23:00,2026.08.18 00:00,39N050217514000T,000000002246000191,8.5550,9.0300,,,nem
2026.08.17 23:00,2026.08.18 00:00,39N050217594000I,K02000017L28855,0.0000,0.0000,,,nem
2026.08.17 23:00,2026.08.18 00:00,39N0502177240009,000006209160519002,1.1000,1.1077,,,igen
2026.08.17 23:00,2026.08.18 00:00,39N0502177240009,000027700001201786,0.0000,0.0000,,,nem
2026.08.17 23:00,2026.08.18 00:00,39N0502177240009,K3SC08000001999,0.0000,0.0000,,,nem
2026.08.17 23:00,2026.08.18 00:00,39N0502177250004,000000002146000444,0.0000,0.0000,,,nem
2026.08.17 23:00,2026.08.18 00:00,39N0502177250004,000053200002511869,0.0000,0.0000,,,nem
2026.08.17 23:00,2026.08.18 00:00,39N050218554000Y,K02202146000431,0.0000,0.0000,,,nem
2026.08.17 23:00,2026.08.18 00:00,39N050218563000X,000000000001084616,0.0000,0.0000,,,nem
2026.08.17 23:00,2026.08.18 00:00,39N050218588000X,K3SC08000009353,0.0000,0.0000,,,nem
2026.08.17 23:00,2026.08.18 00:00,39N050218591000P,000008800043780320,0.0000,0.0000,,,nem
2026.08.17 23:00,2026.08.18 00:00,39N050218591000P,K02202146000387,0.0000,0.0000,,,nem
2026.08.17 23:00,2026.08.18 00:00,39N0502185960000,000045500001090171,0.0000,0.0000,,,nem
2026.08.17 23:00,2026.08.18 00:00,39N0502186000003,000000002246000034,0.0000,0.0000,,,nem
2026.08.17 23:00,2026.08.18 00:00,39N0502186000003,000044500026294967,0.0000,0.0000,,,nem
2026.08.17 23:00,2026.08.18 00:00,39N050218709000P,000000002146000433,0.0000,0.0000,,,nem
2026.08.17 23:00,2026.08.18 00:00,39N050218709000P,000027000005871862,0.0000,0.0000,,,nem
2026.08.17 23:00,2026.08.18 00:00,39N050219101000P,000053100006284304,0.0000,0.0000,,,nem
2026.08.17 23:00,2026.08.18 00:00,39N050219101000P,K11702446102256,0.0000,0.0000,,,nem
2026.08.17 23:00,2026.08.18 00:00,39N050219111000J,000053100006086023,0.0000,0.0000,,,nem
2026.08.17 23:00,2026.08.18 00:00,39N050219111000J,K3SC08000002002,0.0000,0.0000,,,nem
2026.08.17 23:00,2026.08.18 00:00,39N0502191220008,000000002146000405,0.0000,0.0000,,,nem
2026.08.17 23:00,2026.08.18 00:00,39N050219127000K,K02000018L30060,0.0000,0.0000,,,nem
2026.08.17 23:00,2026.08.18 00:00,39N050219144000N,K3SC07000001933,3.7000,3.6300,,,nem
2026.08.17 23:00,2026.08.18 00:00,39N050222615000B,K3SC08000002009,0.0000,0.0000,,,nem
2026.08.17 23:00,2026.08.18 00:00,39N050224132000X,000052600000885006,0.0000,0.0000,,,nem
2026.08.17 23:00,2026.08.18 00:00,39N050225228000V,000052600000887973,0.0000,0.0000,,,nem
2026.08.17 23:00,2026.08.18 00:00,39N050225361000Z,000028700084243212,0.0000,0.0000,,,nem
2026.08.17 23:00,2026.08.18 00:00,39N050225592000Z,K02000018L29674,0.0000,0.0000,,,nem
2026.08.17 23:00,2026.08.18 00:00,39N0502258590003,000053400004078297,0.0000,0.0000,,,nem
2026.08.17 23:00,2026.08.18 00:00,39N0502320940001,000053400002726024,0.0000,0.0000,,,nem
2026.08.17 23:00,2026.08.18 00:00,39N050233268000E,000040300013218204,0.0000,0.0000,,,nem
2026.08.17 23:00,2026.08.18 00:00,39N050233872000X,K3SC09000003822,0.0000,0.0000,,,nem
2026.08.17 23:00,2026.08.18 00:00,39N050235722000H,000000002246000065,0.0060,0.0250,,,nem
2026.08.17 23:00,2026.08.18 00:00,39N050235781000N,000000000000071480,0.0000,0.0000,,,nem
2026.08.17 23:00,2026.08.18 00:00,39N050236245000H,000006209160513005,0.0000,0.0000,,,nem
2026.08.17 23:00,2026.08.18 00:00,39N0502362660000,000027900020508134,1.0000,1.0099,,,nem
2026.08.17 23:00,2026.08.18 00:00,39N0502362660000,000040300011213597,0.0000,0.0000,,,nem
2026.08.17 23:00,2026.08.18 00:00,39N0502477110003,000052700000884957,0.0000,0.0000,,,nem
2026.08.17 23:00,2026.08.18 00:00,39N0502510990003,000019900016977384,0.0000,0.0000,,,nem
2026.08.17 23:00,2026.08.18 00:00,39N050251837000U,000040300007204770,0.0000,0.0000,,,nem
2026.08.17 23:00,2026.08.18 00:00,39N050252043000I,000027100005898029,0.0000,0.0000,,,nem
2026.08.17 23:00,2026.08.18 00:00,39N050252204000N,000006203229509031,2.1000,2.1685,,,nem
2026.08.17 23:00,2026.08.18 00:00,39N050253671000Y,000053400003708027,0.0000,0.0000,,,nem
2026.08.17 23:00,2026.08.18 00:00,39N050254055000N,000028700084243189,0.0000,0.0000,,,nem
2026.08.17 23:00,2026.08.18 00:00,39N0502542550009,000006203403563870,0.3000,0.2939,,,nem
2026.08.17 23:00,2026.08.18 00:00,39N050258835000L,000019900017022057,11.8000,12.1103,,,nem
2026.08.17 23:00,2026.08.18 00:00,39N050261616000F,000027100005848476,1.3000,1.3295,,,nem
2026.08.17 23:00,2026.08.18 00:00,39N050269363000V,000052700000884401,0.0000,0.0000,,,nem
2026.08.17 23:00,2026.08.18 00:00,39N050316475000U,000003300035201642,0.0000,0.0000,,,nem
2026.08.17 23:00,2026.08.18 00:00,39N050316475000U,000027000005848437,0.0000,0.0000,,,nem
2026.08.17 23:00,2026.08.18 00:00,39N0503424040008,000027100005870727,0.4000,0.3913,,,nem
2026.08.17 23:00,2026.08.18 00:00,39N0503439790009,000029200020502760,0.0000,0.0000,,,nem
2026.08.17 23:00,2026.08.18 00:00,39N050369436000H,000052700000889661,1.1000,1.0767,,,nem
2026.08.17 23:00,2026.08.18 00:00,39N050373639000R,000040300006202862,0.0000,0.0000,,,igen
2026.08.17 23:00,2026.08.18 00:00,39N050373666000O,000052700000887369,0.0000,0.0000,,,nem
2026.08.17 23:00,2026.08.18 00:00,39N050377940000D,000053400002719761,0.9000,0.8809,,,nem
2026.08.17 23:00,2026.08.18 00:00,39N050381165000Y,000000002246000284,0.0000,0.0000,,,nem
2026.08.17 23:00,2026.08.18 00:00,39N050385675000Z,000040400009210687,1.0000,0.9782,,,nem
2026.08.17 23:00,2026.08.18 00:00,39N050405255000Q,000029200020519053,0.0000,0.0000,,,nem
2026.08.17 23:00,2026.08.18 00:00,39N050414007000M,000029900020520529,7.9000,7.7325,,,nem
2026.08.17 23:00,2026.08.18 00:00,39N050414007000M,000040300011213341,0.0000,0.0000,,,nem
2026.08.17 23:00,2026.08.18 00:00,39N050415384000Y,000000002146000548,0.0000,0.0000,,,nem
2026.08.17 23:00,2026.08.18 00:00,39N050415384000Y,000053100004423834,0.0000,0.0000,,,nem
2026.08.17 23:00,2026.08.18 00:00,39N0504237770004,000028400084243416,0.0000,0.0000,,,nem
2026.08.17 23:00,2026.08.18 00:00,39N050433181000O,000000002246000180,0.0000,0.0000,,,nem
2026.08.17 23:00,2026.08.18 00:00,39N050445873000K,000053400002725979,0.0000,0.0000,,,nem
2026.08.17 23:00,2026.08.18 00:00,39N050450493000U,K3SCC0400000594,0.0000,0.0000,,,nem
2026.08.17 23:00,2026.08.18 00:00,39N0504550620004,000052600000887704,0.3000,0.2937,,,nem
2026.08.17 23:00,2026.08.18 00:00,39N050458746000Y,000027100005870754,0.0000,0.0000,,,nem
2026.08.17 23:00,2026.08.18 00:00,39N050458746000Y,000053300004228243,0.0000,0.0000,,,nem
2026.08.17 23:00,2026.08.18 00:00,39N050458746000Y,000053300006548960,0.0000,0.0000,,,nem
2026.08.17 23:00,2026.08.18 00:00,39N0504648650006,000052600000887402,0.0000,0.0000,,,nem
2026.08.17 23:00,2026.08.18 00:00,39N050471715000L,000029200020517911,0.0000,0.0000,,,nem
2026.08.17 23:00,2026.08.18 00:00,39N050483780000G,000027100005870759,0.0000,0.0000,,,nem
2026.08.17 23:00,2026.08.18 00:00,39N050484438000J,000052600000889209,12.0000,11.7384,,,nem
2026.08.17 23:00,2026.08.18 00:00,39N050485100000G,000040400014219743,0.0000,0.0000,,,nem
2026.08.17 23:00,2026.08.18 00:00,39N0504864890005,000053400003287118,0.0000,0.0000,,,nem
2026.08.17 23:00,2026.08.18 00:00,39N050510259000R,000027100005848322,0.0000,0.0000,,,nem
2026.08.17 23:00,2026.08.18 00:00,39N050515515000A,000052700000885935,0.0000,0.0000,,,nem
2026.08.17 23:00,2026.08.18 00:00,39N0505226180003,000011100000109610,0.0000,0.0000,,,nem
2026.08.17 23:00,2026.08.18 00:00,39N0505384670009,000027100005848294,0.0000,0.0000,,,nem
2026.08.17 23:00,2026.08.18 00:00,39N0505387730002,000052600000900177,0.0000,0.0000,,,nem
2026.08.17 23:00,2026.08.18 00:00,39N050548215000H,000053400002719801,6.2000,6.0729,,,nem
2026.08.17 23:00,2026.08.18 00:00,39N050548840000J,K3SC09000000010,0.0000,0.0000,,,nem
2026.08.17 23:00,2026.08.18 00:00,39N050552094000R,000029900020521702,0.0000,0.0000,,,nem
2026.08.17 23:00,2026.08.18 00:00,39N050553222000K,K3SC08000003475,0.0000,0.0000,,,nem
2026.08.17 23:00,2026.08.18 00:00,39N050553661000A,000034800000061526,0.0000,0.0000,,,nem
2026.08.17 23:00,2026.08.18 00:00,39N0505752100002,000052600000887553,0.0000,0.0000,,,nem
2026.08.17 23:00,2026.08.18 00:00,39N050576124000C,000034800000546505,3.4000,3.4524,,,nem
2026.08.17 23:00,2026.08.18 00:00,39N0505779810001,000006202897801013,0.0000,0.0000,,,nem
2026.08.17 23:00,2026.08.18 00:00,39N050583139000X,000053300004078348,0.0000,0.0000,,,nem
2026.08.17 23:00,2026.08.18 00:00,39N0505847100003,000053400002726046,0.0000,0.0000,,,nem
2026.08.17 23:00,2026.08.18 00:00,39N0505992060002,000053400003708023,14.4000,14.0861,,,nem
2026.08.17 23:00,2026.08.18 00:00,39N050603076000J,000051303403563786,0.6000,0.5869,,,nem
2026.08.17 23:00,2026.08.18 00:00,39N050607494000V,000038200077141480,0.0000,0.0000,,,nem
2026.08.17 23:00,2026.08.18 00:00,39N0506230230009,000053400003707928,3.2000,3.1302,,,nem
2026.08.17 23:00,2026.08.18 00:00,39N050626352000P,000034800000072507,5.7000,5.5757,,,nem
2026.08.17 23:00,2026.08.18 00:00,39N050626352000P,000053300002318656,6.8000,6.6518,,,nem
2026.08.17 23:00,2026.08.18 00:00,39N050627784000Z,000001300013013134,0.0000,0.0000,,,nem
2026.08.17 23:00,2026.08.18 00:00,39N050627784000Z,K3SC03402019428,0.0000,0.0000,,,nem
2026.08.17 23:00,2026.08.18 00:00,39N050635744000T,000051303403398549,5.0300,5.1075,,,nem
2026.08.17 23:00,2026.08.18 00:00,39N050636182000C,000040300014219987,0.0000,0.0000,,,nem
2026.08.17 23:00,2026.08.18 00:00,39N050636182000C,000053200006188793,0.0000,0.0000,,,nem
2026.08.17 23:00,2026.08.18 00:00,39N050636182000C,000053300004228213,0.0000,0.0000,,,nem
2026.08.17 23:00,2026.08.18 00:00,39N050642904000H,000053400002719822,5.9000,5.9696,,,nem
2026.08.17 23:00,2026.08.18 00:00,39N0506488920006,000038200077159774,13.3000,13.4569,,,igen
2026.08.17 23:00,2026.08.18 00:00,39N050655561000S,000027000005848448,0.0000,0.0000,,,nem
2026.08.17 23:00,2026.08.18 00:00,39N050655561000S,000027000005950344,0.0000,0.0000,,,nem
2026.08.17 23:00,2026.08.18 00:00,39N050655561000S,000040200008208469,0.0000,0.0000,,,nem
2026.08.17 23:00,2026.08.18 00:00,39N050673657000W,000029900020524037,10.7000,10.4667,,,igen
2026.08.17 23:00,2026.08.18 00:00,39N050690260000L,000051303403663324,12.1000,11.8520,,,nem
2026.08.17 23:00,2026.08.18 00:00,39N050708788000F,000027000005921259,2.0000,1.9412,,,nem
2026.08.17 23:00,2026.08.18 00:00,39N050720770000X,000040400012214791,0.0000,0.0000,,,nem
2026.08.17 23:00,2026.08.18 00:00,39N050740233000M,000052700000900251,0.0000,0.0000,,,nem
2026.08.17 23:00,2026.08.18 00:00,39N050744134000T,000052600000888120,11.9000,11.6406,,,nem
2026.08.17 23:00,2026.08.18 00:00,39N0507451030007,000000002246000087,0.0000,0.0000,,,nem
2026.08.17 23:00,2026.08.18 00:00,39N0507495580003,000000002246000226,0.0000,0.0000,,,nem
2026.08.17 23:00,2026.08.18 00:00,39N050750365000F,000044500028323170,0.0200,0.0203,,,nem
2026.08.17 23:00,2026.08.18 00:00,39N050750365000F,K3SC08000011520,0.0000,0.0000,,,nem
2026.08.17 23:00,2026.08.18 00:00,39N050750873000L,K02000018L29990,0.0000,0.0000,,,nem
2026.08.17 23:00,2026.08.18 00:00,39N050753398000W,000008800043780262,0.0000,0.0000,,,nem
2026.08.17 23:00,2026.08.18 00:00,39N050753398000W,000027000005848440,0.0000,0.0000,,,igen
2026.08.17 23:00,2026.08.18 00:00,39N050753398000W,000027000005950363,0.0000,0.0000,,,nem
2026.08.17 23:00,2026.08.18 00:00,39N050753398000W,000028700084243194,0.1000,0.0980,,,nem
2026.08.17 23:00,2026.08.18 00:00,39N050753839000S,000040300014219478,0.0000,0.0000,,,nem
2026.08.17 23:00,2026.08.18 00:00,39N050753876000J,000027000005848396,0.0000,0.0000,,,nem
2026.08.17 23:00,2026.08.18 00:00,39N050753876000J,000051303403563777,0.0000,0.0000,,,nem
2026.08.17 23:00,2026.08.18 00:00,39N050753876000J,000053300002728766,0.0000,0.0000,,,nem
2026.08.17 23:00,2026.08.18 00:00,39N050754012000C,K3SC03402019415,0.0000,0.0000,,,nem
2026.08.17 23:00,2026.08.18 00:00,39N050754015000Y,000027100005870748,0.0000,0.0000,,,nem
2026.08.17 23:00,2026.08.18 00:00,39N050754015000Y,K3SC03400984912,0.0000,0.0000,,,nem
2026.08.17 23:00,2026.08.18 00:00,39N050754578000M,000027100005848567,0.0000,0.0000,,,nem
2026.08.17 23:00,2026.08.18 00:00,39N050754578000M,000053300004228283,0.0000,0.0000,,,nem
2026.08.17 23:00,2026.08.18 00:00,39N050754578000M,000053400003290776,0.0000,0.0000,,,nem
2026.08.17 23:00,2026.08.18 00:00,39N050754716000H,000040300006200780,0.0000,0.0000,,,nem
2026.08.17 23:00,2026.08.18 00:00,39N050754716000H,K3SC04000000943,0.0000,0.0000,,,nem
2026.08.17 23:00,2026.08.18 00:00,39N050755929000B,SC07000007591,0.0000,0.0000,,,nem
2026.08.17 23:00,2026.08.18 00:00,39N050755997000G,000000002246000049,0.0000,0.0000,,,nem
2026.08.17 23:00,2026.08.18 00:00,39N050755997000G,000003500035198891,0.0000,0.0000,,,nem
2026.08.17 23:00,2026.08.18 00:00,39N0507569640004,000029200020511689,0.0000,0.0000,,,nem
2026.08.17 23:00,2026.08.18 00:00,39N050756996000D,K3SC08000006659,0.0000,0.0000,,,nem
2026.08.17 23:00,2026.08.18 00:00,39N050757163000K,K3SC08000005254,0.0000,0.0000,,,nem
2026.08.17 23:00,2026.08.18 00:00,39N050757415000J,000053400003290785,0.0000,0.0000,,,nem
2026.08.17 23:00,2026.08.18 00:00,39N050757415000J,K3SC09000000237,0.0000,0.0000,,,nem
2026.08.17 23:00,2026.08.18 00:00,39N050757439000O,000001300013505669,0.0000,0.0000,,,nem
2026.08.17 23:00,2026.08.18 00:00,39N050757439000O,000040300012216291,0.0000,0.0000,,,nem
2026.08.17 23:00,2026.08.18 00:00,39N050757439000O,000044500037979231,0.0000,0.0000,,,nem
2026.08.17 23:00,2026.08.18 00:00,39N050757439000O,K3SC08000002229,0.0000,0.0000,,,nem
2026.08.17 23:00,2026.08.18 00:00,39N050757450000K,000053400002719733,0.0000,0.0000,,,nem
2026.08.17 23:00,2026.08.18 00:00,39N050757450000K,K3SC03401169913,0.0000,0.0000,,,nem
2026.08.17 23:00,2026.08.18 00:00,39N050757472000Z,000000002246000059,0.0000,0.0000,,,nem
2026.08.17 23:00,2026.08.18 00:00,39N050757472000Z,000053400002719783,0.0000,0.0000,,,nem
2026.08.17 23:00,2026.08.18 00:00,39N050758923000H,000027900020522241,3.0000,2.9385,,,nem
2026.08.17 23:00,2026.08.18 00:00,39N050759606000R,K02202146000564,0.0000,0.0000,,,nem
2026.08.17 23:00,2026.08.18 00:00,39N0507599930004,000002800024149874,0.0000,0.0000,,,nem
2026.08.17 23:00,2026.08.18 00:00,39N0507599930004,SC07000001919,0.0000,0.0000,,,nem
2026.08.17 23:00,2026.08.18 00:00,39N050760458000R,000000002246000162,0.0000,0.0000,,,nem
2026.08.17 23:00,2026.08.18 00:00,39N050760458000R,000001300016230255,0.0100,0.0102,,,nem
2026.08.17 23:00,2026.08.18 00:00,39N050760709000V,K3SC03401061094,12.4000,84.5600,,,nem
2026.08.17 23:00,2026.08.18 00:00,39N050762038000E,K02202246000183,0.0000,0.0000,,,nem
2026.08.17 23:00,2026.08.18 00:00,39N050762094000Z,000033300005960005,0.0000,0.0000,,,nem
2026.08.17 23:00,2026.08.18 00:00,39N050762094000Z,K3SC03400723975,0.0000,0.0000,,,nem
2026.08.17 23:00,2026.08.18 00:00,39N050764763000U,000012000075117793,0.0000,0.0000,,,nem
2026.08.17 23:00,2026.08.18 00:00,39N050764763000U,000053100006730746,0.0000,0.0000,,,nem
2026.08.17 23:00,2026.08.18 00:00,39N050764763000U,K3SC09000000002,0.0000,0.0000,,,nem
2026.08.17 23:00,2026.08.18 00:00,39N050764779000V,000052100004064528,0.0000,0.0000,,,nem
2026.08.17 23:00,2026.08.18 00:00,39N050764779000V,K3SC03402019421,0.0000,0.0000,,,nem
2026.08.17 23:00,2026.08.18 00:00,39N050765037000W,K02000017L29370,2.0000,2.0000,,,nem
2026.08.17 23:00,2026.08.18 00:00,39N0507679070008,000000002146000466,0.0000,0.0000,,,nem
2026.08.17 23:00,2026.08.18 00:00,39N0507679070008,000040300007204577,0.1000,0.0979,,,nem
2026.08.17 23:00,2026.08.18 00:00,39N0507679070008,000040300014219638,0.0000,0.0000,,,nem
2026.08.17 23:00,2026.08.18 00:00,39N0507679070008,000053100004211708,0.0000,0.0000,,,nem
2026.08.17 23:00,2026.08.18 00:00,39N0507679070008,000053300004078695,0.0000,0.0000,,,nem
2026.08.17 23:00,2026.08.18 00:00,39N0507679070008,SC07000001932,0.0000,0.0000,,,nem
2026.08.17 23:00,2026.08.18 00:00,39N0507693140006,000000002246000115,0.0000,0.0000,,,nem
2026.08.17 23:00,2026.08.18 00:00,39N0507705100001,000029900020514285,0.0000,0.0000,,,nem
2026.08.17 23:00,2026.08.18 00:00,39N0507705100001,000051303403563760,0.0000,0.0000,,,nem
2026.08.17 23:00,2026.08.18 00:00,39N0507705100001,000052700000899611,0.0000,0.0000,,,nem
2026.08.17 23:00,2026.08.18 00:00,39N0507705100001,K3SC07000001924,0.0000,0.0000,,,nem
2026.08.17 23:00,2026.08.18 00:00,39N050771852000C,K3SC07000001832,0.0000,0.0000,,,nem
2026.08.17 23:00,2026.08.18 00:00,39N0507730720003,000053300004228387,0.0000,0.0000,,,nem
2026.08.17 23:00,2026.08.18 00:00,39N050773615000J,K3SC34000505359,0.0000,0.0000,,,nem
2026.08.17 23:00,2026.08.18 00:00,39N050773622000S,000053300004228493,0.0000,0.0000,,,nem
2026.08.17 23:00,2026.08.18 00:00,39N050773622000S,K3SC09000000250,0.0000,0.0000,,,nem
2026.08.17 23:00,2026.08.18 00:00,39N050773882000F,K3SC03402019413,0.0000,0.0000,,,nem
2026.08.17 23:00,2026.08.18 00:00,39N0507741940003,K02000018L29724,0.0000,0.0000,,,nem
2026.08.17 23:00,2026.08.18 00:00,39N050774244000Q,000044700031395811,0.0000,0.0000,,,nem
2026.08.17 23:00,2026.08.18 00:00,39N050774244000Q,K3SC03400699635,11.3000,42.9300,,,nem
2026.08.17 23:00,2026.08.18 00:00,39N0507742750003,000027900020519928,0.0000,0.0000,,,nem
2026.08.17 23:00,2026.08.18 00:00,39N050775645000M,000008800045007665,0.0000,0.0000,,,nem
2026.08.17 23:00,2026.08.18 00:00,39N050775645000M,000027900020502769,0.0000,0.0000,,,nem
2026.08.17 23:00,2026.08.18 00:00,39N050776264000Z,000027100005870779,0.0000,0.0000,,,nem
2026.08.17 23:00,2026.08.18 00:00,39N050776439000E,000001300023106173,0.0000,0.0000,,,nem
2026.08.17 23:00,2026.08.18 00:00,39N050776439000E,SC07000006370,0.0000,0.0000,,,nem
2026.08.17 23:00,2026.08.18 00:00,39N050776462000V,K02000017L29063,0.0000,0.0000,,,nem
2026.08.17 23:00,2026.08.18 00:00,39N0507772080006,000000002246000073,0.0000,0.0000,,,nem
2026.08.17 23:00,2026.08.18 00:00,39N050777442000Z,000002600043780817,0.0000,0.0000,,,nem
2026.08.17 23:00,2026.08.18 00:00,39N050777442000Z,K02000017L29055,1.0000,1.0000,,,nem
2026.08.17 23:00,2026.08.18 00:00,39N050777442000Z,K02202146000484,0.0000,0.0000,,,nem
2026.08.17 23:00,2026.08.18 00:00,39N050777482000B,000000002246000043,0.0000,0.0000,,,nem
2026.08.17 23:00,2026.08.18 00:00,39N050792697000P,000027000005848410,0.0000,0.0000,,,nem
2026.08.17 23:00,2026.08.18 00:00,39N050793035000V,000035500084243061,0.0000,0.0000,,,nem
2026.08.17 23:00,2026.08.18 00:00,39N050793035000V,000035500084243063,0.0000,0.0000,,,igen
2026.08.17 23:00,2026.08.18 00:00,39N0507981050002,000029200020524061,0.0000,0.0000,,,nem
2026.08.17 23:00,2026.08.18 00:00,39N050813036000E,000027100005897973,0.0000,0.0000,,,nem
2026.08.17 23:00,2026.08.18 00:00,39N050814444000J,000053300003306760,0.0000,0.0000,,,nem
2026.08.17 23:00,2026.08.18 00:00,39N050816644000Q,000052600000899462,9.4000,9.1951,,,nem
2026.08.17 23:00,2026.08.18 00:00,39N0508179760006,SC10000001096,2.1500,7.5500,,,nem
2026.08.17 23:00,2026.08.18 00:00,39N050818676000J,000040400014219207,0.0000,0.0000,,,nem
2026.08.17 23:00,2026.08.18 00:00,39N050820134000W,000053100004211197,0.0200,0.0203,,,nem
2026.08.17 23:00,2026.08.18 00:00,39N050820134000W,K3SC03402019414,0.0000,0.0000,,,nem
2026.08.17 23:00,2026.08.18 00:00,39N050820458000G,000052700000885406,0.3000,0.3107,,,nem
2026.08.17 23:00,2026.08.18 00:00,39N050822345000S,000052600000884385,1.5000,1.4429,,,nem
2026.08.17 23:00,2026.08.18 00:00,39N0508227020002,K3SC03401147239,0.0000,0.0000,,,nem
2026.08.17 23:00,2026.08.18 00:00,39N050831052000K,K3SC03401169907,0.0000,0.0000,,,nem
2026.08.17 23:00,2026.08.18 00:00,39N050831052000K,K3SC07000006344,0.0000,0.0000,,,nem
2026.08.17 23:00,2026.08.18 00:00,39N050831214000K,K3SC08000001061,0.0000,0.0000,,,nem
2026.08.17 23:00,2026.08.18 00:00,39N050831732000K,000000002246000171,0.0000,0.0000,,,nem
2026.08.17 23:00,2026.08.18 00:00,39N050831732000K,000000002246000297,0.0000,0.0000,,,nem
2026.08.17 23:00,2026.08.18 00:00,39N050832564000Z,K3SC08000002241,0.0000,0.0000,,,nem
2026.08.17 23:00,2026.08.18 00:00,39N050833827000F,K3SC03400699729,0.0000,0.0000,,,nem
2026.08.17 23:00,2026.08.18 00:00,39N050836149000I,K3SC03401414828,0.0000,0.0000,,,nem
2026.08.17 23:00,2026.08.18 00:00,39N050836830000K,000000003403233014,0.0000,0.0000,,,nem
2026.08.17 23:00,2026.08.18 00:00,39N050836979000I,000053400003290796,0.0000,0.0000,,,nem
2026.08.17 23:00,2026.08.18 00:00,39N0508398450002,K3SC08000002237,0.0000,0.0000,,,nem
2026.08.17 23:00,2026.08.18 00:00,39N050841968000N,SC11000000589,0.0000,0.0000,,,nem
2026.08.17 23:00,2026.08.18 00:00,39N050843706000U,000053300004078513,0.0000,0.0000,,,nem
2026.08.17 23:00,2026.08.18 00:00,39N050844930000K,000052600000914889,0.0000,0.0000,,,nem
2026.08.17 23:00,2026.08.18 00:00,39N050847541000D,K3SC09000000240,0.0000,0.0000,,,nem
2026.08.17 23:00,2026.08.18 00:00,39N050847787000J,000034800000031563,0.0000,0.0000,,,nem
2026.08.17 23:00,2026.08.18 00:00,39N0508480240000,000052700000909509,0.0000,0.0000,,,nem
2026.08.17 23:00,2026.08.18 00:00,39N050848355000U,000040300012215942,0.0000,0.0000,,,nem
2026.08.17 23:00,2026.08.18 00:00,39N0508490730004,000051303403563818,17.5000,17.1290,,,nem
2026.08.17 23:00,2026.08.18 00:00,39N050849323000D,K3SC04000000054,1.7000,6.6500,,,nem
2026.08.17 23:00,2026.08.18 00:00,39N050851794000U,K3SC07000006360,0.0000,0.0000,,,nem
2026.08.17 23:00,2026.08.18 00:00,39N050861247000Y,K3SC09000003821,4.0000,13.2400,,,nem
2026.08.17 23:00,2026.08.18 00:00,39N050866001000P,000000002246000036,0.0000,0.0000,,,nem
2026.08.17 23:00,2026.08.18 00:00,39N050875710000B,K3SC11000000578,0.0000,0.0000,,,nem
2026.08.17 23:00,2026.08.18 00:00,39N0508759240008,K3SC03401061101,0.0000,0.0000,,,nem
2026.08.17 23:00,2026.08.18 00:00,39N0508788210006,000053300004078461,0.1000,0.1066,,,nem
2026.08.17 23:00,2026.08.18 00:00,39N050879364000V,K02000016L28058,0.0000,0.0000,,,nem
2026.08.17 23:00,2026.08.18 00:00,39N0508813320003,000029900020519902,0.0000,0.0000,,,nem
2026.08.17 23:00,2026.08.18 00:00,39N050882973000Z,000040300009900172,0.0000,0.0000,,,nem
2026.08.17 23:00,2026.08.18 00:00,39N050890535000A,000000002146000441,0.0000,0.0000,,,nem
2026.08.17 23:00,2026.08.18 00:00,39N0508949570002,000027100005897971,0.0000,0.0000,,,nem
2026.08.17 23:00,2026.08.18 00:00,39N050896400000C,K3SC03400574253,0.0000,0.0000,,,nem
2026.08.17 23:00,2026.08.18 00:00,39N050896796000I,000027700001184418,0.0000,0.0000,,,nem
2026.08.17 23:00,2026.08.18 00:00,39N050898846000P,K3SC03400699737,0.0000,0.0000,,,nem
2026.08.17 23:00,2026.08.18 00:00,39N050913091000U,000027100005848490,0.1000,0.1010,,,nem
2026.08.17 23:00,2026.08.18 00:00,39N050915973000R,K3SC08000002025,0.0000,0.0000,,,nem
2026.08.17 23:00,2026.08.18 00:00,39N050916593000Z,K3SC03401169915,22.5000,83.3700,,,nem
2026.08.18 00:00,2026.08.18 01:00,39N0500091210005,000038200077158060,0.0000,0.0000,,,nem
2026.08.18 00:00,2026.08.18 01:00,39N050022609000H,000053300003307178,0.0000,0.0000,,,nem
2026.08.18 00:00,2026.08.18 01:00,39N050029731000D,000052600000914866,0.0000,0.0000,,,nem
2026.08.18 00:00,2026.08.18 01:00,39N050031988000Q,000052600000899454,0.0000,0.0000,,,nem
2026.08.18 00:00,2026.08.18 01:00,39N050032468000S,000052700000899362,0.0000,0.0000,,,nem
2026.08.18 00:00,2026.08.18 01:00,39N050033836000K,000027100005848245,0.0000,0.0000,,,nem
2026.08.18 00:00,2026.08.18 01:00,39N050034412000Z,000002600043780756,0.0000,0.0000,,,nem
2026.08.18 00:00,2026.08.18 01:00,39N050034412000Z,000052700000885403,2.8000,2.7406,,,nem
2026.08.18 00:00,2026.08.18 01:00,39N0500344350008,000046700000888615,0.0000,0.0000,,,nem
2026.08.18 00:00,2026.08.18 01:00,39N050034459000D,000040400014219775,0.0000,0.0000,,,nem
2026.08.18 00:00,2026.08.18 01:00,39N050042294000Z,000040400008209973,0.0000,0.0000,,,nem
2026.08.18 00:00,2026.08.18 01:00,39N050044030000F,000027000035197562,0.0000,0.0000,,,nem
2026.08.18 00:00,2026.08.18 01:00,39N050052498000T,SC05000004104,0.0000,0.0000,,,nem
2026.08.18 00:00,2026.08.18 01:00,39N050053842000G,K3SC03401169905,0.0000,0.0000,,,nem
2026.08.18 00:00,2026.08.18 01:00,39N0500617550009,000044500034101914,0.0000,0.0000,,,nem
2026.08.18 00:00,2026.08.18 01:00,39N0500617550009,K3SC03400699700,0.0000,0.0000,,,nem
2026.08.18 00:00,2026.08.18 01:00,39N050066949000F,000053400003290721,0.0000,0.0000,,,nem
2026.08.18 00:00,2026.08.18 01:00,39N050068660000G,000035500084243026,0.0000,0.0000,,,nem
2026.08.18 00:00,2026.08.18 01:00,39N050068660000G,000035500084243027,0.0000,0.0000,,,nem
2026.08.18 00:00,2026.08.18 01:00,39N050071512000G,000051303403398537,0.0000,0.0000,,,nem
2026.08.18 00:00,2026.08.18 01:00,39N050073737000N,000040400006201455,0.0000,0.0000,,,nem
2026.08.18 00:00,2026.08.18 01:00,39N050073762000U,000053400004078277,0.0000,0.0000,,,nem
2026.08.18 00:00,2026.08.18 01:00,39N050075194000S,000029200020524049,14.6000,14.8701,,,nem
2026.08.18 00:00,2026.08.18 01:00,39N0500755940000,000027000005950284,0.0000,0.0000,,,nem
2026.08.18 00:00,2026.08.18 01:00,39N0500755940000,000052600000886571,0.0000,0.0000,,,nem
2026.08.18 00:00,2026.08.18 01:00,39N050076850000F,000006201754704050,0.0000,0.0000,,,nem
2026.08.18 00:00,2026.08.18 01:00,39N050076850000F,000040300006201137,0.1000,0.0980,,,nem
2026.08.18 00:00,2026.08.18 01:00,39N050081322000F,000053400003290798,0.0000,0.0000,,,nem
2026.08.18 00:00,2026.08.18 01:00,39N050083908000D,000006202897801002,0.0000,0.0000,,,nem
2026.08.18 00:00,2026.08.18 01:00,39N050083908000D,000040300011213334,0.0000,0.0000,,,nem
2026.08.18 00:00,2026.08.18 01:00,39N050089206000O,000006203403563919,1.5000,1.5102,,,igen
2026.08.18 00:00,2026.08.18 01:00,39N050089206000O,000028700084091487,0.0000,0.0000,,,nem
2026.08.18 00:00,2026.08.18 01:00,39N050089342000D,000015608267713002,0.0000,0.0000,,,nem
2026.08.18 00:00,2026.08.18 01:00,39N050094459000X,000040400006201425,0.0000,0.0000,,,nem
2026.08.18 00:00,2026.08.18 01:00,39N050094490000H,000027100005894204,3.4000,3.2841,,,nem
2026.08.18 00:00,2026.08.18 01:00,39N050106941000P,000027100005848507,0.0000,0.0000,,,nem
2026.08.18 00:00,2026.08.18 01:00,39N0501191590002,000029200020517908,0.0000,0.0000,,,nem
2026.08.18 00:00,2026.08.18 01:00,39N050132558000H,000040400007204469,2.0000,1.9576,,,nem
2026.08.18 00:00,2026.08.18 01:00,39N050137387000F,000052600000900202,3.5000,3.4258,,,nem
2026.08.18 00:00,2026.08.18 01:00,39N050145410000I,000027100005848241,0.2000,0.1958,,,nem
2026.08.18 00:00,2026.08.18 01:00,39N050146207000W,000052700000899364,0.0000,0.0000,,,nem
2026.08.18 00:00,2026.08.18 01:00,39N050153206000F,K3SC06000007800,0.0000,0.0000,,,nem
2026.08.18 00:00,2026.08.18 01:00,39N0501601470008,000040300008206765,0.0000,0.0000,,,igen
2026.08.18 00:00,2026.08.18 01:00,39N0501601470008,000040300014219822,0.0000,0.0000,,,igen
2026.08.18 00:00,2026.08.18 01:00,39N050160341000O,000052700000899034,0.0000,0.0000,,,igen
2026.08.18 00:00,2026.08.18 01:00,39N0501618590009,000053400002726045,7.0000,6.8516,,,nem
2026.08.18 00:00,2026.08.18 01:00,39N050168020000Z,L01A625,0.0000,0.0000,,,nem
2026.08.18 00:00,2026.08.18 01:00,39N050176728000R,000040300012214339,0.0000,0.0000,,,nem
2026.08.18 00:00,2026.08.18 01:00,39N050176728000R,000053300003348438,0.0000,0.0000,,,nem
2026.08.18 00:00,2026.08.18 01:00,39N050177032000I,000053400003290719,0.0000,0.0000,,,nem
2026.08.18 00:00,2026.08.18 01:00,39N0501770340008,000053400002725990,0.8000,0.8065,,,nem
2026.08.18 00:00,2026.08.18 01:00,39N050180150000J,000000002246000217,1.1790,1.1780,,,nem
2026.08.18 00:00,2026.08.18 01:00,39N050197735000A,000053400003290744,0.0000,0.0000,,,nem
2026.08.18 00:00,2026.08.18 01:00,39N0502000520004,000029900020519904,0.0000,0.0000,,,nem
2026.08.18 00:00,2026.08.18 01:00,39N0502000520004,000053400003290731,0.0000,0.0000,,,nem
2026.08.18 00:00,2026.08.18 01:00,39N050207087000G,000033300005960021,0.0000,0.0000,,,nem
2026.08.18 00:00,2026.08.18 01:00,39N050207887000Y,000011100000109615,0.0000,0.0000,,,nem
2026.08.18 00:00,2026.08.18 01:00,39N050208125000A,000028700084091484,0.0000,0.0000,,,nem
2026.08.18 00:00,2026.08.18 01:00,39N050208128000W,000052600000896583,0.0000,0.0000,,,nem
2026.08.18 00:00,2026.08.18 01:00,39N050208164000S,000000002246000198,4.0000,4.2470,,,nem
2026.08.18 00:00,2026.08.18 01:00,39N050209187000U,000027000005926405,0.0000,0.0000,,,nem
2026.08.18 00:00,2026.08.18 01:00,39N0502109170005,000053400003708002,0.0000,0.0000,,,nem
2026.08.18 00:00,2026.08.18 01:00,39N0502109620000,000027100005894243,0.0000,0.0000,,,nem
2026.08.18 00:00,2026.08.18 01:00,39N050212788000U,000053600000897292,0.0000,0.0000,,,nem
2026.08.18 00:00,2026.08.18 01:00,39N050213910000G,000027100005898038,0.0000,0.0000,,,nem
2026.08.18 00:00,2026.08.18 01:00,39N050214190000G,K3SC03400699752,0.2600,0.9600,,,nem
2026.08.18 00:00,2026.08.18 01:00,39N050214638000E,K02000017L28861,0.0000,0.0000,,,nem
2026.08.18 00:00,2026.08.18 01:00,39N050214647000D,K3SC06000003455,0.0000,0.0000,,,nem
2026.08.18 00:00,2026.08.18 01:00,39N050214652000W,000008800043449669,0.0000,0.0000,,,nem
2026.08.18 00:00,2026.08.18 01:00,39N050214652000W,000027000005894200,0.0000,0.0000,,,nem
2026.08.18 00:00,2026.08.18 01:00,39N050214652000W,K3SC08000002012,0.0000,0.0000,,,nem
2026.08.18 00:00,2026.08.18 01:00,39N050214655000H,K3SC09000000230,0.0000,0.0000,,,nem
2026.08.18 00:00,2026.08.18 01:00,39N050214668000X,000000002246000235,0.0000,0.0000,,,nem
2026.08.18 00:00,2026.08.18 01:00,39N050214674000A,K3SC07000007598,0.0000,0.0000,,,nem
2026.08.18 00:00,2026.08.18 01:00,39N050214697000K,K3SC07000006334,0.0000,0.0000,,,nem
2026.08.18 00:00,2026.08.18 01:00,39N050214912000Z,K3SC07000001923,0.0000,0.0000,,,nem
2026.08.18 00:00,2026.08.18 01:00,39N050214941000M,EP07883,0.0000,0.0000,,,nem
2026.08.18 00:00,2026.08.18 01:00,39N050215930000P,K3SC06000002907,0.0000,0.0000,,,nem
2026.08.18 00:00,2026.08.18 01:00,39N050215938000M,K02000017L29066,0.0000,0.0000,,,nem
2026.08.18 00:00,2026.08.18 01:00,39N0502159430004,K3SC07000001954,0.0000,0.0000,,,nem
2026.08.18 00:00,2026.08.18 01:00,39N050215958000A,000000002246000117,0.0000,0.0000,,,nem
2026.08.18 00:00,2026.08.18 01:00,39N050215958000A,K02000017L29366,0.0000,0.0000,,,nem
2026.08.18 00:00,2026.08.18 01:00,39N050215987000Y,000040300012214341,0.0000,0.0000,,,nem
2026.08.18 00:00,2026.08.18 01:00,39N050215987000Y,K3SC04000000062,0.0000,0.0000,,,nem
2026.08.18 00:00,2026.08.18 01:00,39N050215987000Y,K3SC07000002663,0.0000,0.0000,,,nem
2026.08.18 00:00,2026.08.18 01:00,39N050215990000Q,000000002146000419,0.0000,0.0000,,,nem
2026.08.18 00:00,2026.08.18 01:00,39N050215990000Q,000000002246000261,0.0430,0.0430,,,nem
2026.08.18 00:00,2026.08.18 01:00,39N050215996000X,000000002246000205,0.0000,0.0000,,,nem
2026.08.18 00:00,2026.08.18 01:00,39N050215996000X,000044600000607648,0.0000,0.0000,,,nem
2026.08.18 00:00,2026.08.18 01:00,39N050215996000X,000044600000614795,0.0000,0.0000,,,nem
2026.08.18 00:00,2026.08.18 01:00,39N050216000000O,K3SC08000006643,0.0000,0.0000,,,nem
2026.08.18 00:00,2026.08.18 01:00,39N050216189000Z,K3SC09000000005,0.0000,0.0000,,,nem
2026.08.18 00:00,2026.08.18 01:00,39N050216319000Q,K3SC04000000788,0.0000,0.0000,,,nem
2026.08.18 00:00,2026.08.18 01:00,39N050217344000P,SC06000007846,0.0000,0.0000,,,nem
2026.08.18 00:00,2026.08.18 01:00,39N050217514000T,000000002246000191,6.7150,7.1060,,,nem
2026.08.18 00:00,2026.08.18 01:00,39N050217594000I,K02000017L28855,0.0000,0.0000,,,nem
2026.08.18 00:00,2026.08.18 01:00,39N0502177240009,000006209160519002,0.7000,0.7049,,,igen
2026.08.18 00:00,2026.08.18 01:00,39N0502177240009,000027700001201786,0.0000,0.0000,,,nem
2026.08.18 00:00,2026.08.18 01:00,39N0502177240009,K3SC08000001999,0.0000,0.0000,,,nem
2026.08.18 00:00,2026.08.18 01:00,39N0502177250004,000000002146000444,0.0000,0.0000,,,nem
2026.08.18 00:00,2026.08.18 01:00,39N0502177250004,000053200002511869,0.0000,0.0000,,,nem
2026.08.18 00:00,2026.08.18 01:00,39N050218554000Y,K02202146000431,0.0000,0.0000,,,nem
2026.08.18 00:00,2026.08.18 01:00,39N050218563000X,000000000001084616,0.0000,0.0000,,,nem
2026.08.18 00:00,2026.08.18 01:00,39N050218588000X,K3SC08000009353,2.8000,9.5600,,,nem
2026.08.18 00:00,2026.08.18 01:00,39N050218591000P,000008800043780320,0.0000,0.0000,,,nem
2026.08.18 00:00,2026.08.18 01:00,39N050218591000P,K02202146000387,0.0000,0.0000,,,nem
2026.08.18 00:00,2026.08.18 01:00,39N0502185960000,000045500001090171,0.0000,0.0000,,,nem
2026.08.18 00:00,2026.08.18 01:00,39N0502186000003,000000002246000034,0.0000,0.0000,,,nem
2026.08.18 00:00,2026.08.18 01:00,39N0502186000003,000044500026294967,0.0400,0.0401,,,nem
2026.08.18 00:00,2026.08.18 01:00,39N050218709000P,000000002146000433,0.0000,0.0000,,,nem
2026.08.18 00:00,2026.08.18 01:00,39N050218709000P,000027000005871862,0.0000,0.0000,,,nem
2026.08.18 00:00,2026.08.18 01:00,39N050219101000P,000053100006284304,0.0000,0.0000,,,nem
2026.08.18 00:00,2026.08.18 01:00,39N050219101000P,K11702446102256,0.0000,0.0000,,,nem
2026.08.18 00:00,2026.08.18 01:00,39N050219111000J,000053100006086023,0.0000,0.0000,,,nem
2026.08.18 00:00,2026.08.18 01:00,39N050219111000J,K3SC08000002002,0.0000,0.0000,,,nem
2026.08.18 00:00,2026.08.18 01:00,39N0502191220008,000000002146000405,0.0000,0.0000,,,nem
2026.08.18 00:00,2026.08.18 01:00,39N050219127000K,K02000018L30060,0.0000,0.0000,,,nem
2026.08.18 00:00,2026.08.18 01:00,39N050219144000N,K3SC07000001933,3.6000,3.5400,,,nem
2026.08.18 00:00,2026.08.18 01:00,39N050222615000B,K3SC08000002009,0.0000,0.0000,,,nem
2026.08.18 00:00,2026.08.18 01:00,39N050224132000X,000052600000885006,0.0000,0.0000,,,nem
2026.08.18 00:00,2026.08.18 01:00,39N050225228000V,000052600000887973,0.0000,0.0000,,,nem
2026.08.18 00:00,2026.08.18 01:00,39N050225361000Z,000028700084243212,0.0000,0.0000,,,nem
2026.08.18 00:00,2026.08.18 01:00,39N050225592000Z,K02000018L29674,0.0000,0.0000,,,nem
2026.08.18 00:00,2026.08.18 01:00,39N0502258590003,000053400004078297,0.0000,0.0000,,,nem
2026.08.18 00:00,2026.08.18 01:00,39N0502320940001,000053400002726024,0.0000,0.0000,,,nem
2026.08.18 00:00,2026.08.18 01:00,39N050233268000E,000040300013218204,0.0000,0.0000,,,nem
2026.08.18 00:00,2026.08.18 01:00,39N050233872000X,K3SC09000003822,0.0000,0.0000,,,nem
2026.08.18 00:00,2026.08.18 01:00,39N050235722000H,000000002246000065,1.6500,6.4650,,,nem
2026.08.18 00:00,2026.08.18 01:00,39N050235781000N,000000000000071480,0.0000,0.0000,,,nem
2026.08.18 00:00,2026.08.18 01:00,39N050236245000H,000006209160513005,0.0000,0.0000,,,nem
2026.08.18 00:00,2026.08.18 01:00,39N0502362660000,000027900020508134,0.0000,0.0000,,,nem
2026.08.18 00:00,2026.08.18 01:00,39N0502362660000,000040300011213597,0.0000,0.0000,,,nem
2026.08.18 00:00,2026.08.18 01:00,39N0502477110003,000052700000884957,0.9000,0.8657,,,nem
2026.08.18 00:00,2026.08.18 01:00,39N0502510990003,000019900016977384,0.0000,0.0000,,,nem
2026.08.18 00:00,2026.08.18 01:00,39N050251837000U,000040300007204770,0.0000,0.0000,,,nem
2026.08.18 00:00,2026.08.18 01:00,39N050252043000I,000027100005898029,0.0000,0.0000,,,nem
2026.08.18 00:00,2026.08.18 01:00,39N050252204000N,000006203229509031,2.2000,2.2717,,,nem
2026.08.18 00:00,2026.08.18 01:00,39N050253671000Y,000053400003708027,0.0000,0.0000,,,nem
2026.08.18 00:00,2026.08.18 01:00,39N050254055000N,000028700084243189,0.0000,0.0000,,,nem
2026.08.18 00:00,2026.08.18 01:00,39N0502542550009,000006203403563870,0.2000,0.1959,,,nem
2026.08.18 00:00,2026.08.18 01:00,39N050258835000L,000019900017022057,11.6000,11.9051,,,nem
2026.08.18 00:00,2026.08.18 01:00,39N050261616000F,000027100005848476,0.0000,0.0000,,,nem
2026.08.18 00:00,2026.08.18 01:00,39N050269363000V,000052700000884401,0.0000,0.0000,,,nem
2026.08.18 00:00,2026.08.18 01:00,39N050316475000U,000003300035201642,0.0000,0.0000,,,nem
2026.08.18 00:00,2026.08.18 01:00,39N050316475000U,000027000005848437,0.0000,0.0000,,,nem
2026.08.18 00:00,2026.08.18 01:00,39N0503424040008,000027100005870727,0.1000,0.0978,,,nem
2026.08.18 00:00,2026.08.18 01:00,39N0503439790009,000029200020502760,0.1000,0.0980,,,nem
2026.08.18 00:00,2026.08.18 01:00,39N050369436000H,000052700000889661,0.0000,0.0000,,,nem
2026.08.18 00:00,2026.08.18 01:00,39N050373639000R,000040300006202862,0.0000,0.0000,,,igen
2026.08.18 00:00,2026.08.18 01:00,39N050373666000O,000052700000887369,0.0000,0.0000,,,nem
2026.08.18 00:00,2026.08.18 01:00,39N050377940000D,000053400002719761,0.0000,0.0000,,,nem
2026.08.18 00:00,2026.08.18 01:00,39N050381165000Y,000000002246000284,0.0000,0.0000,,,nem
2026.08.18 00:00,2026.08.18 01:00,39N050385675000Z,000040400009210687,0.0000,0.0000,,,nem
2026.08.18 00:00,2026.08.18 01:00,39N050405255000Q,000029200020519053,0.0000,0.0000,,,nem
2026.08.18 00:00,2026.08.18 01:00,39N050414007000M,000029900020520529,0.8000,0.7830,,,nem
2026.08.18 00:00,2026.08.18 01:00,39N050414007000M,000040300011213341,0.0000,0.0000,,,nem
2026.08.18 00:00,2026.08.18 01:00,39N050415384000Y,000000002146000548,0.0000,0.0000,,,nem
2026.08.18 00:00,2026.08.18 01:00,39N050415384000Y,000053100004423834,0.0000,0.0000,,,nem
2026.08.18 00:00,2026.08.18 01:00,39N0504237770004,000028400084243416,0.0000,0.0000,,,nem
2026.08.18 00:00,2026.08.18 01:00,39N050433181000O,000000002246000180,0.0000,0.0000,,,nem
2026.08.18 00:00,2026.08.18 01:00,39N050445873000K,000053400002725979,0.0000,0.0000,,,nem
2026.08.18 00:00,2026.08.18 01:00,39N050450493000U,K3SCC0400000594,0.0000,0.0000,,,nem
2026.08.18 00:00,2026.08.18 01:00,39N0504550620004,000052600000887704,0.1000,0.0979,,,nem
2026.08.18 00:00,2026.08.18 01:00,39N050458746000Y,000027100005870754,0.0000,0.0000,,,nem
2026.08.18 00:00,2026.08.18 01:00,39N050458746000Y,000053300004228243,0.0000,0.0000,,,nem
2026.08.18 00:00,2026.08.18 01:00,39N050458746000Y,000053300006548960,0.0000,0.0000,,,nem
2026.08.18 00:00,2026.08.18 01:00,39N0504648650006,000052600000887402,0.0000,0.0000,,,nem
2026.08.18 00:00,2026.08.18 01:00,39N050471715000L,000029200020517911,0.0000,0.0000,,,nem
2026.08.18 00:00,2026.08.18 01:00,39N050483780000G,000027100005870759,0.0000,0.0000,,,nem
2026.08.18 00:00,2026.08.18 01:00,39N050484438000J,000052600000889209,17.2000,16.8250,,,nem
2026.08.18 00:00,2026.08.18 01:00,39N050485100000G,000040400014219743,0.0000,0.0000,,,nem
2026.08.18 00:00,2026.08.18 01:00,39N0504864890005,000053400003287118,0.0000,0.0000,,,nem
2026.08.18 00:00,2026.08.18 01:00,39N050510259000R,000027100005848322,0.0000,0.0000,,,nem
2026.08.18 00:00,2026.08.18 01:00,39N050515515000A,000052700000885935,0.0000,0.0000,,,nem
2026.08.18 00:00,2026.08.18 01:00,39N0505226180003,000011100000109610,0.0000,0.0000,,,nem
2026.08.18 00:00,2026.08.18 01:00,39N0505384670009,000027100005848294,0.1000,0.1016,,,nem
2026.08.18 00:00,2026.08.18 01:00,39N0505387730002,000052600000900177,0.0000,0.0000,,,nem
2026.08.18 00:00,2026.08.18 01:00,39N050548215000H,000053400002719801,5.5000,5.3873,,,nem
2026.08.18 00:00,2026.08.18 01:00,39N050548840000J,K3SC09000000010,0.0000,0.0000,,,nem
2026.08.18 00:00,2026.08.18 01:00,39N050552094000R,000029900020521702,0.0000,0.0000,,,nem
2026.08.18 00:00,2026.08.18 01:00,39N050553222000K,K3SC08000003475,0.0000,0.0000,,,nem
2026.08.18 00:00,2026.08.18 01:00,39N050553661000A,000034800000061526,0.4000,0.4284,,,nem
2026.08.18 00:00,2026.08.18 01:00,39N0505752100002,000052600000887553,0.0000,0.0000,,,nem
2026.08.18 00:00,2026.08.18 01:00,39N050576124000C,000034800000546505,7.5000,7.6155,,,nem
2026.08.18 00:00,2026.08.18 01:00,39N0505779810001,000006202897801013,0.0000,0.0000,,,nem
2026.08.18 00:00,2026.08.18 01:00,39N050583139000X,000053300004078348,0.0000,0.0000,,,nem
2026.08.18 00:00,2026.08.18 01:00,39N0505847100003,000053400002726046,0.0000,0.0000,,,nem
2026.08.18 00:00,2026.08.18 01:00,39N0505992060002,000053400003708023,6.9000,6.7496,,,nem
2026.08.18 00:00,2026.08.18 01:00,39N050603076000J,000051303403563786,0.7000,0.6847,,,nem
2026.08.18 00:00,2026.08.18 01:00,39N050607494000V,000038200077141480,0.0000,0.0000,,,nem
2026.08.18 00:00,2026.08.18 01:00,39N0506230230009,000053400003707928,4.2000,4.1084,,,nem
2026.08.18 00:00,2026.08.18 01:00,39N050626352000P,000034800000072507,7.6000,7.4343,,,nem
2026.08.18 00:00,2026.08.18 01:00,39N050626352000P,000053300002318656,8.2000,8.0212,,,nem
2026.08.18 00:00,2026.08.18 01:00,39N050627784000Z,000001300013013134,0.0000,0.0000,,,nem
2026.08.18 00:00,2026.08.18 01:00,39N050627784000Z,K3SC03402019428,0.0000,0.0000,,,nem
2026.08.18 00:00,2026.08.18 01:00,39N050635744000T,000051303403398549,0.6700,0.6803,,,nem
2026.08.18 00:00,2026.08.18 01:00,39N050636182000C,000040300014219987,0.0000,0.0000,,,nem
2026.08.18 00:00,2026.08.18 01:00,39N050636182000C,000053200006188793,0.0000,0.0000,,,nem
2026.08.18 00:00,2026.08.18 01:00,39N050636182000C,000053300004228213,0.0000,0.0000,,,nem
2026.08.18 00:00,2026.08.18 01:00,39N050642904000H,000053400002719822,1.3000,1.3153,,,nem
2026.08.18 00:00,2026.08.18 01:00,39N0506488920006,000038200077159774,9.1000,9.2074,,,igen
2026.08.18 00:00,2026.08.18 01:00,39N050655561000S,000027000005848448,0.0000,0.0000,,,nem
2026.08.18 00:00,2026.08.18 01:00,39N050655561000S,000027000005950344,0.0000,0.0000,,,nem
2026.08.18 00:00,2026.08.18 01:00,39N050655561000S,000040200008208469,0.0000,0.0000,,,nem
2026.08.18 00:00,2026.08.18 01:00,39N050673657000W,000029900020524037,3.0000,2.9346,,,igen
2026.08.18 00:00,2026.08.18 01:00,39N050690260000L,000051303403663324,10.7000,10.4807,,,nem
2026.08.18 00:00,2026.08.18 01:00,39N050708788000F,000027000005921259,0.0000,0.0000,,,nem
2026.08.18 00:00,2026.08.18 01:00,39N050720770000X,000040400012214791,0.0000,0.0000,,,nem
2026.08.18 00:00,2026.08.18 01:00,39N050740233000M,000052700000900251,0.0000,0.0000,,,nem
2026.08.18 00:00,2026.08.18 01:00,39N050744134000T,000052600000888120,8.3000,8.1191,,,nem
2026.08.18 00:00,2026.08.18 01:00,39N0507451030007,000000002246000087,0.0000,0.0000,,,nem
2026.08.18 00:00,2026.08.18 01:00,39N0507495580003,000000002246000226,0.0000,0.0000,,,nem
2026.08.18 00:00,2026.08.18 01:00,39N050750365000F,000044500028323170,0.0100,0.0102,,,nem
2026.08.18 00:00,2026.08.18 01:00,39N050750365000F,K3SC08000011520,0.0000,0.0000,,,nem
2026.08.18 00:00,2026.08.18 01:00,39N050750873000L,K02000018L29990,0.0000,0.0000,,,nem
2026.08.18 00:00,2026.08.18 01:00,39N050753398000W,000008800043780262,0.0000,0.0000,,,nem
2026.08.18 00:00,2026.08.18 01:00,39N050753398000W,000027000005848440,0.0000,0.0000,,,igen
2026.08.18 00:00,2026.08.18 01:00,39N050753398000W,000027000005950363,0.0000,0.0000,,,nem
2026.08.18 00:00,2026.08.18 01:00,39N050753398000W,000028700084243194,0.0000,0.0000,,,nem
2026.08.18 00:00,2026.08.18 01:00,39N050753839000S,000040300014219478,0.0000,0.0000,,,nem
2026.08.18 00:00,2026.08.18 01:00,39N050753876000J,000027000005848396,0.0000,0.0000,,,nem
2026.08.18 00:00,2026.08.18 01:00,39N050753876000J,000051303403563777,0.0000,0.0000,,,nem
2026.08.18 00:00,2026.08.18 01:00,39N050753876000J,000053300002728766,0.6000,0.6095,,,nem
2026.08.18 00:00,2026.08.18 01:00,39N050754012000C,K3SC03402019415,0.0000,0.0000,,,nem
2026.08.18 00:00,2026.08.18 01:00,39N050754015000Y,000027100005870748,0.0000,0.0000,,,nem
2026.08.18 00:00,2026.08.18 01:00,39N050754015000Y,K3SC03400984912,0.0000,0.0000,,,nem
2026.08.18 00:00,2026.08.18 01:00,39N050754578000M,000027100005848567,0.0000,0.0000,,,nem
2026.08.18 00:00,2026.08.18 01:00,39N050754578000M,000053300004228283,0.0000,0.0000,,,nem
2026.08.18 00:00,2026.08.18 01:00,39N050754578000M,000053400003290776,0.0000,0.0000,,,nem
2026.08.18 00:00,2026.08.18 01:00,39N050754716000H,000040300006200780,0.0000,0.0000,,,nem
2026.08.18 00:00,2026.08.18 01:00,39N050754716000H,K3SC04000000943,0.0000,0.0000,,,nem
2026.08.18 00:00,2026.08.18 01:00,39N050755929000B,SC07000007591,0.0000,0.0000,,,nem
2026.08.18 00:00,2026.08.18 01:00,39N050755997000G,000000002246000049,0.0000,0.0000,,,nem
2026.08.18 00:00,2026.08.18 01:00,39N050755997000G,000003500035198891,0.0000,0.0000,,,nem
2026.08.18 00:00,2026.08.18 01:00,39N0507569640004,000029200020511689,0.0000,0.0000,,,nem
2026.08.18 00:00,2026.08.18 01:00,39N050756996000D,K3SC08000006659,0.0000,0.0000,,,nem
2026.08.18 00:00,2026.08.18 01:00,39N050757163000K,K3SC08000005254,0.0000,0.0000,,,nem
2026.08.18 00:00,2026.08.18 01:00,39N050757415000J,000053400003290785,0.1000,0.1050,,,nem
2026.08.18 00:00,2026.08.18 01:00,39N050757415000J,K3SC09000000237,0.0000,0.0000,,,nem
2026.08.18 00:00,2026.08.18 01:00,39N050757439000O,000001300013505669,0.0000,0.0000,,,nem
2026.08.18 00:00,2026.08.18 01:00,39N050757439000O,000040300012216291,0.0000,0.0000,,,nem
2026.08.18 00:00,2026.08.18 01:00,39N050757439000O,000044500037979231,0.0000,0.0000,,,nem
2026.08.18 00:00,2026.08.18 01:00,39N050757439000O,K3SC08000002229,0.0000,0.0000,,,nem
2026.08.18 00:00,2026.08.18 01:00,39N050757450000K,000053400002719733,0.0000,0.0000,,,nem
2026.08.18 00:00,2026.08.18 01:00,39N050757450000K,K3SC03401169913,0.0000,0.0000,,,nem
2026.08.18 00:00,2026.08.18 01:00,39N050757472000Z,000000002246000059,0.0000,0.0000,,,nem
2026.08.18 00:00,2026.08.18 01:00,39N050757472000Z,000053400002719783,0.0000,0.0000,,,nem
2026.08.18 00:00,2026.08.18 01:00,39N050758923000H,000027900020522241,0.0000,0.0000,,,nem
2026.08.18 00:00,2026.08.18 01:00,39N050759606000R,K02202146000564,0.0000,0.0000,,,nem
2026.08.18 00:00,2026.08.18 01:00,39N0507599930004,000002800024149874,0.0000,0.0000,,,nem
2026.08.18 00:00,2026.08.18 01:00,39N0507599930004,SC07000001919,0.0000,0.0000,,,nem
2026.08.18 00:00,2026.08.18 01:00,39N050760458000R,000000002246000162,0.0000,0.0000,,,nem
2026.08.18 00:00,2026.08.18 01:00,39N050760458000R,000001300016230255,0.0000,0.0000,,,nem
2026.08.18 00:00,2026.08.18 01:00,39N050760709000V,K3SC03401061094,7.5000,50.9300,,,nem
2026.08.18 00:00,2026.08.18 01:00,39N050762038000E,K02202246000183,0.0000,0.0000,,,nem
2026.08.18 00:00,2026.08.18 01:00,39N050762094000Z,000033300005960005,0.0000,0.0000,,,nem
2026.08.18 00:00,2026.08.18 01:00,39N050762094000Z,K3SC03400723975,0.0000,0.0000,,,nem
2026.08.18 00:00,2026.08.18 01:00,39N050764763000U,000012000075117793,0.0000,0.0000,,,nem
2026.08.18 00:00,2026.08.18 01:00,39N050764763000U,000053100006730746,0.0000,0.0000,,,nem
2026.08.18 00:00,2026.08.18 01:00,39N050764763000U,K3SC09000000002,0.0000,0.0000,,,nem
2026.08.18 00:00,2026.08.18 01:00,39N050764779000V,000052100004064528,0.0000,0.0000,,,nem
2026.08.18 00:00,2026.08.18 01:00,39N050764779000V,K3SC03402019421,0.0000,0.0000,,,nem
2026.08.18 00:00,2026.08.18 01:00,39N050765037000W,K02000017L29370,0.0000,0.0000,,,nem
2026.08.18 00:00,2026.08.18 01:00,39N0507679070008,000000002146000466,0.0000,0.0000,,,nem
2026.08.18 00:00,2026.08.18 01:00,39N0507679070008,000040300007204577,0.0000,0.0000,,,nem
2026.08.18 00:00,2026.08.18 01:00,39N0507679070008,000040300014219638,0.0000,0.0000,,,nem
2026.08.18 00:00,2026.08.18 01:00,39N0507679070008,000053100004211708,0.0000,0.0000,,,nem
2026.08.18 00:00,2026.08.18 01:00,39N0507679070008,000053300004078695,0.0000,0.0000,,,nem
2026.08.18 00:00,2026.08.18 01:00,39N0507679070008,SC07000001932,0.0000,0.0000,,,nem
2026.08.18 00:00,2026.08.18 01:00,39N0507693140006,000000002246000115,0.0000,0.0000,,,nem
2026.08.18 00:00,2026.08.18 01:00,39N0507705100001,000029900020514285,0.0000,0.0000,,,nem
2026.08.18 00:00,2026.08.18 01:00,39N0507705100001,000051303403563760,0.0000,0.0000,,,nem
2026.08.18 00:00,2026.08.18 01:00,39N0507705100001,000052700000899611,0.0000,0.0000,,,nem
2026.08.18 00:00,2026.08.18 01:00,39N0507705100001,K3SC07000001924,0.0000,0.0000,,,nem
2026.08.18 00:00,2026.08.18 01:00,39N050771852000C,K3SC07000001832,0.0000,0.0000,,,nem
2026.08.18 00:00,2026.08.18 01:00,39N0507730720003,000053300004228387,0.0000,0.0000,,,nem
2026.08.18 00:00,2026.08.18 01:00,39N050773615000J,K3SC34000505359,0.0000,0.0000,,,nem
2026.08.18 00:00,2026.08.18 01:00,39N050773622000S,000053300004228493,0.0000,0.0000,,,nem
2026.08.18 00:00,2026.08.18 01:00,39N050773622000S,K3SC09000000250,0.0000,0.0000,,,nem
2026.08.18 00:00,2026.08.18 01:00,39N050773882000F,K3SC03402019413,0.0000,0.0000,,,nem
2026.08.18 00:00,2026.08.18 01:00,39N0507741940003,K02000018L29724,0.0000,0.0000,,,nem
2026.08.18 00:00,2026.08.18 01:00,39N050774244000Q,000044700031395811,0.0000,0.0000,,,nem
2026.08.18 00:00,2026.08.18 01:00,39N050774244000Q,K3SC03400699635,11.2000,42.6400,,,nem
2026.08.18 00:00,2026.08.18 01:00,39N0507742750003,000027900020519928,0.0000,0.0000,,,nem
2026.08.18 00:00,2026.08.18 01:00,39N050775645000M,000008800045007665,0.0000,0.0000,,,nem
2026.08.18 00:00,2026.08.18 01:00,39N050775645000M,000027900020502769,0.0000,0.0000,,,nem
2026.08.18 00:00,2026.08.18 01:00,39N050776264000Z,000027100005870779,0.0000,0.0000,,,nem
2026.08.18 00:00,2026.08.18 01:00,39N050776439000E,000001300023106173,0.0000,0.0000,,,nem
2026.08.18 00:00,2026.08.18 01:00,39N050776439000E,SC07000006370,0.0000,0.0000,,,nem
2026.08.18 00:00,2026.08.18 01:00,39N050776462000V,K02000017L29063,0.0000,0.0000,,,nem
2026.08.18 00:00,2026.08.18 01:00,39N0507772080006,000000002246000073,0.0000,0.0000,,,nem
2026.08.18 00:00,2026.08.18 01:00,39N050777442000Z,000002600043780817,0.0000,0.0000,,,nem
2026.08.18 00:00,2026.08.18 01:00,39N050777442000Z,K02000017L29055,0.0000,0.0000,,,nem
2026.08.18 00:00,2026.08.18 01:00,39N050777442000Z,K02202146000484,0.0000,0.0000,,,nem
2026.08.18 00:00,2026.08.18 01:00,39N050777482000B,000000002246000043,0.0000,0.0000,,,nem
2026.08.18 00:00,2026.08.18 01:00,39N050792697000P,000027000005848410,0.0000,0.0000,,,nem
2026.08.18 00:00,2026.08.18 01:00,39N050793035000V,000035500084243061,0.0000,0.0000,,,nem
2026.08.18 00:00,2026.08.18 01:00,39N050793035000V,000035500084243063,0.0000,0.0000,,,igen
2026.08.18 00:00,2026.08.18 01:00,39N0507981050002,000029200020524061,0.0000,0.0000,,,nem
2026.08.18 00:00,2026.08.18 01:00,39N050813036000E,000027100005897973,0.0000,0.0000,,,nem
2026.08.18 00:00,2026.08.18 01:00,39N050814444000J,000053300003306760,0.0000,0.0000,,,nem
2026.08.18 00:00,2026.08.18 01:00,39N050816644000Q,000052600000899462,12.1000,11.8362,,,nem
2026.08.18 00:00,2026.08.18 01:00,39N0508179760006,SC10000001096,2.2300,7.7900,,,nem
2026.08.18 00:00,2026.08.18 01:00,39N050818676000J,000040400014219207,0.0000,0.0000,,,nem
2026.08.18 00:00,2026.08.18 01:00,39N050820134000W,000053100004211197,0.0300,0.0305,,,nem
2026.08.18 00:00,2026.08.18 01:00,39N050820134000W,K3SC03402019414,0.0000,0.0000,,,nem
2026.08.18 00:00,2026.08.18 01:00,39N050820458000G,000052700000885406,0.2000,0.2072,,,nem
2026.08.18 00:00,2026.08.18 01:00,39N050822345000S,000052600000884385,0.3000,0.2886,,,nem
2026.08.18 00:00,2026.08.18 01:00,39N0508227020002,K3SC03401147239,0.0000,0.0000,,,nem
2026.08.18 00:00,2026.08.18 01:00,39N050831052000K,K3SC03401169907,0.0000,0.0000,,,nem
2026.08.18 00:00,2026.08.18 01:00,39N050831052000K,K3SC07000006344,0.0000,0.0000,,,nem
2026.08.18 00:00,2026.08.18 01:00,39N050831214000K,K3SC08000001061,0.0000,0.0000,,,nem
2026.08.18 00:00,2026.08.18 01:00,39N050831732000K,000000002246000171,0.0000,0.0000,,,nem
2026.08.18 00:00,2026.08.18 01:00,39N050831732000K,000000002246000297,0.0000,0.0000,,,nem
2026.08.18 00:00,2026.08.18 01:00,39N050832564000Z,K3SC08000002241,0.0000,0.0000,,,nem
2026.08.18 00:00,2026.08.18 01:00,39N050833827000F,K3SC03400699729,0.0000,0.0000,,,nem
2026.08.18 00:00,2026.08.18 01:00,39N050836149000I,K3SC03401414828,0.0000,0.0000,,,nem
2026.08.18 00:00,2026.08.18 01:00,39N050836830000K,000000003403233014,0.0000,0.0000,,,nem
2026.08.18 00:00,2026.08.18 01:00,39N050836979000I,000053400003290796,0.0000,0.0000,,,nem
2026.08.18 00:00,2026.08.18 01:00,39N0508398450002,K3SC08000002237,0.0000,0.0000,,,nem
2026.08.18 00:00,2026.08.18 01:00,39N050841968000N,SC11000000589,0.0000,0.0000,,,nem
2026.08.18 00:00,2026.08.18 01:00,39N050843706000U,000053300004078513,0.0000,0.0000,,,nem
2026.08.18 00:00,2026.08.18 01:00,39N050844930000K,000052600000914889,0.1000,0.0980,,,nem
2026.08.18 00:00,2026.08.18 01:00,39N050847541000D,K3SC09000000240,0.0000,0.0000,,,nem
2026.08.18 00:00,2026.08.18 01:00,39N050847787000J,000034800000031563,0.0000,0.0000,,,nem
2026.08.18 00:00,2026.08.18 01:00,39N0508480240000,000052700000909509,0.0000,0.0000,,,nem
2026.08.18 00:00,2026.08.18 01:00,39N050848355000U,000040300012215942,0.0000,0.0000,,,nem
2026.08.18 00:00,2026.08.18 01:00,39N0508490730004,000051303403563818,17.9000,17.5205,,,nem
2026.08.18 00:00,2026.08.18 01:00,39N050849323000D,K3SC04000000054,1.6000,6.2900,,,nem
2026.08.18 00:00,2026.08.18 01:00,39N050851794000U,K3SC07000006360,0.0000,0.0000,,,nem
2026.08.18 00:00,2026.08.18 01:00,39N050861247000Y,K3SC09000003821,0.8000,2.5800,,,nem
2026.08.18 00:00,2026.08.18 01:00,39N050866001000P,000000002246000036,0.1230,0.8470,,,nem
2026.08.18 00:00,2026.08.18 01:00,39N050875710000B,K3SC11000000578,0.0000,0.0000,,,nem
2026.08.18 00:00,2026.08.18 01:00,39N0508759240008,K3SC03401061101,0.0000,0.0000,,,nem
2026.08.18 00:00,2026.08.18 01:00,39N0508788210006,000053300004078461,0.0000,0.0000,,,nem
2026.08.18 00:00,2026.08.18 01:00,39N050879364000V,K02000016L28058,0.0000,0.0000,,,nem
2026.08.18 00:00,2026.08.18 01:00,39N0508813320003,000029900020519902,0.0000,0.0000,,,nem
2026.08.18 00:00,2026.08.18 01:00,39N050882973000Z,000040300009900172,0.0000,0.0000,,,nem
2026.08.18 00:00,2026.08.18 01:00,39N050890535000A,000000002146000441,0.0000,0.0000,,,nem
2026.08.18 00:00,2026.08.18 01:00,39N0508949570002,000027100005897971,0.0000,0.0000,,,nem
2026.08.18 00:00,2026.08.18 01:00,39N050896400000C,K3SC03400574253,0.0000,0.0000,,,nem
2026.08.18 00:00,2026.08.18 01:00,39N050896796000I,000027700001184418,0.0000,0.0000,,,nem
2026.08.18 00:00,2026.08.18 01:00,39N050898846000P,K3SC03400699737,0.0000,0.0000,,,nem
2026.08.18 00:00,2026.08.18 01:00,39N050913091000U,000027100005848490,0.0000,0.0000,,,nem
2026.08.18 00:00,2026.08.18 01:00,39N050915973000R,K3SC08000002025,0.0000,0.0000,,,nem
2026.08.18 00:00,2026.08.18 01:00,39N050916593000Z,K3SC03401169915,7.8000,29.3700,,,nem
2026.08.18 01:00,2026.08.18 02:00,39N0500091210005,000038200077158060,0.0000,0.0000,,,nem
2026.08.18 01:00,2026.08.18 02:00,39N050022609000H,000053300003307178,0.1000,0.1012,,,nem
2026.08.18 01:00,2026.08.18 02:00,39N050029731000D,000052600000914866,0.0000,0.0000,,,nem
2026.08.18 01:00,2026.08.18 02:00,39N050031988000Q,000052600000899454,0.0000,0.0000,,,nem
2026.08.18 01:00,2026.08.18 02:00,39N050032468000S,000052700000899362,0.0000,0.0000,,,nem
2026.08.18 01:00,2026.08.18 02:00,39N050033836000K,000027100005848245,0.0000,0.0000,,,nem
2026.08.18 01:00,2026.08.18 02:00,39N050034412000Z,000002600043780756,0.0000,0.0000,,,nem
2026.08.18 01:00,2026.08.18 02:00,39N050034412000Z,000052700000885403,2.7000,2.6428,,,nem
2026.08.18 01:00,2026.08.18 02:00,39N0500344350008,000046700000888615,0.0000,0.0000,,,nem
2026.08.18 01:00,2026.08.18 02:00,39N050034459000D,000040400014219775,0.0000,0.0000,,,nem
2026.08.18 01:00,2026.08.18 02:00,39N050042294000Z,000040400008209973,0.0000,0.0000,,,nem
2026.08.18 01:00,2026.08.18 02:00,39N050044030000F,000027000035197562,0.0000,0.0000,,,nem
2026.08.18 01:00,2026.08.18 02:00,39N050052498000T,SC05000004104,0.0000,0.0000,,,nem
2026.08.18 01:00,2026.08.18 02:00,39N050053842000G,K3SC03401169905,0.0000,0.0000,,,nem
2026.08.18 01:00,2026.08.18 02:00,39N0500617550009,000044500034101914,0.0000,0.0000,,,nem
2026.08.18 01:00,2026.08.18 02:00,39N0500617550009,K3SC03400699700,0.0000,0.0000,,,nem
2026.08.18 01:00,2026.08.18 02:00,39N050066949000F,000053400003290721,0.0000,0.0000,,,nem
2026.08.18 01:00,2026.08.18 02:00,39N050068660000G,000035500084243026,0.1000,0.1007,,,nem
2026.08.18 01:00,2026.08.18 02:00,39N050068660000G,000035500084243027,1.2000,1.2084,,,nem
2026.08.18 01:00,2026.08.18 02:00,39N050071512000G,000051303403398537,0.0000,0.0000,,,nem
2026.08.18 01:00,2026.08.18 02:00,39N050073737000N,000040400006201455,0.0000,0.0000,,,nem
2026.08.18 01:00,2026.08.18 02:00,39N050073762000U,000053400004078277,0.0000,0.0000,,,nem
2026.08.18 01:00,2026.08.18 02:00,39N050075194000S,000029200020524049,12.3000,12.5276,,,nem
2026.08.18 01:00,2026.08.18 02:00,39N0500755940000,000027000005950284,0.0000,0.0000,,,nem
2026.08.18 01:00,2026.08.18 02:00,39N0500755940000,000052600000886571,0.0000,0.0000,,,nem
2026.08.18 01:00,2026.08.18 02:00,39N050076850000F,000006201754704050,0.0000,0.0000,,,nem
2026.08.18 01:00,2026.08.18 02:00,39N050076850000F,000040300006201137,0.0000,0.0000,,,nem
2026.08.18 01:00,2026.08.18 02:00,39N050081322000F,000053400003290798,0.0000,0.0000,,,nem
2026.08.18 01:00,2026.08.18 02:00,39N050083908000D,000006202897801002,0.0000,0.0000,,,nem
2026.08.18 01:00,2026.08.18 02:00,39N050083908000D,000040300011213334,0.0000,0.0000,,,nem
2026.08.18 01:00,2026.08.18 02:00,39N050089206000O,000006203403563919,1.8000,1.8122,,,igen
2026.08.18 01:00,2026.08.18 02:00,39N050089206000O,000028700084091487,0.0000,0.0000,,,nem
2026.08.18 01:00,2026.08.18 02:00,39N050089342000D,000015608267713002,0.0000,0.0000,,,nem
2026.08.18 01:00,2026.08.18 02:00,39N050094459000X,000040400006201425,0.0000,0.0000,,,nem
2026.08.18 01:00,2026.08.18 02:00,39N050094490000H,000027100005894204,2.8000,2.7045,,,nem
2026.08.18 01:00,2026.08.18 02:00,39N050106941000P,000027100005848507,0.3000,0.2898,,,nem
2026.08.18 01:00,2026.08.18 02:00,39N0501191590002,000029200020517908,0.0000,0.0000,,,nem
2026.08.18 01:00,2026.08.18 02:00,39N050132558000H,000040400007204469,0.9000,0.8809,,,nem
2026.08.18 01:00,2026.08.18 02:00,39N050137387000F,000052600000900202,0.0000,0.0000,,,nem
2026.08.18 01:00,2026.08.18 02:00,39N050145410000I,000027100005848241,0.2000,0.1958,,,nem
2026.08.18 01:00,2026.08.18 02:00,39N050146207000W,000052700000899364,0.0000,0.0000,,,nem
2026.08.18 01:00,2026.08.18 02:00,39N050153206000F,K3SC06000007800,0.0000,0.0000,,,nem
2026.08.18 01:00,2026.08.18 02:00,39N0501601470008,000040300008206765,0.0000,0.0000,,,igen
2026.08.18 01:00,2026.08.18 02:00,39N0501601470008,000040300014219822,0.0000,0.0000,,,igen
2026.08.18 01:00,2026.08.18 02:00,39N050160341000O,000052700000899034,0.0000,0.0000,,,igen
2026.08.18 01:00,2026.08.18 02:00,39N0501618590009,000053400002726045,0.1000,0.0979,,,nem
2026.08.18 01:00,2026.08.18 02:00,39N050168020000Z,L01A625,3.0000,2.9877,,,nem
2026.08.18 01:00,2026.08.18 02:00,39N050176728000R,000040300012214339,0.0000,0.0000,,,nem
2026.08.18 01:00,2026.08.18 02:00,39N050176728000R,000053300003348438,0.0000,0.0000,,,nem
2026.08.18 01:00,2026.08.18 02:00,39N050177032000I,000053400003290719,0.0000,0.0000,,,nem
2026.08.18 01:00,2026.08.18 02:00,39N0501770340008,000053400002725990,0.0000,0.0000,,,nem
2026.08.18 01:00,2026.08.18 02:00,39N050180150000J,000000002246000217,0.9920,0.9940,,,nem
2026.08.18 01:00,2026.08.18 02:00,39N050197735000A,000053400003290744,0.0000,0.0000,,,nem
2026.08.18 01:00,2026.08.18 02:00,39N0502000520004,000029900020519904,0.0000,0.0000,,,nem
2026.08.18 01:00,2026.08.18 02:00,39N0502000520004,000053400003290731,0.0000,0.0000,,,nem
2026.08.18 01:00,2026.08.18 02:00,39N050207087000G,000033300005960021,0.0000,0.0000,,,nem
2026.08.18 01:00,2026.08.18 02:00,39N050207887000Y,000011100000109615,0.0000,0.0000,,,nem
2026.08.18 01:00,2026.08.18 02:00,39N050208125000A,000028700084091484,0.0000,0.0000,,,nem
2026.08.18 01:00,2026.08.18 02:00,39N050208128000W,000052600000896583,0.0000,0.0000,,,nem
2026.08.18 01:00,2026.08.18 02:00,39N050208164000S,000000002246000198,6.0000,6.3890,,,nem
2026.08.18 01:00,2026.08.18 02:00,39N050209187000U,000027000005926405,0.0000,0.0000,,,nem
2026.08.18 01:00,2026.08.18 02:00,39N0502109170005,000053400003708002,0.0000,0.0000,,,nem
2026.08.18 01:00,2026.08.18 02:00,39N0502109620000,000027100005894243,0.0000,0.0000,,,nem
2026.08.18 01:00,2026.08.18 02:00,39N050212788000U,000053600000897292,0.0000,0.0000,,,nem
2026.08.18 01:00,2026.08.18 02:00,39N050213910000G,000027100005898038,0.0000,0.0000,,,nem
2026.08.18 01:00,2026.08.18 02:00,39N050214190000G,K3SC03400699752,0.1900,0.7100,,,nem
2026.08.18 01:00,2026.08.18 02:00,39N050214638000E,K02000017L28861,0.0000,0.0000,,,nem
2026.08.18 01:00,2026.08.18 02:00,39N050214647000D,K3SC06000003455,0.0000,0.0000,,,nem
2026.08.18 01:00,2026.08.18 02:00,39N050214652000W,000008800043449669,0.0000,0.0000,,,nem
2026.08.18 01:00,2026.08.18 02:00,39N050214652000W,000027000005894200,0.0000,0.0000,,,nem
2026.08.18 01:00,2026.08.18 02:00,39N050214652000W,K3SC08000002012,0.0000,0.0000,,,nem
2026.08.18 01:00,2026.08.18 02:00,39N050214655000H,K3SC09000000230,0.1000,0.5900,,,nem
2026.08.18 01:00,2026.08.18 02:00,39N050214668000X,000000002246000235,0.0000,0.0000,,,nem
2026.08.18 01:00,2026.08.18 02:00,39N050214674000A,K3SC07000007598,0.0000,0.0000,,,nem
2026.08.18 01:00,2026.08.18 02:00,39N050214697000K,K3SC07000006334,0.0000,0.0000,,,nem
2026.08.18 01:00,2026.08.18 02:00,39N050214912000Z,K3SC07000001923,0.0000,0.0000,,,nem
2026.08.18 01:00,2026.08.18 02:00,39N050214941000M,EP07883,0.0000,0.0000,,,nem
2026.08.18 01:00,2026.08.18 02:00,39N050215930000P,K3SC06000002907,0.0000,0.0000,,,nem
2026.08.18 01:00,2026.08.18 02:00,39N050215938000M,K02000017L29066,0.0000,0.0000,,,nem
2026.08.18 01:00,2026.08.18 02:00,39N0502159430004,K3SC07000001954,0.0000,0.0000,,,nem
2026.08.18 01:00,2026.08.18 02:00,39N050215958000A,000000002246000117,0.0000,0.0000,,,nem
2026.08.18 01:00,2026.08.18 02:00,39N050215958000A,K02000017L29366,0.0000,0.0000,,,nem
2026.08.18 01:00,2026.08.18 02:00,39N050215987000Y,000040300012214341,0.0000,0.0000,,,nem
2026.08.18 01:00,2026.08.18 02:00,39N050215987000Y,K3SC04000000062,0.0000,0.0000,,,nem
2026.08.18 01:00,2026.08.18 02:00,39N050215987000Y,K3SC07000002663,0.0000,0.0000,,,nem
2026.08.18 01:00,2026.08.18 02:00,39N050215990000Q,000000002146000419,0.0000,0.0000,,,nem
2026.08.18 01:00,2026.08.18 02:00,39N050215990000Q,000000002246000261,0.0090,0.0090,,,nem
2026.08.18 01:00,2026.08.18 02:00,39N050215996000X,000000002246000205,0.0000,0.0000,,,nem
2026.08.18 01:00,2026.08.18 02:00,39N050215996000X,000044600000607648,0.0000,0.0000,,,nem
2026.08.18 01:00,2026.08.18 02:00,39N050215996000X,000044600000614795,0.0000,0.0000,,,nem
2026.08.18 01:00,2026.08.18 02:00,39N050216000000O,K3SC08000006643,0.0000,0.0000,,,nem
2026.08.18 01:00,2026.08.18 02:00,39N050216189000Z,K3SC09000000005,0.0000,0.0000,,,nem
2026.08.18 01:00,2026.08.18 02:00,39N050216319000Q,K3SC04000000788,0.0000,0.0000,,,nem
2026.08.18 01:00,2026.08.18 02:00,39N050217344000P,SC06000007846,25.0000,48.2500,,,nem
2026.08.18 01:00,2026.08.18 02:00,39N050217514000T,000000002246000191,7.0360,7.4590,,,nem
2026.08.18 01:00,2026.08.18 02:00,39N050217594000I,K02000017L28855,0.0000,0.0000,,,nem
2026.08.18 01:00,2026.08.18 02:00,39N0502177240009,000006209160519002,0.7000,0.7049,,,igen
2026.08.18 01:00,2026.08.18 02:00,39N0502177240009,000027700001201786,0.0000,0.0000,,,nem
2026.08.18 01:00,2026.08.18 02:00,39N0502177240009,K3SC08000001999,0.0000,0.0000,,,nem
2026.08.18 01:00,2026.08.18 02:00,39N0502177250004,000000002146000444,0.0000,0.0000,,,nem
2026.08.18 01:00,2026.08.18 02:00,39N0502177250004,000053200002511869,0.0000,0.0000,,,nem
2026.08.18 01:00,2026.08.18 02:00,39N050218554000Y,K02202146000431,0.0000,0.0000,,,nem
2026.08.18 01:00,2026.08.18 02:00,39N050218563000X,000000000001084616,0.0000,0.0000,,,nem
2026.08.18 01:00,2026.08.18 02:00,39N050218588000X,K3SC08000009353,0.0000,0.0000,,,nem
2026.08.18 01:00,2026.08.18 02:00,39N050218591000P,000008800043780320,0.0000,0.0000,,,nem
2026.08.18 01:00,2026.08.18 02:00,39N050218591000P,K02202146000387,0.0000,0.0000,,,nem
2026.08.18 01:00,2026.08.18 02:00,39N0502185960000,000045500001090171,0.0000,0.0000,,,nem
2026.08.18 01:00,2026.08.18 02:00,39N0502186000003,000000002246000034,0.0000,0.0000,,,nem
2026.08.18 01:00,2026.08.18 02:00,39N0502186000003,000044500026294967,0.0000,0.0000,,,nem
2026.08.18 01:00,2026.08.18 02:00,39N050218709000P,000000002146000433,0.0000,0.0000,,,nem
2026.08.18 01:00,2026.08.18 02:00,39N050218709000P,000027000005871862,0.0000,0.0000,,,nem
2026.08.18 01:00,2026.08.18 02:00,39N050219101000P,000053100006284304,0.0000,0.0000,,,nem
2026.08.18 01:00,2026.08.18 02:00,39N050219101000P,K11702446102256,0.0000,0.0000,,,nem
2026.08.18 01:00,2026.08.18 02:00,39N050219111000J,000053100006086023,0.0000,0.0000,,,nem
2026.08.18 01:00,2026.08.18 02:00,39N050219111000J,K3SC08000002002,0.0000,0.0000,,,nem
2026.08.18 01:00,2026.08.18 02:00,39N0502191220008,000000002146000405,0.0000,0.0000,,,nem
2026.08.18 01:00,2026.08.18 02:00,39N050219127000K,K02000018L30060,0.0000,0.0000,,,nem
2026.08.18 01:00,2026.08.18 02:00,39N050219144000N,K3SC07000001933,3.5000,3.4500,,,nem
2026.08.18 01:00,2026.08.18 02:00,39N050222615000B,K3SC08000002009,0.0000,0.0000,,,nem
2026.08.18 01:00,2026.08.18 02:00,39N050224132000X,000052600000885006,0.0000,0.0000,,,nem
2026.08.18 01:00,2026.08.18 02:00,39N050225228000V,000052600000887973,0.0000,0.0000,,,nem
2026.08.18 01:00,2026.08.18 02:00,39N050225361000Z,000028700084243212,0.0000,0.0000,,,nem
2026.08.18 01:00,2026.08.18 02:00,39N050225592000Z,K02000018L29674,0.0000,0.0000,,,nem
2026.08.18 01:00,2026.08.18 02:00,39N0502258590003,000053400004078297,0.0000,0.0000,,,nem
2026.08.18 01:00,2026.08.18 02:00,39N0502320940001,000053400002726024,0.0000,0.0000,,,nem
2026.08.18 01:00,2026.08.18 02:00,39N050233268000E,000040300013218204,0.0000,0.0000,,,nem
2026.08.18 01:00,2026.08.18 02:00,39N050233872000X,K3SC09000003822,0.0000,0.0000,,,nem
2026.08.18 01:00,2026.08.18 02:00,39N050235722000H,000000002246000065,0.6710,2.6470,,,nem
2026.08.18 01:00,2026.08.18 02:00,39N050235781000N,000000000000071480,0.0000,0.0000,,,nem
2026.08.18 01:00,2026.08.18 02:00,39N050236245000H,000006209160513005,0.0000,0.0000,,,nem
2026.08.18 01:00,2026.08.18 02:00,39N0502362660000,000027900020508134,0.0000,0.0000,,,nem
2026.08.18 01:00,2026.08.18 02:00,39N0502362660000,000040300011213597,0.0000,0.0000,,,nem
2026.08.18 01:00,2026.08.18 02:00,39N0502477110003,000052700000884957,0.0000,0.0000,,,nem
2026.08.18 01:00,2026.08.18 02:00,39N0502510990003,000019900016977384,0.0000,0.0000,,,nem
2026.08.18 01:00,2026.08.18 02:00,39N050251837000U,000040300007204770,0.0000,0.0000,,,nem
2026.08.18 01:00,2026.08.18 02:00,39N050252043000I,000027100005898029,0.0000,0.0000,,,nem
2026.08.18 01:00,2026.08.18 02:00,39N050252204000N,000006203229509031,2.5000,2.5815,,,nem
2026.08.18 01:00,2026.08.18 02:00,39N050253671000Y,000053400003708027,0.0000,0.0000,,,nem
2026.08.18 01:00,2026.08.18 02:00,39N050254055000N,000028700084243189,0.0000,0.0000,,,nem
2026.08.18 01:00,2026.08.18 02:00,39N0502542550009,000006203403563870,0.3000,0.2939,,,nem
2026.08.18 01:00,2026.08.18 02:00,39N050258835000L,000019900017022057,13.8000,14.1629,,,nem
2026.08.18 01:00,2026.08.18 02:00,39N050261616000F,000027100005848476,1.3000,1.3295,,,nem
2026.08.18 01:00,2026.08.18 02:00,39N050269363000V,000052700000884401,0.0000,0.0000,,,nem
2026.08.18 01:00,2026.08.18 02:00,39N050316475000U,000003300035201642,0.0000,0.0000,,,nem
2026.08.18 01:00,2026.08.18 02:00,39N050316475000U,000027000005848437,0.0000,0.0000,,,nem
2026.08.18 01:00,2026.08.18 02:00,39N0503424040008,000027100005870727,0.2000,0.1956,,,nem
2026.08.18 01:00,2026.08.18 02:00,39N0503439790009,000029200020502760,0.1000,0.0980,,,nem
2026.08.18 01:00,2026.08.18 02:00,39N050369436000H,000052700000889661,0.0000,0.0000,,,nem
2026.08.18 01:00,2026.08.18 02:00,39N050373639000R,000040300006202862,0.0000,0.0000,,,igen
2026.08.18 01:00,2026.08.18 02:00,39N050373666000O,000052700000887369,0.0000,0.0000,,,nem
2026.08.18 01:00,2026.08.18 02:00,39N050377940000D,000053400002719761,0.0000,0.0000,,,nem
2026.08.18 01:00,2026.08.18 02:00,39N050381165000Y,000000002246000284,0.0000,0.0000,,,nem
2026.08.18 01:00,2026.08.18 02:00,39N050385675000Z,000040400009210687,0.0000,0.0000,,,nem
2026.08.18 01:00,2026.08.18 02:00,39N050405255000Q,000029200020519053,0.0000,0.0000,,,nem
2026.08.18 01:00,2026.08.18 02:00,39N050414007000M,000029900020520529,0.0000,0.0000,,,nem
2026.08.18 01:00,2026.08.18 02:00,39N050414007000M,000040300011213341,0.0000,0.0000,,,nem
2026.08.18 01:00,2026.08.18 02:00,39N050415384000Y,000000002146000548,0.0000,0.0000,,,nem
2026.08.18 01:00,2026.08.18 02:00,39N050415384000Y,000053100004423834,0.0000,0.0000,,,nem
2026.08.18 01:00,2026.08.18 02:00,39N0504237770004,000028400084243416,0.0000,0.0000,,,nem
2026.08.18 01:00,2026.08.18 02:00,39N050433181000O,000000002246000180,0.0000,0.0000,,,nem
2026.08.18 01:00,2026.08.18 02:00,39N050445873000K,000053400002725979,0.0000,0.0000,,,nem
2026.08.18 01:00,2026.08.18 02:00,39N050450493000U,K3SCC0400000594,0.0000,0.0000,,,nem
2026.08.18 01:00,2026.08.18 02:00,39N0504550620004,000052600000887704,0.0000,0.0000,,,nem
2026.08.18 01:00,2026.08.18 02:00,39N050458746000Y,000027100005870754,0.0000,0.0000,,,nem
2026.08.18 01:00,2026.08.18 02:00,39N050458746000Y,000053300004228243,0.0000,0.0000,,,nem
2026.08.18 01:00,2026.08.18 02:00,39N050458746000Y,000053300006548960,0.0000,0.0000,,,nem
2026.08.18 01:00,2026.08.18 02:00,39N0504648650006,000052600000887402,0.0000,0.0000,,,nem
2026.08.18 01:00,2026.08.18 02:00,39N050471715000L,000029200020517911,0.0000,0.0000,,,nem
2026.08.18 01:00,2026.08.18 02:00,39N050483780000G,000027100005870759,0.0000,0.0000,,,nem
2026.08.18 01:00,2026.08.18 02:00,39N050484438000J,000052600000889209,9.4000,9.1951,,,nem
2026.08.18 01:00,2026.08.18 02:00,39N050485100000G,000040400014219743,0.0000,0.0000,,,nem
2026.08.18 01:00,2026.08.18 02:00,39N0504864890005,000053400003287118,0.0000,0.0000,,,nem
2026.08.18 01:00,2026.08.18 02:00,39N050510259000R,000027100005848322,0.0000,0.0000,,,nem
2026.08.18 01:00,2026.08.18 02:00,39N050515515000A,000052700000885935,0.0000,0.0000,,,nem
2026.08.18 01:00,2026.08.18 02:00,39N0505226180003,000011100000109610,0.0000,0.0000,,,nem
2026.08.18 01:00,2026.08.18 02:00,39N0505384670009,000027100005848294,0.0000,0.0000,,,nem
2026.08.18 01:00,2026.08.18 02:00,39N0505387730002,000052600000900177,0.0000,0.0000,,,nem
2026.08.18 01:00,2026.08.18 02:00,39N050548215000H,000053400002719801,8.0000,7.8360,,,nem
2026.08.18 01:00,2026.08.18 02:00,39N050548840000J,K3SC09000000010,4.0000,15.1000,,,nem
2026.08.18 01:00,2026.08.18 02:00,39N050552094000R,000029900020521702,0.0000,0.0000,,,nem
2026.08.18 01:00,2026.08.18 02:00,39N050553222000K,K3SC08000003475,0.4000,1.5600,,,nem
2026.08.18 01:00,2026.08.18 02:00,39N050553661000A,000034800000061526,11.4000,12.2094,,,nem
2026.08.18 01:00,2026.08.18 02:00,39N0505752100002,000052600000887553,0.0000,0.0000,,,nem
2026.08.18 01:00,2026.08.18 02:00,39N050576124000C,000034800000546505,0.0000,0.0000,,,nem
2026.08.18 01:00,2026.08.18 02:00,39N0505779810001,000006202897801013,0.0000,0.0000,,,nem
2026.08.18 01:00,2026.08.18 02:00,39N050583139000X,000053300004078348,0.0000,0.0000,,,nem
2026.08.18 01:00,2026.08.18 02:00,39N0505847100003,000053400002726046,0.0000,0.0000,,,nem
2026.08.18 01:00,2026.08.18 02:00,39N0505992060002,000053400003708023,3.3000,3.2281,,,nem
2026.08.18 01:00,2026.08.18 02:00,39N050603076000J,000051303403563786,1.6000,1.5651,,,nem
2026.08.18 01:00,2026.08.18 02:00,39N050607494000V,000038200077141480,0.0000,0.0000,,,nem
2026.08.18 01:00,2026.08.18 02:00,39N0506230230009,000053400003707928,4.1000,4.0106,,,nem
2026.08.18 01:00,2026.08.18 02:00,39N050626352000P,000034800000072507,3.5000,3.4237,,,nem
2026.08.18 01:00,2026.08.18 02:00,39N050626352000P,000053300002318656,0.0000,0.0000,,,nem
2026.08.18 01:00,2026.08.18 02:00,39N050627784000Z,000001300013013134,0.0000,0.0000,,,nem
2026.08.18 01:00,2026.08.18 02:00,39N050627784000Z,K3SC03402019428,0.0000,0.0000,,,nem
2026.08.18 01:00,2026.08.18 02:00,39N050635744000T,000051303403398549,0.3600,0.3655,,,nem
2026.08.18 01:00,2026.08.18 02:00,39N050636182000C,000040300014219987,0.0000,0.0000,,,nem
2026.08.18 01:00,2026.08.18 02:00,39N050636182000C,000053200006188793,0.0000,0.0000,,,nem
2026.08.18 01:00,2026.08.18 02:00,39N050636182000C,000053300004228213,0.0000,0.0000,,,nem
2026.08.18 01:00,2026.08.18 02:00,39N050642904000H,000053400002719822,0.1000,0.1012,,,nem
2026.08.18 01:00,2026.08.18 02:00,39N0506488920006,000038200077159774,10.3000,10.4215,,,igen
2026.08.18 01:00,2026.08.18 02:00,39N050655561000S,000027000005848448,0.0000,0.0000,,,nem
2026.08.18 01:00,2026.08.18 02:00,39N050655561000S,000027000005950344,0.0000,0.0000,,,nem
2026.08.18 01:00,2026.08.18 02:00,39N050655561000S,000040200008208469,0.0000,0.0000,,,nem
2026.08.18 01:00,2026.08.18 02:00,39N050673657000W,000029900020524037,3.5000,3.4237,,,igen
2026.08.18 01:00,2026.08.18 02:00,39N050690260000L,000051303403663324,7.4000,7.2483,,,nem
2026.08.18 01:00,2026.08.18 02:00,39N050708788000F,000027000005921259,0.0000,0.0000,,,nem
2026.08.18 01:00,2026.08.18 02:00,39N050720770000X,000040400012214791,0.0000,0.0000,,,nem
2026.08.18 01:00,2026.08.18 02:00,39N050740233000M,000052700000900251,0.0000,0.0000,,,nem
2026.08.18 01:00,2026.08.18 02:00,39N050744134000T,000052600000888120,1.5000,1.4673,,,nem
2026.08.18 01:00,2026.08.18 02:00,39N0507451030007,000000002246000087,0.0000,0.0000,,,nem
2026.08.18 01:00,2026.08.18 02:00,39N0507495580003,000000002246000226,0.0000,0.0000,,,nem
2026.08.18 01:00,2026.08.18 02:00,39N050750365000F,000044500028323170,0.0100,0.0102,,,nem
2026.08.18 01:00,2026.08.18 02:00,39N050750365000F,K3SC08000011520,0.0000,0.0000,,,nem
2026.08.18 01:00,2026.08.18 02:00,39N050750873000L,K02000018L29990,0.0000,0.0000,,,nem
2026.08.18 01:00,2026.08.18 02:00,39N050753398000W,000008800043780262,0.1900,0.1930,,,nem
2026.08.18 01:00,2026.08.18 02:00,39N050753398000W,000027000005848440,0.0000,0.0000,,,igen
2026.08.18 01:00,2026.08.18 02:00,39N050753398000W,000027000005950363,0.0000,0.0000,,,nem
2026.08.18 01:00,2026.08.18 02:00,39N050753398000W,000028700084243194,0.0000,0.0000,,,nem
2026.08.18 01:00,2026.08.18 02:00,39N050753839000S,000040300014219478,0.0000,0.0000,,,nem
2026.08.18 01:00,2026.08.18 02:00,39N050753876000J,000027000005848396,0.0000,0.0000,,,nem
2026.08.18 01:00,2026.08.18 02:00,39N050753876000J,000051303403563777,0.0000,0.0000,,,nem
2026.08.18 01:00,2026.08.18 02:00,39N050753876000J,000053300002728766,0.0000,0.0000,,,nem
2026.08.18 01:00,2026.08.18 02:00,39N050754012000C,K3SC03402019415,0.0000,0.0000,,,nem
2026.08.18 01:00,2026.08.18 02:00,39N050754015000Y,000027100005870748,0.0000,0.0000,,,nem
2026.08.18 01:00,2026.08.18 02:00,39N050754015000Y,K3SC03400984912,0.0000,0.0000,,,nem
2026.08.18 01:00,2026.08.18 02:00,39N050754578000M,000027100005848567,0.0000,0.0000,,,nem
2026.08.18 01:00,2026.08.18 02:00,39N050754578000M,000053300004228283,0.0000,0.0000,,,nem
2026.08.18 01:00,2026.08.18 02:00,39N050754578000M,000053400003290776,0.0000,0.0000,,,nem
2026.08.18 01:00,2026.08.18 02:00,39N050754716000H,000040300006200780,0.0000,0.0000,,,nem
2026.08.18 01:00,2026.08.18 02:00,39N050754716000H,K3SC04000000943,0.0000,0.0000,,,nem
2026.08.18 01:00,2026.08.18 02:00,39N050755929000B,SC07000007591,0.0000,0.0000,,,nem
2026.08.18 01:00,2026.08.18 02:00,39N050755997000G,000000002246000049,0.0000,0.0000,,,nem
2026.08.18 01:00,2026.08.18 02:00,39N050755997000G,000003500035198891,0.0000,0.0000,,,nem
2026.08.18 01:00,2026.08.18 02:00,39N0507569640004,000029200020511689,0.0000,0.0000,,,nem
2026.08.18 01:00,2026.08.18 02:00,39N050756996000D,K3SC08000006659,0.0000,0.0000,,,nem
2026.08.18 01:00,2026.08.18 02:00,39N050757163000K,K3SC08000005254,0.0000,0.0000,,,nem
2026.08.18 01:00,2026.08.18 02:00,39N050757415000J,000053400003290785,0.0000,0.0000,,,nem
2026.08.18 01:00,2026.08.18 02:00,39N050757415000J,K3SC09000000237,0.0000,0.0000,,,nem
2026.08.18 01:00,2026.08.18 02:00,39N050757439000O,000001300013505669,0.0000,0.0000,,,nem
2026.08.18 01:00,2026.08.18 02:00,39N050757439000O,000040300012216291,0.0000,0.0000,,,nem
2026.08.18 01:00,2026.08.18 02:00,39N050757439000O,000044500037979231,0.0000,0.0000,,,nem
2026.08.18 01:00,2026.08.18 02:00,39N050757439000O,K3SC08000002229,0.0000,0.0000,,,nem
2026.08.18 01:00,2026.08.18 02:00,39N050757450000K,000053400002719733,0.0000,0.0000,,,nem
2026.08.18 01:00,2026.08.18 02:00,39N050757450000K,K3SC03401169913,0.0000,0.0000,,,nem
2026.08.18 01:00,2026.08.18 02:00,39N050757472000Z,000000002246000059,0.0000,0.0000,,,nem
2026.08.18 01:00,2026.08.18 02:00,39N050757472000Z,000053400002719783,0.1000,0.0980,,,nem
2026.08.18 01:00,2026.08.18 02:00,39N050758923000H,000027900020522241,0.0000,0.0000,,,nem
2026.08.18 01:00,2026.08.18 02:00,39N050759606000R,K02202146000564,0.0000,0.0000,,,nem
2026.08.18 01:00,2026.08.18 02:00,39N0507599930004,000002800024149874,0.0000,0.0000,,,nem
2026.08.18 01:00,2026.08.18 02:00,39N0507599930004,SC07000001919,0.0000,0.0000,,,nem
2026.08.18 01:00,2026.08.18 02:00,39N050760458000R,000000002246000162,0.0000,0.0000,,,nem
2026.08.18 01:00,2026.08.18 02:00,39N050760458000R,000001300016230255,0.0000,0.0000,,,nem
2026.08.18 01:00,2026.08.18 02:00,39N050760709000V,K3SC03401061094,7.4000,49.5300,,,nem
2026.08.18 01:00,2026.08.18 02:00,39N050762038000E,K02202246000183,0.0000,0.0000,,,nem
2026.08.18 01:00,2026.08.18 02:00,39N050762094000Z,000033300005960005,0.0000,0.0000,,,nem
2026.08.18 01:00,2026.08.18 02:00,39N050762094000Z,K3SC03400723975,0.0000,0.0000,,,nem
2026.08.18 01:00,2026.08.18 02:00,39N050764763000U,000012000075117793,0.0000,0.0000,,,nem
2026.08.18 01:00,2026.08.18 02:00,39N050764763000U,000053100006730746,0.0000,0.0000,,,nem
2026.08.18 01:00,2026.08.18 02:00,39N050764763000U,K3SC09000000002,0.0000,0.0000,,,nem
2026.08.18 01:00,2026.08.18 02:00,39N050764779000V,000052100004064528,0.0000,0.0000,,,nem
2026.08.18 01:00,2026.08.18 02:00,39N050764779000V,K3SC03402019421,0.0000,0.0000,,,nem
2026.08.18 01:00,2026.08.18 02:00,39N050765037000W,K02000017L29370,0.0000,0.0000,,,nem
2026.08.18 01:00,2026.08.18 02:00,39N0507679070008,000000002146000466,0.0000,0.0000,,,nem
2026.08.18 01:00,2026.08.18 02:00,39N0507679070008,000040300007204577,0.0000,0.0000,,,nem
2026.08.18 01:00,2026.08.18 02:00,39N0507679070008,000040300014219638,0.0000,0.0000,,,nem
2026.08.18 01:00,2026.08.18 02:00,39N0507679070008,000053100004211708,0.0000,0.0000,,,nem
2026.08.18 01:00,2026.08.18 02:00,39N0507679070008,000053300004078695,0.0000,0.0000,,,nem
2026.08.18 01:00,2026.08.18 02:00,39N0507679070008,SC07000001932,0.0000,0.0000,,,nem
2026.08.18 01:00,2026.08.18 02:00,39N0507693140006,000000002246000115,0.0000,0.0000,,,nem
2026.08.18 01:00,2026.08.18 02:00,39N0507705100001,000029900020514285,0.0000,0.0000,,,nem
2026.08.18 01:00,2026.08.18 02:00,39N0507705100001,000051303403563760,0.0000,0.0000,,,nem
2026.08.18 01:00,2026.08.18 02:00,39N0507705100001,000052700000899611,0.0000,0.0000,,,nem
2026.08.18 01:00,2026.08.18 02:00,39N0507705100001,K3SC07000001924,0.0000,0.0000,,,nem
2026.08.18 01:00,2026.08.18 02:00,39N050771852000C,K3SC07000001832,0.0000,0.0000,,,nem
2026.08.18 01:00,2026.08.18 02:00,39N0507730720003,000053300004228387,0.0000,0.0000,,,nem
2026.08.18 01:00,2026.08.18 02:00,39N050773615000J,K3SC34000505359,0.0000,0.0000,,,nem
2026.08.18 01:00,2026.08.18 02:00,39N050773622000S,000053300004228493,0.0000,0.0000,,,nem
2026.08.18 01:00,2026.08.18 02:00,39N050773622000S,K3SC09000000250,0.0000,0.0000,,,nem
2026.08.18 01:00,2026.08.18 02:00,39N050773882000F,K3SC03402019413,0.0000,0.0000,,,nem
2026.08.18 01:00,2026.08.18 02:00,39N0507741940003,K02000018L29724,0.0000,0.0000,,,nem
2026.08.18 01:00,2026.08.18 02:00,39N050774244000Q,000044700031395811,0.0000,0.0000,,,nem
2026.08.18 01:00,2026.08.18 02:00,39N050774244000Q,K3SC03400699635,11.7000,44.6500,,,nem
2026.08.18 01:00,2026.08.18 02:00,39N0507742750003,000027900020519928,0.0000,0.0000,,,nem
2026.08.18 01:00,2026.08.18 02:00,39N050775645000M,000008800045007665,0.0000,0.0000,,,nem
2026.08.18 01:00,2026.08.18 02:00,39N050775645000M,000027900020502769,0.0000,0.0000,,,nem
2026.08.18 01:00,2026.08.18 02:00,39N050776264000Z,000027100005870779,0.0000,0.0000,,,nem
2026.08.18 01:00,2026.08.18 02:00,39N050776439000E,000001300023106173,0.0000,0.0000,,,nem
2026.08.18 01:00,2026.08.18 02:00,39N050776439000E,SC07000006370,0.0000,0.0000,,,nem
2026.08.18 01:00,2026.08.18 02:00,39N050776462000V,K02000017L29063,0.0000,0.0000,,,nem
2026.08.18 01:00,2026.08.18 02:00,39N0507772080006,000000002246000073,0.0000,0.0000,,,nem
2026.08.18 01:00,2026.08.18 02:00,39N050777442000Z,000002600043780817,0.0000,0.0000,,,nem
2026.08.18 01:00,2026.08.18 02:00,39N050777442000Z,K02000017L29055,0.0000,0.0000,,,nem
2026.08.18 01:00,2026.08.18 02:00,39N050777442000Z,K02202146000484,0.0000,0.0000,,,nem
2026.08.18 01:00,2026.08.18 02:00,39N050777482000B,000000002246000043,0.0000,0.0000,,,nem
2026.08.18 01:00,2026.08.18 02:00,39N050792697000P,000027000005848410,0.0000,0.0000,,,nem
2026.08.18 01:00,2026.08.18 02:00,39N050793035000V,000035500084243061,0.0000,0.0000,,,nem
2026.08.18 01:00,2026.08.18 02:00,39N050793035000V,000035500084243063,0.0000,0.0000,,,igen
2026.08.18 01:00,2026.08.18 02:00,39N0507981050002,000029200020524061,0.0000,0.0000,,,nem
2026.08.18 01:00,2026.08.18 02:00,39N050813036000E,000027100005897973,0.0000,0.0000,,,nem
2026.08.18 01:00,2026.08.18 02:00,39N050814444000J,000053300003306760,0.0000,0.0000,,,nem
2026.08.18 01:00,2026.08.18 02:00,39N050816644000Q,000052600000899462,12.8000,12.5210,,,nem
2026.08.18 01:00,2026.08.18 02:00,39N0508179760006,SC10000001096,2.3500,8.2700,,,nem
2026.08.18 01:00,2026.08.18 02:00,39N050818676000J,000040400014219207,0.0000,0.0000,,,nem
2026.08.18 01:00,2026.08.18 02:00,39N050820134000W,000053100004211197,0.0600,0.0609,,,nem
2026.08.18 01:00,2026.08.18 02:00,39N050820134000W,K3SC03402019414,0.0000,0.0000,,,nem
2026.08.18 01:00,2026.08.18 02:00,39N050820458000G,000052700000885406,0.3000,0.3107,,,nem
2026.08.18 01:00,2026.08.18 02:00,39N050822345000S,000052600000884385,1.2000,1.1543,,,nem
2026.08.18 01:00,2026.08.18 02:00,39N0508227020002,K3SC03401147239,0.0000,0.0000,,,nem
2026.08.18 01:00,2026.08.18 02:00,39N050831052000K,K3SC03401169907,0.0000,0.0000,,,nem
2026.08.18 01:00,2026.08.18 02:00,39N050831052000K,K3SC07000006344,0.0000,0.0000,,,nem
2026.08.18 01:00,2026.08.18 02:00,39N050831214000K,K3SC08000001061,0.0000,0.0000,,,nem
2026.08.18 01:00,2026.08.18 02:00,39N050831732000K,000000002246000171,0.0000,0.0000,,,nem
2026.08.18 01:00,2026.08.18 02:00,39N050831732000K,000000002246000297,0.0000,0.0000,,,nem
2026.08.18 01:00,2026.08.18 02:00,39N050832564000Z,K3SC08000002241,0.0000,0.0000,,,nem
2026.08.18 01:00,2026.08.18 02:00,39N050833827000F,K3SC03400699729,0.0000,0.0000,,,nem
2026.08.18 01:00,2026.08.18 02:00,39N050836149000I,K3SC03401414828,0.0000,0.0000,,,nem
2026.08.18 01:00,2026.08.18 02:00,39N050836830000K,000000003403233014,0.0000,0.0000,,,nem
2026.08.18 01:00,2026.08.18 02:00,39N050836979000I,000053400003290796,0.0000,0.0000,,,nem
2026.08.18 01:00,2026.08.18 02:00,39N0508398450002,K3SC08000002237,0.0000,0.0000,,,nem
2026.08.18 01:00,2026.08.18 02:00,39N050841968000N,SC11000000589,0.0000,0.0000,,,nem
2026.08.18 01:00,2026.08.18 02:00,39N050843706000U,000053300004078513,0.0000,0.0000,,,nem
2026.08.18 01:00,2026.08.18 02:00,39N050844930000K,000052600000914889,1.1000,1.0775,,,nem
2026.08.18 01:00,2026.08.18 02:00,39N050847541000D,K3SC09000000240,0.0000,0.0000,,,nem
2026.08.18 01:00,2026.08.18 02:00,39N050847787000J,000034800000031563,0.0000,0.0000,,,nem
2026.08.18 01:00,2026.08.18 02:00,39N0508480240000,000052700000909509,0.0000,0.0000,,,nem
2026.08.18 01:00,2026.08.18 02:00,39N050848355000U,000040300012215942,0.0000,0.0000,,,nem
2026.08.18 01:00,2026.08.18 02:00,39N0508490730004,000051303403563818,17.5000,17.1290,,,nem
2026.08.18 01:00,2026.08.18 02:00,39N050849323000D,K3SC04000000054,1.4000,5.5200,,,nem
2026.08.18 01:00,2026.08.18 02:00,39N050851794000U,K3SC07000006360,0.0000,0.0000,,,nem
2026.08.18 01:00,2026.08.18 02:00,39N050861247000Y,K3SC09000003821,0.0000,0.0000,,,nem
2026.08.18 01:00,2026.08.18 02:00,39N050866001000P,000000002246000036,0.2190,1.5160,,,nem
2026.08.18 01:00,2026.08.18 02:00,39N050875710000B,K3SC11000000578,0.0000,0.0000,,,nem
2026.08.18 01:00,2026.08.18 02:00,39N0508759240008,K3SC03401061101,0.0000,0.0000,,,nem
2026.08.18 01:00,2026.08.18 02:00,39N0508788210006,000053300004078461,0.0000,0.0000,,,nem
2026.08.18 01:00,2026.08.18 02:00,39N050879364000V,K02000016L28058,0.0000,0.0000,,,nem
2026.08.18 01:00,2026.08.18 02:00,39N0508813320003,000029900020519902,0.0000,0.0000,,,nem
2026.08.18 01:00,2026.08.18 02:00,39N050882973000Z,000040300009900172,0.0000,0.0000,,,nem
2026.08.18 01:00,2026.08.18 02:00,39N050890535000A,000000002146000441,0.0000,0.0000,,,nem
2026.08.18 01:00,2026.08.18 02:00,39N0508949570002,000027100005897971,0.0000,0.0000,,,nem
2026.08.18 01:00,2026.08.18 02:00,39N050896400000C,K3SC03400574253,0.0000,0.0000,,,nem
2026.08.18 01:00,2026.08.18 02:00,39N050896796000I,000027700001184418,0.0000,0.0000,,,nem
2026.08.18 01:00,2026.08.18 02:00,39N050898846000P,K3SC03400699737,0.0000,0.0000,,,nem
2026.08.18 01:00,2026.08.18 02:00,39N050913091000U,000027100005848490,0.3000,0.3029,,,nem
2026.08.18 01:00,2026.08.18 02:00,39N050915973000R,K3SC08000002025,0.0000,0.0000,,,nem
2026.08.18 01:00,2026.08.18 02:00,39N050916593000Z,K3SC03401169915,31.7000,118.7100,,,nem
2026.08.18 02:00,2026.08.18 03:00,39N0500091210005,000038200077158060,0.0000,0.0000,,,nem
2026.08.18 02:00,2026.08.18 03:00,39N050022609000H,000053300003307178,0.0000,0.0000,,,nem
2026.08.18 02:00,2026.08.18 03:00,39N050029731000D,000052600000914866,0.0000,0.0000,,,nem
2026.08.18 02:00,2026.08.18 03:00,39N050031988000Q,000052600000899454,0.0000,0.0000,,,nem
2026.08.18 02:00,2026.08.18 03:00,39N050032468000S,000052700000899362,0.1000,0.1015,,,nem
2026.08.18 02:00,2026.08.18 03:00,39N050033836000K,000027100005848245,0.1000,0.1015,,,nem
2026.08.18 02:00,2026.08.18 03:00,39N050034412000Z,000002600043780756,0.0000,0.0000,,,nem
2026.08.18 02:00,2026.08.18 03:00,39N050034412000Z,000052700000885403,2.8000,2.7406,,,nem
2026.08.18 02:00,2026.08.18 03:00,39N0500344350008,000046700000888615,0.0000,0.0000,,,nem
2026.08.18 02:00,2026.08.18 03:00,39N050034459000D,000040400014219775,0.0000,0.0000,,,nem
2026.08.18 02:00,2026.08.18 03:00,39N050042294000Z,000040400008209973,0.0000,0.0000,,,nem
2026.08.18 02:00,2026.08.18 03:00,39N050044030000F,000027000035197562,0.0000,0.0000,,,nem
2026.08.18 02:00,2026.08.18 03:00,39N050052498000T,SC05000004104,0.0000,0.0000,,,nem
2026.08.18 02:00,2026.08.18 03:00,39N050053842000G,K3SC03401169905,0.0000,0.0000,,,nem
2026.08.18 02:00,2026.08.18 03:00,39N0500617550009,000044500034101914,0.0000,0.0000,,,nem
2026.08.18 02:00,2026.08.18 03:00,39N0500617550009,K3SC03400699700,0.0000,0.0000,,,nem
2026.08.18 02:00,2026.08.18 03:00,39N050066949000F,000053400003290721,0.0000,0.0000,,,nem
2026.08.18 02:00,2026.08.18 03:00,39N050068660000G,000035500084243026,0.0000,0.0000,,,nem
2026.08.18 02:00,2026.08.18 03:00,39N050068660000G,000035500084243027,0.0000,0.0000,,,nem
2026.08.18 02:00,2026.08.18 03:00,39N050071512000G,000051303403398537,0.0000,0.0000,,,nem
2026.08.18 02:00,2026.08.18 03:00,39N050073737000N,000040400006201455,0.0000,0.0000,,,nem
2026.08.18 02:00,2026.08.18 03:00,39N050073762000U,000053400004078277,0.0000,0.0000,,,nem
2026.08.18 02:00,2026.08.18 03:00,39N050075194000S,000029200020524049,9.5000,9.6758,,,nem
2026.08.18 02:00,2026.08.18 03:00,39N0500755940000,000027000005950284,0.0000,0.0000,,,nem
2026.08.18 02:00,2026.08.18 03:00,39N0500755940000,000052600000886571,0.0000,0.0000,,,nem
2026.08.18 02:00,2026.08.18 03:00,39N050076850000F,000006201754704050,0.0000,0.0000,,,nem
2026.08.18 02:00,2026.08.18 03:00,39N050076850000F,000040300006201137,0.4000,0.3918,,,nem
2026.08.18 02:00,2026.08.18 03:00,39N050081322000F,000053400003290798,0.0000,0.0000,,,nem
2026.08.18 02:00,2026.08.18 03:00,39N050083908000D,000006202897801002,0.0000,0.0000,,,nem
2026.08.18 02:00,2026.08.18 03:00,39N050083908000D,000040300011213334,0.0000,0.0000,,,nem
2026.08.18 02:00,2026.08.18 03:00,39N050089206000O,000006203403563919,2.6000,2.6177,,,igen
2026.08.18 02:00,2026.08.18 03:00,39N050089206000O,000028700084091487,0.0000,0.0000,,,nem
2026.08.18 02:00,2026.08.18 03:00,39N050089342000D,000015608267713002,0.0000,0.0000,,,nem
2026.08.18 02:00,2026.08.18 03:00,39N050094459000X,000040400006201425,0.0000,0.0000,,,nem
2026.08.18 02:00,2026.08.18 03:00,39N050094490000H,000027100005894204,2.7000,2.6079,,,nem
2026.08.18 02:00,2026.08.18 03:00,39N050106941000P,000027100005848507,6.6000,6.3749,,,nem
2026.08.18 02:00,2026.08.18 03:00,39N0501191590002,000029200020517908,4.3000,4.2798,,,nem
2026.08.18 02:00,2026.08.18 03:00,39N050132558000H,000040400007204469,0.0000,0.0000,,,nem
2026.08.18 02:00,2026.08.18 03:00,39N050137387000F,000052600000900202,0.1000,0.0979,,,nem
2026.08.18 02:00,2026.08.18 03:00,39N050145410000I,000027100005848241,0.2000,0.1958,,,nem
2026.08.18 02:00,2026.08.18 03:00,39N050146207000W,000052700000899364,0.0000,0.0000,,,nem
2026.08.18 02:00,2026.08.18 03:00,39N050153206000F,K3SC06000007800,0.0000,0.0000,,,nem
2026.08.18 02:00,2026.08.18 03:00,39N0501601470008,000040300008206765,0.0000,0.0000,,,igen
2026.08.18 02:00,2026.08.18 03:00,39N0501601470008,000040300014219822,0.0000,0.0000,,,igen
2026.08.18 02:00,2026.08.18 03:00,39N050160341000O,000052700000899034,0.6000,0.6092,,,igen
2026.08.18 02:00,2026.08.18 03:00,39N0501618590009,000053400002726045,9.7000,9.4944,,,nem
2026.08.18 02:00,2026.08.18 03:00,39N050168020000Z,L01A625,0.0000,0.0000,,,nem
2026.08.18 02:00,2026.08.18 03:00,39N050176728000R,000040300012214339,0.0000,0.0000,,,nem
2026.08.18 02:00,2026.08.18 03:00,39N050176728000R,000053300003348438,0.0000,0.0000,,,nem
2026.08.18 02:00,2026.08.18 03:00,39N050177032000I,000053400003290719,0.0000,0.0000,,,nem
2026.08.18 02:00,2026.08.18 03:00,39N0501770340008,000053400002725990,0.0000,0.0000,,,nem
2026.08.18 02:00,2026.08.18 03:00,39N050180150000J,000000002246000217,0.7940,0.7980,,,nem
2026.08.18 02:00,2026.08.18 03:00,39N050197735000A,000053400003290744,0.0000,0.0000,,,nem
2026.08.18 02:00,2026.08.18 03:00,39N0502000520004,000029900020519904,0.0000,0.0000,,,nem
2026.08.18 02:00,2026.08.18 03:00,39N0502000520004,000053400003290731,0.0000,0.0000,,,nem
2026.08.18 02:00,2026.08.18 03:00,39N050207087000G,000033300005960021,0.0000,0.0000,,,nem
2026.08.18 02:00,2026.08.18 03:00,39N050207887000Y,000011100000109615,0.0000,0.0000,,,nem
2026.08.18 02:00,2026.08.18 03:00,39N050208125000A,000028700084091484,0.0000,0.0000,,,nem
2026.08.18 02:00,2026.08.18 03:00,39N050208128000W,000052600000896583,0.0000,0.0000,,,nem
2026.08.18 02:00,2026.08.18 03:00,39N050208164000S,000000002246000198,4.0000,4.2720,,,nem
2026.08.18 02:00,2026.08.18 03:00,39N050209187000U,000027000005926405,0.0000,0.0000,,,nem
2026.08.18 02:00,2026.08.18 03:00,39N0502109170005,000053400003708002,0.0000,0.0000,,,nem
2026.08.18 02:00,2026.08.18 03:00,39N0502109620000,000027100005894243,0.0000,0.0000,,,nem
2026.08.18 02:00,2026.08.18 03:00,39N050212788000U,000053600000897292,0.0000,0.0000,,,nem
2026.08.18 02:00,2026.08.18 03:00,39N050213910000G,000027100005898038,0.0000,0.0000,,,nem
2026.08.18 02:00,2026.08.18 03:00,39N050214190000G,K3SC03400699752,0.5200,1.8700,,,nem
2026.08.18 02:00,2026.08.18 03:00,39N050214638000E,K02000017L28861,0.0000,0.0000,,,nem
2026.08.18 02:00,2026.08.18 03:00,39N050214647000D,K3SC06000003455,0.0000,0.0000,,,nem
2026.08.18 02:00,2026.08.18 03:00,39N050214652000W,000008800043449669,0.5700,0.5740,,,nem
2026.08.18 02:00,2026.08.18 03:00,39N050214652000W,000027000005894200,0.0000,0.0000,,,nem
2026.08.18 02:00,2026.08.18 03:00,39N050214652000W,K3SC08000002012,0.0000,0.0000,,,nem
2026.08.18 02:00,2026.08.18 03:00,39N050214655000H,K3SC09000000230,0.0000,0.0000,,,nem
2026.08.18 02:00,2026.08.18 03:00,39N050214668000X,000000002246000235,0.0000,0.0000,,,nem
2026.08.18 02:00,2026.08.18 03:00,39N050214674000A,K3SC07000007598,0.0000,0.0000,,,nem
2026.08.18 02:00,2026.08.18 03:00,39N050214697000K,K3SC07000006334,0.0000,0.0000,,,nem
2026.08.18 02:00,2026.08.18 03:00,39N050214912000Z,K3SC07000001923,0.0000,0.0000,,,nem
2026.08.18 02:00,2026.08.18 03:00,39N050214941000M,EP07883,0.0000,0.0000,,,nem
2026.08.18 02:00,2026.08.18 03:00,39N050215930000P,K3SC06000002907,0.0000,0.0000,,,nem
2026.08.18 02:00,2026.08.18 03:00,39N050215938000M,K02000017L29066,0.0000,0.0000,,,nem
2026.08.18 02:00,2026.08.18 03:00,39N0502159430004,K3SC07000001954,0.0000,0.0000,,,nem
2026.08.18 02:00,2026.08.18 03:00,39N050215958000A,000000002246000117,0.0000,0.0000,,,nem
2026.08.18 02:00,2026.08.18 03:00,39N050215958000A,K02000017L29366,0.0000,0.0000,,,nem
2026.08.18 02:00,2026.08.18 03:00,39N050215987000Y,000040300012214341,0.0000,0.0000,,,nem
2026.08.18 02:00,2026.08.18 03:00,39N050215987000Y,K3SC04000000062,0.0000,0.0000,,,nem
2026.08.18 02:00,2026.08.18 03:00,39N050215987000Y,K3SC07000002663,0.0000,0.0000,,,nem
2026.08.18 02:00,2026.08.18 03:00,39N050215990000Q,000000002146000419,0.0000,0.0000,,,nem
2026.08.18 02:00,2026.08.18 03:00,39N050215990000Q,000000002246000261,0.0410,0.0410,,,nem
2026.08.18 02:00,2026.08.18 03:00,39N050215996000X,000000002246000205,0.0000,0.0000,,,nem
2026.08.18 02:00,2026.08.18 03:00,39N050215996000X,000044600000607648,0.0000,0.0000,,,nem
2026.08.18 02:00,2026.08.18 03:00,39N050215996000X,000044600000614795,0.0000,0.0000,,,nem
2026.08.18 02:00,2026.08.18 03:00,39N050216000000O,K3SC08000006643,0.0000,0.0000,,,nem
2026.08.18 02:00,2026.08.18 03:00,39N050216189000Z,K3SC09000000005,0.0000,0.0000,,,nem
2026.08.18 02:00,2026.08.18 03:00,39N050216319000Q,K3SC04000000788,0.0000,0.0000,,,nem
2026.08.18 02:00,2026.08.18 03:00,39N050217344000P,SC06000007846,0.0000,0.0000,,,nem
2026.08.18 02:00,2026.08.18 03:00,39N050217514000T,000000002246000191,3.9650,4.2130,,,nem
2026.08.18 02:00,2026.08.18 03:00,39N050217594000I,K02000017L28855,0.0000,0.0000,,,nem
2026.08.18 02:00,2026.08.18 03:00,39N0502177240009,000006209160519002,0.7000,0.7049,,,igen
2026.08.18 02:00,2026.08.18 03:00,39N0502177240009,000027700001201786,0.0000,0.0000,,,nem
2026.08.18 02:00,2026.08.18 03:00,39N0502177240009,K3SC08000001999,0.0000,0.0000,,,nem
2026.08.18 02:00,2026.08.18 03:00,39N0502177250004,000000002146000444,0.0000,0.0000,,,nem
2026.08.18 02:00,2026.08.18 03:00,39N0502177250004,000053200002511869,0.0000,0.0000,,,nem
2026.08.18 02:00,2026.08.18 03:00,39N050218554000Y,K02202146000431,0.0000,0.0000,,,nem
2026.08.18 02:00,2026.08.18 03:00,39N050218563000X,000000000001084616,0.0000,0.0000,,,nem
2026.08.18 02:00,2026.08.18 03:00,39N050218588000X,K3SC08000009353,0.0000,0.0000,,,nem
2026.08.18 02:00,2026.08.18 03:00,39N050218591000P,000008800043780320,0.0000,0.0000,,,nem
2026.08.18 02:00,2026.08.18 03:00,39N050218591000P,K02202146000387,0.0000,0.0000,,,nem
2026.08.18 02:00,2026.08.18 03:00,39N0502185960000,000045500001090171,0.0000,0.0000,,,nem
2026.08.18 02:00,2026.08.18 03:00,39N0502186000003,000000002246000034,0.0000,0.0000,,,nem
2026.08.18 02:00,2026.08.18 03:00,39N0502186000003,000044500026294967,0.0500,0.0501,,,nem
2026.08.18 02:00,2026.08.18 03:00,39N050218709000P,000000002146000433,0.0000,0.0000,,,nem
2026.08.18 02:00,2026.08.18 03:00,39N050218709000P,000027000005871862,0.0000,0.0000,,,nem
2026.08.18 02:00,2026.08.18 03:00,39N050219101000P,000053100006284304,0.0000,0.0000,,,nem
2026.08.18 02:00,2026.08.18 03:00,39N050219101000P,K11702446102256,0.0000,0.0000,,,nem
2026.08.18 02:00,2026.08.18 03:00,39N050219111000J,000053100006086023,0.0000,0.0000,,,nem
2026.08.18 02:00,2026.08.18 03:00,39N050219111000J,K3SC08000002002,0.0000,0.0000,,,nem
2026.08.18 02:00,2026.08.18 03:00,39N0502191220008,000000002146000405,0.0000,0.0000,,,nem
2026.08.18 02:00,2026.08.18 03:00,39N050219127000K,K02000018L30060,0.0000,0.0000,,,nem
2026.08.18 02:00,2026.08.18 03:00,39N050219144000N,K3SC07000001933,3.8000,3.7600,,,nem
2026.08.18 02:00,2026.08.18 03:00,39N050222615000B,K3SC08000002009,0.0000,0.0000,,,nem
2026.08.18 02:00,2026.08.18 03:00,39N050224132000X,000052600000885006,0.0000,0.0000,,,nem
2026.08.18 02:00,2026.08.18 03:00,39N050225228000V,000052600000887973,0.0000,0.0000,,,nem
2026.08.18 02:00,2026.08.18 03:00,39N050225361000Z,000028700084243212,0.0000,0.0000,,,nem
2026.08.18 02:00,2026.08.18 03:00,39N050225592000Z,K02000018L29674,0.0000,0.0000,,,nem
2026.08.18 02:00,2026.08.18 03:00,39N0502258590003,000053400004078297,0.1000,0.0962,,,nem
2026.08.18 02:00,2026.08.18 03:00,39N0502320940001,000053400002726024,0.0000,0.0000,,,nem
2026.08.18 02:00,2026.08.18 03:00,39N050233268000E,000040300013218204,0.0000,0.0000,,,nem
2026.08.18 02:00,2026.08.18 03:00,39N050233872000X,K3SC09000003822,0.0000,0.0000,,,nem
2026.08.18 02:00,2026.08.18 03:00,39N050235722000H,000000002246000065,0.0070,0.0270,,,nem
2026.08.18 02:00,2026.08.18 03:00,39N050235781000N,000000000000071480,0.0000,0.0000,,,nem
2026.08.18 02:00,2026.08.18 03:00,39N050236245000H,000006209160513005,0.0000,0.0000,,,nem
2026.08.18 02:00,2026.08.18 03:00,39N0502362660000,000027900020508134,0.0000,0.0000,,,nem
2026.08.18 02:00,2026.08.18 03:00,39N0502362660000,000040300011213597,0.0000,0.0000,,,nem
2026.08.18 02:00,2026.08.18 03:00,39N0502477110003,000052700000884957,0.0000,0.0000,,,nem
2026.08.18 02:00,2026.08.18 03:00,39N0502510990003,000019900016977384,0.0000,0.0000,,,nem
2026.08.18 02:00,2026.08.18 03:00,39N050251837000U,000040300007204770,0.0000,0.0000,,,nem
2026.08.18 02:00,2026.08.18 03:00,39N050252043000I,000027100005898029,0.0000,0.0000,,,nem
2026.08.18 02:00,2026.08.18 03:00,39N050252204000N,000006203229509031,3.5000,3.6141,,,nem
2026.08.18 02:00,2026.08.18 03:00,39N050253671000Y,000053400003708027,0.0000,0.0000,,,nem
2026.08.18 02:00,2026.08.18 03:00,39N050254055000N,000028700084243189,0.0000,0.0000,,,nem
2026.08.18 02:00,2026.08.18 03:00,39N0502542550009,000006203403563870,0.0000,0.0000,,,nem
2026.08.18 02:00,2026.08.18 03:00,39N050258835000L,000019900017022057,15.8000,16.2155,,,nem
2026.08.18 02:00,2026.08.18 03:00,39N050261616000F,000027100005848476,0.7000,0.7159,,,nem
2026.08.18 02:00,2026.08.18 03:00,39N050269363000V,000052700000884401,0.0000,0.0000,,,nem
2026.08.18 02:00,2026.08.18 03:00,39N050316475000U,000003300035201642,0.0000,0.0000,,,nem
2026.08.18 02:00,2026.08.18 03:00,39N050316475000U,000027000005848437,0.0000,0.0000,,,nem
2026.08.18 02:00,2026.08.18 03:00,39N0503424040008,000027100005870727,0.2000,0.1956,,,nem
2026.08.18 02:00,2026.08.18 03:00,39N0503439790009,000029200020502760,0.1000,0.0980,,,nem
2026.08.18 02:00,2026.08.18 03:00,39N050369436000H,000052700000889661,0.0000,0.0000,,,nem
2026.08.18 02:00,2026.08.18 03:00,39N050373639000R,000040300006202862,0.0000,0.0000,,,igen
2026.08.18 02:00,2026.08.18 03:00,39N050373666000O,000052700000887369,0.0000,0.0000,,,nem
2026.08.18 02:00,2026.08.18 03:00,39N050377940000D,000053400002719761,0.0000,0.0000,,,nem
2026.08.18 02:00,2026.08.18 03:00,39N050381165000Y,000000002246000284,0.0000,0.0000,,,nem
2026.08.18 02:00,2026.08.18 03:00,39N050385675000Z,000040400009210687,0.0000,0.0000,,,nem
2026.08.18 02:00,2026.08.18 03:00,39N050405255000Q,000029200020519053,0.0000,0.0000,,,nem
2026.08.18 02:00,2026.08.18 03:00,39N050414007000M,000029900020520529,0.0000,0.0000,,,nem
2026.08.18 02:00,2026.08.18 03:00,39N050414007000M,000040300011213341,0.0000,0.0000,,,nem
2026.08.18 02:00,2026.08.18 03:00,39N050415384000Y,000000002146000548,0.0000,0.0000,,,nem
2026.08.18 02:00,2026.08.18 03:00,39N050415384000Y,000053100004423834,0.0000,0.0000,,,nem
2026.08.18 02:00,2026.08.18 03:00,39N0504237770004,000028400084243416,0.0000,0.0000,,,nem
2026.08.18 02:00,2026.08.18 03:00,39N050433181000O,000000002246000180,0.0000,0.0000,,,nem
2026.08.18 02:00,2026.08.18 03:00,39N050445873000K,000053400002725979,0.0000,0.0000,,,nem
2026.08.18 02:00,2026.08.18 03:00,39N050450493000U,K3SCC0400000594,0.0000,0.0000,,,nem
2026.08.18 02:00,2026.08.18 03:00,39N0504550620004,000052600000887704,0.0000,0.0000,,,nem
2026.08.18 02:00,2026.08.18 03:00,39N050458746000Y,000027100005870754,0.0000,0.0000,,,nem
2026.08.18 02:00,2026.08.18 03:00,39N050458746000Y,000053300004228243,0.0000,0.0000,,,nem
2026.08.18 02:00,2026.08.18 03:00,39N050458746000Y,000053300006548960,0.0000,0.0000,,,nem
2026.08.18 02:00,2026.08.18 03:00,39N0504648650006,000052600000887402,0.0000,0.0000,,,nem
2026.08.18 02:00,2026.08.18 03:00,39N050471715000L,000029200020517911,0.0000,0.0000,,,nem
2026.08.18 02:00,2026.08.18 03:00,39N050483780000G,000027100005870759,0.0000,0.0000,,,nem
2026.08.18 02:00,2026.08.18 03:00,39N050484438000J,000052600000889209,7.0000,6.8474,,,nem
2026.08.18 02:00,2026.08.18 03:00,39N050485100000G,000040400014219743,1.6000,1.5672,,,nem
2026.08.18 02:00,2026.08.18 03:00,39N0504864890005,000053400003287118,0.0000,0.0000,,,nem
2026.08.18 02:00,2026.08.18 03:00,39N050510259000R,000027100005848322,0.0000,0.0000,,,nem
2026.08.18 02:00,2026.08.18 03:00,39N050515515000A,000052700000885935,0.0000,0.0000,,,nem
2026.08.18 02:00,2026.08.18 03:00,39N0505226180003,000011100000109610,0.0000,0.0000,,,nem
2026.08.18 02:00,2026.08.18 03:00,39N0505384670009,000027100005848294,0.0000,0.0000,,,nem
2026.08.18 02:00,2026.08.18 03:00,39N0505387730002,000052600000900177,0.0000,0.0000,,,nem
2026.08.18 02:00,2026.08.18 03:00,39N050548215000H,000053400002719801,5.3000,5.1914,,,nem
2026.08.18 02:00,2026.08.18 03:00,39N050548840000J,K3SC09000000010,3.6000,13.7000,,,nem
2026.08.18 02:00,2026.08.18 03:00,39N050552094000R,000029900020521702,0.0000,0.0000,,,nem
2026.08.18 02:00,2026.08.18 03:00,39N050553222000K,K3SC08000003475,0.0000,0.0000,,,nem
2026.08.18 02:00,2026.08.18 03:00,39N050553661000A,000034800000061526,10.8000,11.5668,,,nem
2026.08.18 02:00,2026.08.18 03:00,39N0505752100002,000052600000887553,0.0000,0.0000,,,nem
2026.08.18 02:00,2026.08.18 03:00,39N050576124000C,000034800000546505,0.1000,0.1015,,,nem
2026.08.18 02:00,2026.08.18 03:00,39N0505779810001,000006202897801013,0.0000,0.0000,,,nem
2026.08.18 02:00,2026.08.18 03:00,39N050583139000X,000053300004078348,0.0000,0.0000,,,nem
2026.08.18 02:00,2026.08.18 03:00,39N0505847100003,000053400002726046,0.0000,0.0000,,,nem
2026.08.18 02:00,2026.08.18 03:00,39N0505992060002,000053400003708023,0.4000,0.3913,,,nem
2026.08.18 02:00,2026.08.18 03:00,39N050603076000J,000051303403563786,2.7000,2.6411,,,nem
2026.08.18 02:00,2026.08.18 03:00,39N050607494000V,000038200077141480,0.0000,0.0000,,,nem
2026.08.18 02:00,2026.08.18 03:00,39N0506230230009,000053400003707928,8.4000,8.2169,,,nem
2026.08.18 02:00,2026.08.18 03:00,39N050626352000P,000034800000072507,3.9000,3.8150,,,nem
2026.08.18 02:00,2026.08.18 03:00,39N050626352000P,000053300002318656,0.0000,0.0000,,,nem
2026.08.18 02:00,2026.08.18 03:00,39N050627784000Z,000001300013013134,0.0000,0.0000,,,nem
2026.08.18 02:00,2026.08.18 03:00,39N050627784000Z,K3SC03402019428,0.0000,0.0000,,,nem
2026.08.18 02:00,2026.08.18 03:00,39N050635744000T,000051303403398549,0.2200,0.2234,,,nem
2026.08.18 02:00,2026.08.18 03:00,39N050636182000C,000040300014219987,0.0000,0.0000,,,nem
2026.08.18 02:00,2026.08.18 03:00,39N050636182000C,000053200006188793,0.0000,0.0000,,,nem
2026.08.18 02:00,2026.08.18 03:00,39N050636182000C,000053300004228213,0.0000,0.0000,,,nem
2026.08.18 02:00,2026.08.18 03:00,39N050642904000H,000053400002719822,3.7000,3.7437,,,nem
2026.08.18 02:00,2026.08.18 03:00,39N0506488920006,000038200077159774,8.9000,9.0050,,,igen
2026.08.18 02:00,2026.08.18 03:00,39N050655561000S,000027000005848448,0.0000,0.0000,,,nem
2026.08.18 02:00,2026.08.18 03:00,39N050655561000S,000027000005950344,0.0000,0.0000,,,nem
2026.08.18 02:00,2026.08.18 03:00,39N050655561000S,000040200008208469,0.0000,0.0000,,,nem
2026.08.18 02:00,2026.08.18 03:00,39N050673657000W,000029900020524037,5.6000,5.4779,,,igen
2026.08.18 02:00,2026.08.18 03:00,39N050690260000L,000051303403663324,7.6000,7.4442,,,nem
2026.08.18 02:00,2026.08.18 03:00,39N050708788000F,000027000005921259,0.0000,0.0000,,,nem
2026.08.18 02:00,2026.08.18 03:00,39N050720770000X,000040400012214791,0.0000,0.0000,,,nem
2026.08.18 02:00,2026.08.18 03:00,39N050740233000M,000052700000900251,0.0000,0.0000,,,nem
2026.08.18 02:00,2026.08.18 03:00,39N050744134000T,000052600000888120,0.0000,0.0000,,,nem
2026.08.18 02:00,2026.08.18 03:00,39N0507451030007,000000002246000087,1.3570,1.3330,,,nem
2026.08.18 02:00,2026.08.18 03:00,39N0507495580003,000000002246000226,0.0000,0.0000,,,nem
2026.08.18 02:00,2026.08.18 03:00,39N050750365000F,000044500028323170,0.0200,0.0203,,,nem
2026.08.18 02:00,2026.08.18 03:00,39N050750365000F,K3SC08000011520,0.0000,0.0000,,,nem
2026.08.18 02:00,2026.08.18 03:00,39N050750873000L,K02000018L29990,0.0000,0.0000,,,nem
2026.08.18 02:00,2026.08.18 03:00,39N050753398000W,000008800043780262,0.0000,0.0000,,,nem
2026.08.18 02:00,2026.08.18 03:00,39N050753398000W,000027000005848440,0.1000,0.0980,,,igen
2026.08.18 02:00,2026.08.18 03:00,39N050753398000W,000027000005950363,0.0000,0.0000,,,nem
2026.08.18 02:00,2026.08.18 03:00,39N050753398000W,000028700084243194,0.0000,0.0000,,,nem
2026.08.18 02:00,2026.08.18 03:00,39N050753839000S,000040300014219478,0.0000,0.0000,,,nem
2026.08.18 02:00,2026.08.18 03:00,39N050753876000J,000027000005848396,0.0000,0.0000,,,nem
2026.08.18 02:00,2026.08.18 03:00,39N050753876000J,000051303403563777,0.0000,0.0000,,,nem
2026.08.18 02:00,2026.08.18 03:00,39N050753876000J,000053300002728766,0.0000,0.0000,,,nem
2026.08.18 02:00,2026.08.18 03:00,39N050754012000C,K3SC03402019415,0.0000,0.0000,,,nem
2026.08.18 02:00,2026.08.18 03:00,39N050754015000Y,000027100005870748,0.0000,0.0000,,,nem
2026.08.18 02:00,2026.08.18 03:00,39N050754015000Y,K3SC03400984912,0.0000,0.0000,,,nem
2026.08.18 02:00,2026.08.18 03:00,39N050754578000M,000027100005848567,0.0000,0.0000,,,nem
2026.08.18 02:00,2026.08.18 03:00,39N050754578000M,000053300004228283,0.0000,0.0000,,,nem
2026.08.18 02:00,2026.08.18 03:00,39N050754578000M,000053400003290776,0.0000,0.0000,,,nem
2026.08.18 02:00,2026.08.18 03:00,39N050754716000H,000040300006200780,0.0000,0.0000,,,nem
2026.08.18 02:00,2026.08.18 03:00,39N050754716000H,K3SC04000000943,0.0000,0.0000,,,nem
2026.08.18 02:00,2026.08.18 03:00,39N050755929000B,SC07000007591,0.0000,0.0000,,,nem
2026.08.18 02:00,2026.08.18 03:00,39N050755997000G,000000002246000049,0.0000,0.0000,,,nem
2026.08.18 02:00,2026.08.18 03:00,39N050755997000G,000003500035198891,0.0000,0.0000,,,nem
2026.08.18 02:00,2026.08.18 03:00,39N0507569640004,000029200020511689,0.0000,0.0000,,,nem
2026.08.18 02:00,2026.08.18 03:00,39N050756996000D,K3SC08000006659,0.0000,0.0000,,,nem
2026.08.18 02:00,2026.08.18 03:00,39N050757163000K,K3SC08000005254,0.0000,0.0000,,,nem
2026.08.18 02:00,2026.08.18 03:00,39N050757415000J,000053400003290785,0.0000,0.0000,,,nem
2026.08.18 02:00,2026.08.18 03:00,39N050757415000J,K3SC09000000237,0.0000,0.0000,,,nem
2026.08.18 02:00,2026.08.18 03:00,39N050757439000O,000001300013505669,0.0000,0.0000,,,nem
2026.08.18 02:00,2026.08.18 03:00,39N050757439000O,000040300012216291,0.0000,0.0000,,,nem
2026.08.18 02:00,2026.08.18 03:00,39N050757439000O,000044500037979231,0.0000,0.0000,,,nem
2026.08.18 02:00,2026.08.18 03:00,39N050757439000O,K3SC08000002229,0.0000,0.0000,,,nem
2026.08.18 02:00,2026.08.18 03:00,39N050757450000K,000053400002719733,0.0000,0.0000,,,nem
2026.08.18 02:00,2026.08.18 03:00,39N050757450000K,K3SC03401169913,0.0000,0.0000,,,nem
2026.08.18 02:00,2026.08.18 03:00,39N050757472000Z,000000002246000059,0.0000,0.0000,,,nem
2026.08.18 02:00,2026.08.18 03:00,39N050757472000Z,000053400002719783,0.0000,0.0000,,,nem
2026.08.18 02:00,2026.08.18 03:00,39N050758923000H,000027900020522241,0.0000,0.0000,,,nem
2026.08.18 02:00,2026.08.18 03:00,39N050759606000R,K02202146000564,0.0000,0.0000,,,nem
2026.08.18 02:00,2026.08.18 03:00,39N0507599930004,000002800024149874,0.0000,0.0000,,,nem
2026.08.18 02:00,2026.08.18 03:00,39N0507599930004,SC07000001919,0.0000,0.0000,,,nem
2026.08.18 02:00,2026.08.18 03:00,39N050760458000R,000000002246000162,0.0000,0.0000,,,nem
2026.08.18 02:00,2026.08.18 03:00,39N050760458000R,000001300016230255,0.0100,0.0102,,,nem
2026.08.18 02:00,2026.08.18 03:00,39N050760709000V,K3SC03401061094,12.7000,84.9600,,,nem
2026.08.18 02:00,2026.08.18 03:00,39N050762038000E,K02202246000183,0.0000,0.0000,,,nem
2026.08.18 02:00,2026.08.18 03:00,39N050762094000Z,000033300005960005,0.0000,0.0000,,,nem
2026.08.18 02:00,2026.08.18 03:00,39N050762094000Z,K3SC03400723975,0.0000,0.0000,,,nem
2026.08.18 02:00,2026.08.18 03:00,39N050764763000U,000012000075117793,0.0000,0.0000,,,nem
2026.08.18 02:00,2026.08.18 03:00,39N050764763000U,000053100006730746,0.0000,0.0000,,,nem
2026.08.18 02:00,2026.08.18 03:00,39N050764763000U,K3SC09000000002,0.0000,0.0000,,,nem
2026.08.18 02:00,2026.08.18 03:00,39N050764779000V,000052100004064528,0.0000,0.0000,,,nem
2026.08.18 02:00,2026.08.18 03:00,39N050764779000V,K3SC03402019421,0.0000,0.0000,,,nem
2026.08.18 02:00,2026.08.18 03:00,39N050765037000W,K02000017L29370,0.0000,0.0000,,,nem
2026.08.18 02:00,2026.08.18 03:00,39N0507679070008,000000002146000466,0.0000,0.0000,,,nem
2026.08.18 02:00,2026.08.18 03:00,39N0507679070008,000040300007204577,0.0000,0.0000,,,nem
2026.08.18 02:00,2026.08.18 03:00,39N0507679070008,000040300014219638,0.0000,0.0000,,,nem
2026.08.18 02:00,2026.08.18 03:00,39N0507679070008,000053100004211708,0.0000,0.0000,,,nem
2026.08.18 02:00,2026.08.18 03:00,39N0507679070008,000053300004078695,0.0000,0.0000,,,nem
2026.08.18 02:00,2026.08.18 03:00,39N0507679070008,SC07000001932,0.0000,0.0000,,,nem
2026.08.18 02:00,2026.08.18 03:00,39N0507693140006,000000002246000115,0.0000,0.0000,,,nem
2026.08.18 02:00,2026.08.18 03:00,39N0507705100001,000029900020514285,0.0000,0.0000,,,nem
2026.08.18 02:00,2026.08.18 03:00,39N0507705100001,000051303403563760,0.0000,0.0000,,,nem
2026.08.18 02:00,2026.08.18 03:00,39N0507705100001,000052700000899611,0.0000,0.0000,,,nem
2026.08.18 02:00,2026.08.18 03:00,39N0507705100001,K3SC07000001924,0.0000,0.0000,,,nem
2026.08.18 02:00,2026.08.18 03:00,39N050771852000C,K3SC07000001832,0.0000,0.0000,,,nem
2026.08.18 02:00,2026.08.18 03:00,39N0507730720003,000053300004228387,0.0000,0.0000,,,nem
2026.08.18 02:00,2026.08.18 03:00,39N050773615000J,K3SC34000505359,0.0000,0.0000,,,nem
2026.08.18 02:00,2026.08.18 03:00,39N050773622000S,000053300004228493,0.0000,0.0000,,,nem
2026.08.18 02:00,2026.08.18 03:00,39N050773622000S,K3SC09000000250,0.0000,0.0000,,,nem
2026.08.18 02:00,2026.08.18 03:00,39N050773882000F,K3SC03402019413,0.0000,0.0000,,,nem
2026.08.18 02:00,2026.08.18 03:00,39N0507741940003,K02000018L29724,0.0000,0.0000,,,nem
2026.08.18 02:00,2026.08.18 03:00,39N050774244000Q,000044700031395811,0.0000,0.0000,,,nem
2026.08.18 02:00,2026.08.18 03:00,39N050774244000Q,K3SC03400699635,11.8000,45.1100,,,nem
2026.08.18 02:00,2026.08.18 03:00,39N0507742750003,000027900020519928,0.0000,0.0000,,,nem
2026.08.18 02:00,2026.08.18 03:00,39N050775645000M,000008800045007665,0.0000,0.0000,,,nem
2026.08.18 02:00,2026.08.18 03:00,39N050775645000M,000027900020502769,0.0000,0.0000,,,nem
2026.08.18 02:00,2026.08.18 03:00,39N050776264000Z,000027100005870779,0.1000,0.0978,,,nem
2026.08.18 02:00,2026.08.18 03:00,39N050776439000E,000001300023106173,0.0000,0.0000,,,nem
2026.08.18 02:00,2026.08.18 03:00,39N050776439000E,SC07000006370,0.0000,0.0000,,,nem
2026.08.18 02:00,2026.08.18 03:00,39N050776462000V,K02000017L29063,0.0000,0.0000,,,nem
2026.08.18 02:00,2026.08.18 03:00,39N0507772080006,000000002246000073,0.0000,0.0000,,,nem
2026.08.18 02:00,2026.08.18 03:00,39N050777442000Z,000002600043780817,0.0000,0.0000,,,nem
2026.08.18 02:00,2026.08.18 03:00,39N050777442000Z,K02000017L29055,0.0000,0.0000,,,nem
2026.08.18 02:00,2026.08.18 03:00,39N050777442000Z,K02202146000484,0.0000,0.0000,,,nem
2026.08.18 02:00,2026.08.18 03:00,39N050777482000B,000000002246000043,0.0000,0.0000,,,nem
2026.08.18 02:00,2026.08.18 03:00,39N050792697000P,000027000005848410,0.0000,0.0000,,,nem
2026.08.18 02:00,2026.08.18 03:00,39N050793035000V,000035500084243061,0.0000,0.0000,,,nem
2026.08.18 02:00,2026.08.18 03:00,39N050793035000V,000035500084243063,0.0000,0.0000,,,igen
2026.08.18 02:00,2026.08.18 03:00,39N0507981050002,000029200020524061,0.0000,0.0000,,,nem
2026.08.18 02:00,2026.08.18 03:00,39N050813036000E,000027100005897973,0.0000,0.0000,,,nem
2026.08.18 02:00,2026.08.18 03:00,39N050814444000J,000053300003306760,0.0000,0.0000,,,nem
2026.08.18 02:00,2026.08.18 03:00,39N050816644000Q,000052600000899462,8.6000,8.4125,,,nem
2026.08.18 02:00,2026.08.18 03:00,39N0508179760006,SC10000001096,2.4500,8.5800,,,nem
2026.08.18 02:00,2026.08.18 03:00,39N050818676000J,000040400014219207,0.0000,0.0000,,,nem
2026.08.18 02:00,2026.08.18 03:00,39N050820134000W,000053100004211197,0.0100,0.0102,,,nem
2026.08.18 02:00,2026.08.18 03:00,39N050820134000W,K3SC03402019414,0.0000,0.0000,,,nem
2026.08.18 02:00,2026.08.18 03:00,39N050820458000G,000052700000885406,0.3000,0.3107,,,nem
2026.08.18 02:00,2026.08.18 03:00,39N050822345000S,000052600000884385,0.2000,0.1924,,,nem
2026.08.18 02:00,2026.08.18 03:00,39N0508227020002,K3SC03401147239,0.0000,0.0000,,,nem
2026.08.18 02:00,2026.08.18 03:00,39N050831052000K,K3SC03401169907,0.0000,0.0000,,,nem
2026.08.18 02:00,2026.08.18 03:00,39N050831052000K,K3SC07000006344,0.0000,0.0000,,,nem
2026.08.18 02:00,2026.08.18 03:00,39N050831214000K,K3SC08000001061,0.0000,0.0000,,,nem
2026.08.18 02:00,2026.08.18 03:00,39N050831732000K,000000002246000171,0.0000,0.0000,,,nem
2026.08.18 02:00,2026.08.18 03:00,39N050831732000K,000000002246000297,0.0000,0.0000,,,nem
2026.08.18 02:00,2026.08.18 03:00,39N050832564000Z,K3SC08000002241,0.0000,0.0000,,,nem
2026.08.18 02:00,2026.08.18 03:00,39N050833827000F,K3SC03400699729,0.0000,0.0000,,,nem
2026.08.18 02:00,2026.08.18 03:00,39N050836149000I,K3SC03401414828,0.0000,0.0000,,,nem
2026.08.18 02:00,2026.08.18 03:00,39N050836830000K,000000003403233014,0.0000,0.0000,,,nem
2026.08.18 02:00,2026.08.18 03:00,39N050836979000I,000053400003290796,0.0000,0.0000,,,nem
2026.08.18 02:00,2026.08.18 03:00,39N0508398450002,K3SC08000002237,0.0000,0.0000,,,nem
2026.08.18 02:00,2026.08.18 03:00,39N050841968000N,SC11000000589,0.0000,0.0000,,,nem
2026.08.18 02:00,2026.08.18 03:00,39N050843706000U,000053300004078513,0.0000,0.0000,,,nem
2026.08.18 02:00,2026.08.18 03:00,39N050844930000K,000052600000914889,0.0000,0.0000,,,nem
2026.08.18 02:00,2026.08.18 03:00,39N050847541000D,K3SC09000000240,0.0000,0.0000,,,nem
2026.08.18 02:00,2026.08.18 03:00,39N050847787000J,000034800000031563,0.0000,0.0000,,,nem
2026.08.18 02:00,2026.08.18 03:00,39N0508480240000,000052700000909509,0.0000,0.0000,,,nem
2026.08.18 02:00,2026.08.18 03:00,39N050848355000U,000040300012215942,0.0000,0.0000,,,nem
2026.08.18 02:00,2026.08.18 03:00,39N0508490730004,000051303403563818,17.5000,17.1290,,,nem
2026.08.18 02:00,2026.08.18 03:00,39N050849323000D,K3SC04000000054,2.1000,8.3100,,,nem
2026.08.18 02:00,2026.08.18 03:00,39N050851794000U,K3SC07000006360,0.0000,0.0000,,,nem
2026.08.18 02:00,2026.08.18 03:00,39N050861247000Y,K3SC09000003821,0.0000,0.0000,,,nem
2026.08.18 02:00,2026.08.18 03:00,39N050866001000P,000000002246000036,0.0000,0.0000,,,nem
2026.08.18 02:00,2026.08.18 03:00,39N050875710000B,K3SC11000000578,0.0000,0.0000,,,nem
2026.08.18 02:00,2026.08.18 03:00,39N0508759240008,K3SC03401061101,0.0000,0.0000,,,nem
2026.08.18 02:00,2026.08.18 03:00,39N0508788210006,000053300004078461,0.0000,0.0000,,,nem
2026.08.18 02:00,2026.08.18 03:00,39N050879364000V,K02000016L28058,0.0000,0.0000,,,nem
2026.08.18 02:00,2026.08.18 03:00,39N0508813320003,000029900020519902,0.0000,0.0000,,,nem
2026.08.18 02:00,2026.08.18 03:00,39N050882973000Z,000040300009900172,0.0000,0.0000,,,nem
2026.08.18 02:00,2026.08.18 03:00,39N050890535000A,000000002146000441,0.0000,0.0000,,,nem
2026.08.18 02:00,2026.08.18 03:00,39N0508949570002,000027100005897971,0.0000,0.0000,,,nem
2026.08.18 02:00,2026.08.18 03:00,39N050896400000C,K3SC03400574253,0.0000,0.0000,,,nem
2026.08.18 02:00,2026.08.18 03:00,39N050896796000I,000027700001184418,0.0000,0.0000,,,nem
2026.08.18 02:00,2026.08.18 03:00,39N050898846000P,K3SC03400699737,0.0000,0.0000,,,nem
2026.08.18 02:00,2026.08.18 03:00,39N050913091000U,000027100005848490,0.0000,0.0000,,,nem
2026.08.18 02:00,2026.08.18 03:00,39N050915973000R,K3SC08000002025,0.0000,0.0000,,,nem
2026.08.18 02:00,2026.08.18 03:00,39N050916593000Z,K3SC03401169915,31.0000,116.6600,,,nem
2026.08.18 03:00,2026.08.18 04:00,39N0500091210005,000038200077158060,0.0000,0.0000,,,nem
2026.08.18 03:00,2026.08.18 04:00,39N050022609000H,000053300003307178,0.1000,0.1012,,,nem
2026.08.18 03:00,2026.08.18 04:00,39N050029731000D,000052600000914866,0.0000,0.0000,,,nem
2026.08.18 03:00,2026.08.18 04:00,39N050031988000Q,000052600000899454,0.0000,0.0000,,,nem
2026.08.18 03:00,2026.08.18 04:00,39N050032468000S,000052700000899362,0.4000,0.4062,,,nem
2026.08.18 03:00,2026.08.18 04:00,39N050033836000K,000027100005848245,0.0000,0.0000,,,nem
2026.08.18 03:00,2026.08.18 04:00,39N050034412000Z,000002600043780756,0.0000,0.0000,,,nem
2026.08.18 03:00,2026.08.18 04:00,39N050034412000Z,000052700000885403,2.8000,2.7406,,,nem
2026.08.18 03:00,2026.08.18 04:00,39N0500344350008,000046700000888615,0.0000,0.0000,,,nem
2026.08.18 03:00,2026.08.18 04:00,39N050034459000D,000040400014219775,0.0000,0.0000,,,nem
2026.08.18 03:00,2026.08.18 04:00,39N050042294000Z,000040400008209973,0.0000,0.0000,,,nem
2026.08.18 03:00,2026.08.18 04:00,39N050044030000F,000027000035197562,1.4000,1.4221,,,nem
2026.08.18 03:00,2026.08.18 04:00,39N050052498000T,SC05000004104,0.0000,0.0000,,,nem
2026.08.18 03:00,2026.08.18 04:00,39N050053842000G,K3SC03401169905,0.0000,0.0000,,,nem
2026.08.18 03:00,2026.08.18 04:00,39N0500617550009,000044500034101914,0.0000,0.0000,,,nem
2026.08.18 03:00,2026.08.18 04:00,39N0500617550009,K3SC03400699700,0.0000,0.0000,,,nem
2026.08.18 03:00,2026.08.18 04:00,39N050066949000F,000053400003290721,0.0000,0.0000,,,nem
2026.08.18 03:00,2026.08.18 04:00,39N050068660000G,000035500084243026,0.0000,0.0000,,,nem
2026.08.18 03:00,2026.08.18 04:00,39N050068660000G,000035500084243027,0.0000,0.0000,,,nem
2026.08.18 03:00,2026.08.18 04:00,39N050071512000G,000051303403398537,0.0000,0.0000,,,nem
2026.08.18 03:00,2026.08.18 04:00,39N050073737000N,000040400006201455,0.0000,0.0000,,,nem
2026.08.18 03:00,2026.08.18 04:00,39N050073762000U,000053400004078277,3.4000,3.4238,,,nem
2026.08.18 03:00,2026.08.18 04:00,39N050075194000S,000029200020524049,17.5000,17.8238,,,nem
2026.08.18 03:00,2026.08.18 04:00,39N0500755940000,000027000005950284,0.0000,0.0000,,,nem
2026.08.18 03:00,2026.08.18 04:00,39N0500755940000,000052600000886571,0.0000,0.0000,,,nem
2026.08.18 03:00,2026.08.18 04:00,39N050076850000F,000006201754704050,0.0000,0.0000,,,nem
2026.08.18 03:00,2026.08.18 04:00,39N050076850000F,000040300006201137,0.5000,0.4898,,,nem
2026.08.18 03:00,2026.08.18 04:00,39N050081322000F,000053400003290798,0.0000,0.0000,,,nem
2026.08.18 03:00,2026.08.18 04:00,39N050083908000D,000006202897801002,0.0000,0.0000,,,nem
2026.08.18 03:00,2026.08.18 04:00,39N050083908000D,000040300011213334,0.0000,0.0000,,,nem
2026.08.18 03:00,2026.08.18 04:00,39N050089206000O,000006203403563919,1.2000,1.2082,,,igen
2026.08.18 03:00,2026.08.18 04:00,39N050089206000O,000028700084091487,0.0000,0.0000,,,nem
2026.08.18 03:00,2026.08.18 04:00,39N050089342000D,000015608267713002,0.0000,0.0000,,,nem
2026.08.18 03:00,2026.08.18 04:00,39N050094459000X,000040400006201425,0.0000,0.0000,,,nem
2026.08.18 03:00,2026.08.18 04:00,39N050094490000H,000027100005894204,2.1000,2.0284,,,nem
2026.08.18 03:00,2026.08.18 04:00,39N050106941000P,000027100005848507,3.7000,3.5738,,,nem
2026.08.18 03:00,2026.08.18 04:00,39N0501191590002,000029200020517908,0.0000,0.0000,,,nem
2026.08.18 03:00,2026.08.18 04:00,39N050132558000H,000040400007204469,2.4000,2.3491,,,nem
2026.08.18 03:00,2026.08.18 04:00,39N050137387000F,000052600000900202,0.0000,0.0000,,,nem
2026.08.18 03:00,2026.08.18 04:00,39N050145410000I,000027100005848241,0.2000,0.1958,,,nem
2026.08.18 03:00,2026.08.18 04:00,39N050146207000W,000052700000899364,0.0000,0.0000,,,nem
2026.08.18 03:00,2026.08.18 04:00,39N050153206000F,K3SC06000007800,0.0000,0.0000,,,nem
2026.08.18 03:00,2026.08.18 04:00,39N0501601470008,000040300008206765,0.0000,0.0000,,,igen
2026.08.18 03:00,2026.08.18 04:00,39N0501601470008,000040300014219822,0.0000,0.0000,,,igen
2026.08.18 03:00,2026.08.18 04:00,39N050160341000O,000052700000899034,0.7000,0.7108,,,igen
2026.08.18 03:00,2026.08.18 04:00,39N0501618590009,000053400002726045,6.2000,6.0686,,,nem
2026.08.18 03:00,2026.08.18 04:00,39N050168020000Z,L01A625,4.0000,3.9836,,,nem
2026.08.18 03:00,2026.08.18 04:00,39N050176728000R,000040300012214339,0.0000,0.0000,,,nem
2026.08.18 03:00,2026.08.18 04:00,39N050176728000R,000053300003348438,0.0000,0.0000,,,nem
2026.08.18 03:00,2026.08.18 04:00,39N050177032000I,000053400003290719,0.0000,0.0000,,,nem
2026.08.18 03:00,2026.08.18 04:00,39N0501770340008,000053400002725990,0.0000,0.0000,,,nem
2026.08.18 03:00,2026.08.18 04:00,39N050180150000J,000000002246000217,0.9910,1.0000,,,nem
2026.08.18 03:00,2026.08.18 04:00,39N050197735000A,000053400003290744,0.0000,0.0000,,,nem
2026.08.18 03:00,2026.08.18 04:00,39N0502000520004,000029900020519904,0.0000,0.0000,,,nem
2026.08.18 03:00,2026.08.18 04:00,39N0502000520004,000053400003290731,0.1000,0.0957,,,nem
2026.08.18 03:00,2026.08.18 04:00,39N050207087000G,000033300005960021,0.0000,0.0000,,,nem
2026.08.18 03:00,2026.08.18 04:00,39N050207887000Y,000011100000109615,0.0000,0.0000,,,nem
2026.08.18 03:00,2026.08.18 04:00,39N050208125000A,000028700084091484,0.0000,0.0000,,,nem
2026.08.18 03:00,2026.08.18 04:00,39N050208128000W,000052600000896583,2.1000,2.2697,,,nem
2026.08.18 03:00,2026.08.18 04:00,39N050208164000S,000000002246000198,4.0000,4.2860,,,nem
2026.08.18 03:00,2026.08.18 04:00,39N050209187000U,000027000005926405,0.0000,0.0000,,,nem
2026.08.18 03:00,2026.08.18 04:00,39N0502109170005,000053400003708002,0.0000,0.0000,,,nem
2026.08.18 03:00,2026.08.18 04:00,39N0502109620000,000027100005894243,0.0000,0.0000,,,nem
2026.08.18 03:00,2026.08.18 04:00,39N050212788000U,000053600000897292,0.0000,0.0000,,,nem
2026.08.18 03:00,2026.08.18 04:00,39N050213910000G,000027100005898038,0.0000,0.0000,,,nem
2026.08.18 03:00,2026.08.18 04:00,39N050214190000G,K3SC03400699752,0.3400,1.2300,,,nem
2026.08.18 03:00,2026.08.18 04:00,39N050214638000E,K02000017L28861,0.0000,0.0000,,,nem
2026.08.18 03:00,2026.08.18 04:00,39N050214647000D,K3SC06000003455,0.0000,0.0000,,,nem
2026.08.18 03:00,2026.08.18 04:00,39N050214652000W,000008800043449669,0.0000,0.0000,,,nem
2026.08.18 03:00,2026.08.18 04:00,39N050214652000W,000027000005894200,0.0000,0.0000,,,nem
2026.08.18 03:00,2026.08.18 04:00,39N050214652000W,K3SC08000002012,0.0000,0.0000,,,nem
2026.08.18 03:00,2026.08.18 04:00,39N050214655000H,K3SC09000000230,0.1000,0.5900,,,nem
2026.08.18 03:00,2026.08.18 04:00,39N050214668000X,000000002246000235,0.0000,0.0000,,,nem
2026.08.18 03:00,2026.08.18 04:00,39N050214674000A,K3SC07000007598,0.0000,0.0000,,,nem
2026.08.18 03:00,2026.08.18 04:00,39N050214697000K,K3SC07000006334,0.0000,0.0000,,,nem
2026.08.18 03:00,2026.08.18 04:00,39N050214912000Z,K3SC07000001923,0.0000,0.0000,,,nem
2026.08.18 03:00,2026.08.18 04:00,39N050214941000M,EP07883,0.0000,0.0000,,,nem
2026.08.18 03:00,2026.08.18 04:00,39N050215930000P,K3SC06000002907,0.0000,0.0000,,,nem
2026.08.18 03:00,2026.08.18 04:00,39N050215938000M,K02000017L29066,0.0000,0.0000,,,nem
2026.08.18 03:00,2026.08.18 04:00,39N0502159430004,K3SC07000001954,0.0000,0.0000,,,nem
2026.08.18 03:00,2026.08.18 04:00,39N050215958000A,000000002246000117,0.0000,0.0000,,,nem
2026.08.18 03:00,2026.08.18 04:00,39N050215958000A,K02000017L29366,0.0000,0.0000,,,nem
2026.08.18 03:00,2026.08.18 04:00,39N050215987000Y,000040300012214341,0.0000,0.0000,,,nem
2026.08.18 03:00,2026.08.18 04:00,39N050215987000Y,K3SC04000000062,0.0000,0.0000,,,nem
2026.08.18 03:00,2026.08.18 04:00,39N050215987000Y,K3SC07000002663,0.0000,0.0000,,,nem
2026.08.18 03:00,2026.08.18 04:00,39N050215990000Q,000000002146000419,0.0000,0.0000,,,nem
2026.08.18 03:00,2026.08.18 04:00,39N050215990000Q,000000002246000261,0.0460,0.0460,,,nem
2026.08.18 03:00,2026.08.18 04:00,39N050215996000X,000000002246000205,0.0000,0.0000,,,nem
2026.08.18 03:00,2026.08.18 04:00,39N050215996000X,000044600000607648,0.0000,0.0000,,,nem
2026.08.18 03:00,2026.08.18 04:00,39N050215996000X,000044600000614795,0.0000,0.0000,,,nem
2026.08.18 03:00,2026.08.18 04:00,39N050216000000O,K3SC08000006643,0.0000,0.0000,,,nem
2026.08.18 03:00,2026.08.18 04:00,39N050216189000Z,K3SC09000000005,0.0000,0.0000,,,nem
2026.08.18 03:00,2026.08.18 04:00,39N050216319000Q,K3SC04000000788,0.0000,0.0000,,,nem
2026.08.18 03:00,2026.08.18 04:00,39N050217344000P,SC06000007846,26.0000,50.3100,,,nem
2026.08.18 03:00,2026.08.18 04:00,39N050217514000T,000000002246000191,4.0120,4.2720,,,nem
2026.08.18 03:00,2026.08.18 04:00,39N050217594000I,K02000017L28855,0.0000,0.0000,,,nem
2026.08.18 03:00,2026.08.18 04:00,39N0502177240009,000006209160519002,0.8000,0.8056,,,igen
2026.08.18 03:00,2026.08.18 04:00,39N0502177240009,000027700001201786,0.0000,0.0000,,,nem
2026.08.18 03:00,2026.08.18 04:00,39N0502177240009,K3SC08000001999,0.0000,0.0000,,,nem
2026.08.18 03:00,2026.08.18 04:00,39N0502177250004,000000002146000444,0.0000,0.0000,,,nem
2026.08.18 03:00,2026.08.18 04:00,39N0502177250004,000053200002511869,0.0000,0.0000,,,nem
2026.08.18 03:00,2026.08.18 04:00,39N050218554000Y,K02202146000431,0.0000,0.0000,,,nem
2026.08.18 03:00,2026.08.18 04:00,39N050218563000X,000000000001084616,0.0000,0.0000,,,nem
2026.08.18 03:00,2026.08.18 04:00,39N050218588000X,K3SC08000009353,2.8000,9.6100,,,nem
2026.08.18 03:00,2026.08.18 04:00,39N050218591000P,000008800043780320,0.0000,0.0000,,,nem
2026.08.18 03:00,2026.08.18 04:00,39N050218591000P,K02202146000387,0.0000,0.0000,,,nem
2026.08.18 03:00,2026.08.18 04:00,39N0502185960000,000045500001090171,0.0000,0.0000,,,nem
2026.08.18 03:00,2026.08.18 04:00,39N0502186000003,000000002246000034,0.0000,0.0000,,,nem
2026.08.18 03:00,2026.08.18 04:00,39N0502186000003,000044500026294967,0.0000,0.0000,,,nem
2026.08.18 03:00,2026.08.18 04:00,39N050218709000P,000000002146000433,0.0000,0.0000,,,nem
2026.08.18 03:00,2026.08.18 04:00,39N050218709000P,000027000005871862,0.0000,0.0000,,,nem
2026.08.18 03:00,2026.08.18 04:00,39N050219101000P,000053100006284304,0.0000,0.0000,,,nem
2026.08.18 03:00,2026.08.18 04:00,39N050219101000P,K11702446102256,0.0000,0.0000,,,nem
2026.08.18 03:00,2026.08.18 04:00,39N050219111000J,000053100006086023,0.1400,0.1402,,,nem
2026.08.18 03:00,2026.08.18 04:00,39N050219111000J,K3SC08000002002,0.0000,0.0000,,,nem
2026.08.18 03:00,2026.08.18 04:00,39N0502191220008,000000002146000405,0.0000,0.0000,,,nem
2026.08.18 03:00,2026.08.18 04:00,39N050219127000K,K02000018L30060,0.0000,0.0000,,,nem
2026.08.18 03:00,2026.08.18 04:00,39N050219144000N,K3SC07000001933,3.6000,3.5700,,,nem
2026.08.18 03:00,2026.08.18 04:00,39N050222615000B,K3SC08000002009,0.0000,0.0000,,,nem
2026.08.18 03:00,2026.08.18 04:00,39N050224132000X,000052600000885006,0.0000,0.0000,,,nem
2026.08.18 03:00,2026.08.18 04:00,39N050225228000V,000052600000887973,0.0000,0.0000,,,nem
2026.08.18 03:00,2026.08.18 04:00,39N050225361000Z,000028700084243212,0.0000,0.0000,,,nem
2026.08.18 03:00,2026.08.18 04:00,39N050225592000Z,K02000018L29674,1.9268,2.0000,,,nem
2026.08.18 03:00,2026.08.18 04:00,39N0502258590003,000053400004078297,4.9000,4.7133,,,nem
2026.08.18 03:00,2026.08.18 04:00,39N0502320940001,000053400002726024,0.0000,0.0000,,,nem
2026.08.18 03:00,2026.08.18 04:00,39N050233268000E,000040300013218204,0.0000,0.0000,,,nem
2026.08.18 03:00,2026.08.18 04:00,39N050233872000X,K3SC09000003822,0.0000,0.0000,,,nem
2026.08.18 03:00,2026.08.18 04:00,39N050235722000H,000000002246000065,0.0030,0.0120,,,nem
2026.08.18 03:00,2026.08.18 04:00,39N050235781000N,000000000000071480,0.0000,0.0000,,,nem
2026.08.18 03:00,2026.08.18 04:00,39N050236245000H,000006209160513005,0.0000,0.0000,,,nem
2026.08.18 03:00,2026.08.18 04:00,39N0502362660000,000027900020508134,0.0000,0.0000,,,nem
2026.08.18 03:00,2026.08.18 04:00,39N0502362660000,000040300011213597,0.0000,0.0000,,,nem
2026.08.18 03:00,2026.08.18 04:00,39N0502477110003,000052700000884957,0.0000,0.0000,,,nem
2026.08.18 03:00,2026.08.18 04:00,39N0502510990003,000019900016977384,0.1000,0.1008,,,nem
2026.08.18 03:00,2026.08.18 04:00,39N050251837000U,000040300007204770,0.0000,0.0000,,,nem
2026.08.18 03:00,2026.08.18 04:00,39N050252043000I,000027100005898029,0.0000,0.0000,,,nem
2026.08.18 03:00,2026.08.18 04:00,39N050252204000N,000006203229509031,3.8000,3.9239,,,nem
2026.08.18 03:00,2026.08.18 04:00,39N050253671000Y,000053400003708027,0.0000,0.0000,,,nem
2026.08.18 03:00,2026.08.18 04:00,39N050254055000N,000028700084243189,0.0000,0.0000,,,nem
2026.08.18 03:00,2026.08.18 04:00,39N0502542550009,000006203403563870,0.0000,0.0000,,,nem
2026.08.18 03:00,2026.08.18 04:00,39N050258835000L,000019900017022057,6.4000,6.5683,,,nem
2026.08.18 03:00,2026.08.18 04:00,39N050261616000F,000027100005848476,0.6000,0.6136,,,nem
2026.08.18 03:00,2026.08.18 04:00,39N050269363000V,000052700000884401,0.0000,0.0000,,,nem
2026.08.18 03:00,2026.08.18 04:00,39N050316475000U,000003300035201642,0.8000,0.8126,,,nem
2026.08.18 03:00,2026.08.18 04:00,39N050316475000U,000027000005848437,1.8000,1.8284,,,nem
2026.08.18 03:00,2026.08.18 04:00,39N0503424040008,000027100005870727,0.1000,0.0978,,,nem
2026.08.18 03:00,2026.08.18 04:00,39N0503439790009,000029200020502760,0.0000,0.0000,,,nem
2026.08.18 03:00,2026.08.18 04:00,39N050369436000H,000052700000889661,0.0000,0.0000,,,nem
2026.08.18 03:00,2026.08.18 04:00,39N050373639000R,000040300006202862,0.0000,0.0000,,,igen
2026.08.18 03:00,2026.08.18 04:00,39N050373666000O,000052700000887369,0.0000,0.0000,,,nem
2026.08.18 03:00,2026.08.18 04:00,39N050377940000D,000053400002719761,0.0000,0.0000,,,nem
2026.08.18 03:00,2026.08.18 04:00,39N050381165000Y,000000002246000284,0.0000,0.0000,,,nem
2026.08.18 03:00,2026.08.18 04:00,39N050385675000Z,000040400009210687,0.3000,0.2935,,,nem
2026.08.18 03:00,2026.08.18 04:00,39N050405255000Q,000029200020519053,0.0000,0.0000,,,nem
2026.08.18 03:00,2026.08.18 04:00,39N050414007000M,000029900020520529,0.0000,0.0000,,,nem
2026.08.18 03:00,2026.08.18 04:00,39N050414007000M,000040300011213341,0.0000,0.0000,,,nem
2026.08.18 03:00,2026.08.18 04:00,39N050415384000Y,000000002146000548,0.0000,0.0000,,,nem
2026.08.18 03:00,2026.08.18 04:00,39N050415384000Y,000053100004423834,0.0000,0.0000,,,nem
2026.08.18 03:00,2026.08.18 04:00,39N0504237770004,000028400084243416,0.0000,0.0000,,,nem
2026.08.18 03:00,2026.08.18 04:00,39N050433181000O,000000002246000180,0.0000,0.0000,,,nem
2026.08.18 03:00,2026.08.18 04:00,39N050445873000K,000053400002725979,0.0000,0.0000,,,nem
2026.08.18 03:00,2026.08.18 04:00,39N050450493000U,K3SCC0400000594,0.0000,0.0000,,,nem
2026.08.18 03:00,2026.08.18 04:00,39N0504550620004,000052600000887704,0.0000,0.0000,,,nem
2026.08.18 03:00,2026.08.18 04:00,39N050458746000Y,000027100005870754,0.0000,0.0000,,,nem
2026.08.18 03:00,2026.08.18 04:00,39N050458746000Y,000053300004228243,0.0000,0.0000,,,nem
2026.08.18 03:00,2026.08.18 04:00,39N050458746000Y,000053300006548960,0.0000,0.0000,,,nem
2026.08.18 03:00,2026.08.18 04:00,39N0504648650006,000052600000887402,0.0000,0.0000,,,nem
2026.08.18 03:00,2026.08.18 04:00,39N050471715000L,000029200020517911,0.0000,0.0000,,,nem
2026.08.18 03:00,2026.08.18 04:00,39N050483780000G,000027100005870759,0.0000,0.0000,,,nem
2026.08.18 03:00,2026.08.18 04:00,39N050484438000J,000052600000889209,6.0000,5.8692,,,nem
2026.08.18 03:00,2026.08.18 04:00,39N050485100000G,000040400014219743,1.0000,0.9795,,,nem
2026.08.18 03:00,2026.08.18 04:00,39N0504864890005,000053400003287118,0.0000,0.0000,,,nem
2026.08.18 03:00,2026.08.18 04:00,39N050510259000R,000027100005848322,0.0000,0.0000,,,nem
2026.08.18 03:00,2026.08.18 04:00,39N050515515000A,000052700000885935,0.0000,0.0000,,,nem
2026.08.18 03:00,2026.08.18 04:00,39N0505226180003,000011100000109610,0.0000,0.0000,,,nem
2026.08.18 03:00,2026.08.18 04:00,39N0505384670009,000027100005848294,0.0000,0.0000,,,nem
2026.08.18 03:00,2026.08.18 04:00,39N0505387730002,000052600000900177,0.0000,0.0000,,,nem
2026.08.18 03:00,2026.08.18 04:00,39N050548215000H,000053400002719801,4.0000,3.9180,,,nem
2026.08.18 03:00,2026.08.18 04:00,39N050548840000J,K3SC09000000010,2.5000,9.6000,,,nem
2026.08.18 03:00,2026.08.18 04:00,39N050552094000R,000029900020521702,0.0000,0.0000,,,nem
2026.08.18 03:00,2026.08.18 04:00,39N050553222000K,K3SC08000003475,0.8000,3.1400,,,nem
2026.08.18 03:00,2026.08.18 04:00,39N050553661000A,000034800000061526,5.2000,5.5692,,,nem
2026.08.18 03:00,2026.08.18 04:00,39N0505752100002,000052600000887553,0.0000,0.0000,,,nem
2026.08.18 03:00,2026.08.18 04:00,39N050576124000C,000034800000546505,0.0000,0.0000,,,nem
2026.08.18 03:00,2026.08.18 04:00,39N0505779810001,000006202897801013,0.0000,0.0000,,,nem
2026.08.18 03:00,2026.08.18 04:00,39N050583139000X,000053300004078348,0.0000,0.0000,,,nem
2026.08.18 03:00,2026.08.18 04:00,39N0505847100003,000053400002726046,0.0000,0.0000,,,nem
2026.08.18 03:00,2026.08.18 04:00,39N0505992060002,000053400003708023,2.0000,1.9564,,,nem
2026.08.18 03:00,2026.08.18 04:00,39N050603076000J,000051303403563786,3.5000,3.4237,,,nem
2026.08.18 03:00,2026.08.18 04:00,39N050607494000V,000038200077141480,0.0000,0.0000,,,nem
2026.08.18 03:00,2026.08.18 04:00,39N0506230230009,000053400003707928,5.0000,4.8910,,,nem
2026.08.18 03:00,2026.08.18 04:00,39N050626352000P,000034800000072507,7.3000,7.1409,,,nem
2026.08.18 03:00,2026.08.18 04:00,39N050626352000P,000053300002318656,0.0000,0.0000,,,nem
2026.08.18 03:00,2026.08.18 04:00,39N050627784000Z,000001300013013134,0.0000,0.0000,,,nem
2026.08.18 03:00,2026.08.18 04:00,39N050627784000Z,K3SC03402019428,0.0000,0.0000,,,nem
2026.08.18 03:00,2026.08.18 04:00,39N050635744000T,000051303403398549,11.8000,11.9817,,,nem
2026.08.18 03:00,2026.08.18 04:00,39N050636182000C,000040300014219987,0.0000,0.0000,,,nem
2026.08.18 03:00,2026.08.18 04:00,39N050636182000C,000053200006188793,0.0000,0.0000,,,nem
2026.08.18 03:00,2026.08.18 04:00,39N050636182000C,000053300004228213,0.0000,0.0000,,,nem
2026.08.18 03:00,2026.08.18 04:00,39N050642904000H,000053400002719822,4.2000,4.2496,,,nem
2026.08.18 03:00,2026.08.18 04:00,39N0506488920006,000038200077159774,18.0000,18.2124,,,igen
2026.08.18 03:00,2026.08.18 04:00,39N050655561000S,000027000005848448,0.0000,0.0000,,,nem
2026.08.18 03:00,2026.08.18 04:00,39N050655561000S,000027000005950344,0.0000,0.0000,,,nem
2026.08.18 03:00,2026.08.18 04:00,39N050655561000S,000040200008208469,0.0000,0.0000,,,nem
2026.08.18 03:00,2026.08.18 04:00,39N050673657000W,000029900020524037,7.5000,7.3365,,,igen
2026.08.18 03:00,2026.08.18 04:00,39N050690260000L,000051303403663324,2.3000,2.2529,,,nem
2026.08.18 03:00,2026.08.18 04:00,39N050708788000F,000027000005921259,6.6000,6.4060,,,nem
2026.08.18 03:00,2026.08.18 04:00,39N050720770000X,000040400012214791,0.0000,0.0000,,,nem
2026.08.18 03:00,2026.08.18 04:00,39N050740233000M,000052700000900251,0.0000,0.0000,,,nem
2026.08.18 03:00,2026.08.18 04:00,39N050744134000T,000052600000888120,0.1000,0.0978,,,nem
2026.08.18 03:00,2026.08.18 04:00,39N0507451030007,000000002246000087,0.1870,0.1860,,,nem
2026.08.18 03:00,2026.08.18 04:00,39N0507495580003,000000002246000226,0.0000,0.0000,,,nem
2026.08.18 03:00,2026.08.18 04:00,39N050750365000F,000044500028323170,0.0000,0.0000,,,nem
2026.08.18 03:00,2026.08.18 04:00,39N050750365000F,K3SC08000011520,0.0000,0.0000,,,nem
2026.08.18 03:00,2026.08.18 04:00,39N050750873000L,K02000018L29990,0.0000,0.0000,,,nem
2026.08.18 03:00,2026.08.18 04:00,39N050753398000W,000008800043780262,0.0000,0.0000,,,nem
2026.08.18 03:00,2026.08.18 04:00,39N050753398000W,000027000005848440,0.0000,0.0000,,,igen
2026.08.18 03:00,2026.08.18 04:00,39N050753398000W,000027000005950363,0.0000,0.0000,,,nem
2026.08.18 03:00,2026.08.18 04:00,39N050753398000W,000028700084243194,0.0000,0.0000,,,nem
2026.08.18 03:00,2026.08.18 04:00,39N050753839000S,000040300014219478,0.0000,0.0000,,,nem
2026.08.18 03:00,2026.08.18 04:00,39N050753876000J,000027000005848396,0.0000,0.0000,,,nem
2026.08.18 03:00,2026.08.18 04:00,39N050753876000J,000051303403563777,0.0000,0.0000,,,nem
2026.08.18 03:00,2026.08.18 04:00,39N050753876000J,000053300002728766,0.0000,0.0000,,,nem
2026.08.18 03:00,2026.08.18 04:00,39N050754012000C,K3SC03402019415,0.0000,0.0000,,,nem
2026.08.18 03:00,2026.08.18 04:00,39N050754015000Y,000027100005870748,0.0000,0.0000,,,nem
2026.08.18 03:00,2026.08.18 04:00,39N050754015000Y,K3SC03400984912,0.0000,0.0000,,,nem
2026.08.18 03:00,2026.08.18 04:00,39N050754578000M,000027100005848567,0.0000,0.0000,,,nem
2026.08.18 03:00,2026.08.18 04:00,39N050754578000M,000053300004228283,0.0000,0.0000,,,nem
2026.08.18 03:00,2026.08.18 04:00,39N050754578000M,000053400003290776,0.0000,0.0000,,,nem
2026.08.18 03:00,2026.08.18 04:00,39N050754716000H,000040300006200780,0.0000,0.0000,,,nem
2026.08.18 03:00,2026.08.18 04:00,39N050754716000H,K3SC04000000943,0.0000,0.0000,,,nem
2026.08.18 03:00,2026.08.18 04:00,39N050755929000B,SC07000007591,0.0000,0.0000,,,nem
2026.08.18 03:00,2026.08.18 04:00,39N050755997000G,000000002246000049,0.0000,0.0000,,,nem
2026.08.18 03:00,2026.08.18 04:00,39N050755997000G,000003500035198891,0.0000,0.0000,,,nem
2026.08.18 03:00,2026.08.18 04:00,39N0507569640004,000029200020511689,0.0000,0.0000,,,nem
2026.08.18 03:00,2026.08.18 04:00,39N050756996000D,K3SC08000006659,0.0000,0.0000,,,nem
2026.08.18 03:00,2026.08.18 04:00,39N050757163000K,K3SC08000005254,0.0000,0.0000,,,nem
2026.08.18 03:00,2026.08.18 04:00,39N050757415000J,000053400003290785,0.0000,0.0000,,,nem
2026.08.18 03:00,2026.08.18 04:00,39N050757415000J,K3SC09000000237,0.0000,0.0000,,,nem
2026.08.18 03:00,2026.08.18 04:00,39N050757439000O,000001300013505669,0.0000,0.0000,,,nem
2026.08.18 03:00,2026.08.18 04:00,39N050757439000O,000040300012216291,0.0000,0.0000,,,nem
2026.08.18 03:00,2026.08.18 04:00,39N050757439000O,000044500037979231,0.0000,0.0000,,,nem
2026.08.18 03:00,2026.08.18 04:00,39N050757439000O,K3SC08000002229,0.0000,0.0000,,,nem
2026.08.18 03:00,2026.08.18 04:00,39N050757450000K,000053400002719733,0.0000,0.0000,,,nem
2026.08.18 03:00,2026.08.18 04:00,39N050757450000K,K3SC03401169913,0.0000,0.0000,,,nem
2026.08.18 03:00,2026.08.18 04:00,39N050757472000Z,000000002246000059,0.0000,0.0000,,,nem
2026.08.18 03:00,2026.08.18 04:00,39N050757472000Z,000053400002719783,0.0000,0.0000,,,nem
2026.08.18 03:00,2026.08.18 04:00,39N050758923000H,000027900020522241,3.0000,2.9385,,,nem
2026.08.18 03:00,2026.08.18 04:00,39N050759606000R,K02202146000564,0.0060,0.0060,,,nem
2026.08.18 03:00,2026.08.18 04:00,39N0507599930004,000002800024149874,0.0000,0.0000,,,nem
2026.08.18 03:00,2026.08.18 04:00,39N0507599930004,SC07000001919,0.0000,0.0000,,,nem
2026.08.18 03:00,2026.08.18 04:00,39N050760458000R,000000002246000162,0.0000,0.0000,,,nem
2026.08.18 03:00,2026.08.18 04:00,39N050760458000R,000001300016230255,0.0000,0.0000,,,nem
2026.08.18 03:00,2026.08.18 04:00,39N050760709000V,K3SC03401061094,11.1000,74.3100,,,nem
2026.08.18 03:00,2026.08.18 04:00,39N050762038000E,K02202246000183,0.0000,0.0000,,,nem
2026.08.18 03:00,2026.08.18 04:00,39N050762094000Z,000033300005960005,0.0000,0.0000,,,nem
2026.08.18 03:00,2026.08.18 04:00,39N050762094000Z,K3SC03400723975,0.0000,0.0000,,,nem
2026.08.18 03:00,2026.08.18 04:00,39N050764763000U,000012000075117793,0.0000,0.0000,,,nem
2026.08.18 03:00,2026.08.18 04:00,39N050764763000U,000053100006730746,0.0000,0.0000,,,nem
2026.08.18 03:00,2026.08.18 04:00,39N050764763000U,K3SC09000000002,0.0000,0.0000,,,nem
2026.08.18 03:00,2026.08.18 04:00,39N050764779000V,000052100004064528,0.0000,0.0000,,,nem
2026.08.18 03:00,2026.08.18 04:00,39N050764779000V,K3SC03402019421,0.0000,0.0000,,,nem
2026.08.18 03:00,2026.08.18 04:00,39N050765037000W,K02000017L29370,0.0000,0.0000,,,nem
2026.08.18 03:00,2026.08.18 04:00,39N0507679070008,000000002146000466,0.0000,0.0000,,,nem
2026.08.18 03:00,2026.08.18 04:00,39N0507679070008,000040300007204577,0.0000,0.0000,,,nem
2026.08.18 03:00,2026.08.18 04:00,39N0507679070008,000040300014219638,0.0000,0.0000,,,nem
2026.08.18 03:00,2026.08.18 04:00,39N0507679070008,000053100004211708,0.0000,0.0000,,,nem
2026.08.18 03:00,2026.08.18 04:00,39N0507679070008,000053300004078695,0.0000,0.0000,,,nem
2026.08.18 03:00,2026.08.18 04:00,39N0507679070008,SC07000001932,0.0000,0.0000,,,nem
2026.08.18 03:00,2026.08.18 04:00,39N0507693140006,000000002246000115,0.0000,0.0000,,,nem
2026.08.18 03:00,2026.08.18 04:00,39N0507705100001,000029900020514285,0.0000,0.0000,,,nem
2026.08.18 03:00,2026.08.18 04:00,39N0507705100001,000051303403563760,0.0000,0.0000,,,nem
2026.08.18 03:00,2026.08.18 04:00,39N0507705100001,000052700000899611,0.0000,0.0000,,,nem
2026.08.18 03:00,2026.08.18 04:00,39N0507705100001,K3SC07000001924,0.0000,0.0000,,,nem
2026.08.18 03:00,2026.08.18 04:00,39N050771852000C,K3SC07000001832,0.0000,0.0000,,,nem
2026.08.18 03:00,2026.08.18 04:00,39N0507730720003,000053300004228387,0.0000,0.0000,,,nem
2026.08.18 03:00,2026.08.18 04:00,39N050773615000J,K3SC34000505359,0.0000,0.0000,,,nem
2026.08.18 03:00,2026.08.18 04:00,39N050773622000S,000053300004228493,0.0000,0.0000,,,nem
2026.08.18 03:00,2026.08.18 04:00,39N050773622000S,K3SC09000000250,0.0000,0.0000,,,nem
2026.08.18 03:00,2026.08.18 04:00,39N050773882000F,K3SC03402019413,0.0000,0.0000,,,nem
2026.08.18 03:00,2026.08.18 04:00,39N0507741940003,K02000018L29724,0.0000,0.0000,,,nem
2026.08.18 03:00,2026.08.18 04:00,39N050774244000Q,000044700031395811,0.1000,0.1015,,,nem
2026.08.18 03:00,2026.08.18 04:00,39N050774244000Q,K3SC03400699635,15.9000,60.7200,,,nem
2026.08.18 03:00,2026.08.18 04:00,39N0507742750003,000027900020519928,0.0000,0.0000,,,nem
2026.08.18 03:00,2026.08.18 04:00,39N050775645000M,000008800045007665,0.0000,0.0000,,,nem
2026.08.18 03:00,2026.08.18 04:00,39N050775645000M,000027900020502769,0.0000,0.0000,,,nem
2026.08.18 03:00,2026.08.18 04:00,39N050776264000Z,000027100005870779,0.0000,0.0000,,,nem
2026.08.18 03:00,2026.08.18 04:00,39N050776439000E,000001300023106173,0.0000,0.0000,,,nem
2026.08.18 03:00,2026.08.18 04:00,39N050776439000E,SC07000006370,0.0000,0.0000,,,nem
2026.08.18 03:00,2026.08.18 04:00,39N050776462000V,K02000017L29063,0.0000,0.0000,,,nem
2026.08.18 03:00,2026.08.18 04:00,39N0507772080006,000000002246000073,0.0000,0.0000,,,nem
2026.08.18 03:00,2026.08.18 04:00,39N050777442000Z,000002600043780817,0.0000,0.0000,,,nem
2026.08.18 03:00,2026.08.18 04:00,39N050777442000Z,K02000017L29055,0.0000,0.0000,,,nem
2026.08.18 03:00,2026.08.18 04:00,39N050777442000Z,K02202146000484,0.0000,0.0000,,,nem
2026.08.18 03:00,2026.08.18 04:00,39N050777482000B,000000002246000043,0.0000,0.0000,,,nem
2026.08.18 03:00,2026.08.18 04:00,39N050792697000P,000027000005848410,0.0000,0.0000,,,nem
2026.08.18 03:00,2026.08.18 04:00,39N050793035000V,000035500084243061,0.0000,0.0000,,,nem
2026.08.18 03:00,2026.08.18 04:00,39N050793035000V,000035500084243063,0.9000,0.9142,,,igen
2026.08.18 03:00,2026.08.18 04:00,39N0507981050002,000029200020524061,0.0000,0.0000,,,nem
2026.08.18 03:00,2026.08.18 04:00,39N050813036000E,000027100005897973,0.0000,0.0000,,,nem
2026.08.18 03:00,2026.08.18 04:00,39N050814444000J,000053300003306760,0.0000,0.0000,,,nem
2026.08.18 03:00,2026.08.18 04:00,39N050816644000Q,000052600000899462,8.2000,8.0212,,,nem
2026.08.18 03:00,2026.08.18 04:00,39N0508179760006,SC10000001096,2.3900,8.4000,,,nem
2026.08.18 03:00,2026.08.18 04:00,39N050818676000J,000040400014219207,0.0000,0.0000,,,nem
2026.08.18 03:00,2026.08.18 04:00,39N050820134000W,000053100004211197,0.0100,0.0102,,,nem
2026.08.18 03:00,2026.08.18 04:00,39N050820134000W,K3SC03402019414,0.0000,0.0000,,,nem
2026.08.18 03:00,2026.08.18 04:00,39N050820458000G,000052700000885406,34.4000,35.6315,,,nem
2026.08.18 03:00,2026.08.18 04:00,39N050822345000S,000052600000884385,0.2000,0.1924,,,nem
2026.08.18 03:00,2026.08.18 04:00,39N0508227020002,K3SC03401147239,0.0000,0.0000,,,nem
2026.08.18 03:00,2026.08.18 04:00,39N050831052000K,K3SC03401169907,0.0000,0.0000,,,nem
2026.08.18 03:00,2026.08.18 04:00,39N050831052000K,K3SC07000006344,0.0000,0.0000,,,nem
2026.08.18 03:00,2026.08.18 04:00,39N050831214000K,K3SC08000001061,0.0000,0.0000,,,nem
2026.08.18 03:00,2026.08.18 04:00,39N050831732000K,000000002246000171,0.0000,0.0000,,,nem
2026.08.18 03:00,2026.08.18 04:00,39N050831732000K,000000002246000297,0.0000,0.0000,,,nem
2026.08.18 03:00,2026.08.18 04:00,39N050832564000Z,K3SC08000002241,0.0000,0.0000,,,nem
2026.08.18 03:00,2026.08.18 04:00,39N050833827000F,K3SC03400699729,0.0000,0.0000,,,nem
2026.08.18 03:00,2026.08.18 04:00,39N050836149000I,K3SC03401414828,0.0000,0.0000,,,nem
2026.08.18 03:00,2026.08.18 04:00,39N050836830000K,000000003403233014,0.0000,0.0000,,,nem
2026.08.18 03:00,2026.08.18 04:00,39N050836979000I,000053400003290796,0.0000,0.0000,,,nem
2026.08.18 03:00,2026.08.18 04:00,39N0508398450002,K3SC08000002237,0.0000,0.0000,,,nem
2026.08.18 03:00,2026.08.18 04:00,39N050841968000N,SC11000000589,0.0000,0.0000,,,nem
2026.08.18 03:00,2026.08.18 04:00,39N050843706000U,000053300004078513,0.0000,0.0000,,,nem
2026.08.18 03:00,2026.08.18 04:00,39N050844930000K,000052600000914889,0.1000,0.0980,,,nem
2026.08.18 03:00,2026.08.18 04:00,39N050847541000D,K3SC09000000240,0.0000,0.0000,,,nem
2026.08.18 03:00,2026.08.18 04:00,39N050847787000J,000034800000031563,0.0000,0.0000,,,nem
2026.08.18 03:00,2026.08.18 04:00,39N0508480240000,000052700000909509,0.0000,0.0000,,,nem
2026.08.18 03:00,2026.08.18 04:00,39N050848355000U,000040300012215942,0.0000,0.0000,,,nem
2026.08.18 03:00,2026.08.18 04:00,39N0508490730004,000051303403563818,17.7000,17.3248,,,nem
2026.08.18 03:00,2026.08.18 04:00,39N050849323000D,K3SC04000000054,1.2000,4.7700,,,nem
2026.08.18 03:00,2026.08.18 04:00,39N050851794000U,K3SC07000006360,0.0000,0.0000,,,nem
2026.08.18 03:00,2026.08.18 04:00,39N050861247000Y,K3SC09000003821,7.1000,23.4500,,,nem
2026.08.18 03:00,2026.08.18 04:00,39N050866001000P,000000002246000036,0.0000,0.0000,,,nem
2026.08.18 03:00,2026.08.18 04:00,39N050875710000B,K3SC11000000578,0.0000,0.0000,,,nem
2026.08.18 03:00,2026.08.18 04:00,39N0508759240008,K3SC03401061101,0.0000,0.0000,,,nem
2026.08.18 03:00,2026.08.18 04:00,39N0508788210006,000053300004078461,0.0000,0.0000,,,nem
2026.08.18 03:00,2026.08.18 04:00,39N050879364000V,K02000016L28058,0.0000,0.0000,,,nem
2026.08.18 03:00,2026.08.18 04:00,39N0508813320003,000029900020519902,0.0000,0.0000,,,nem
2026.08.18 03:00,2026.08.18 04:00,39N050882973000Z,000040300009900172,0.0000,0.0000,,,nem
2026.08.18 03:00,2026.08.18 04:00,39N050890535000A,000000002146000441,0.0000,0.0000,,,nem
2026.08.18 03:00,2026.08.18 04:00,39N0508949570002,000027100005897971,0.0000,0.0000,,,nem
2026.08.18 03:00,2026.08.18 04:00,39N050896400000C,K3SC03400574253,0.0000,0.0000,,,nem
2026.08.18 03:00,2026.08.18 04:00,39N050896796000I,000027700001184418,0.0000,0.0000,,,nem
2026.08.18 03:00,2026.08.18 04:00,39N050898846000P,K3SC03400699737,0.0000,0.0000,,,nem
2026.08.18 03:00,2026.08.18 04:00,39N050913091000U,000027100005848490,0.0000,0.0000,,,nem
2026.08.18 03:00,2026.08.18 04:00,39N050915973000R,K3SC08000002025,0.0000,0.0000,,,nem
2026.08.18 03:00,2026.08.18 04:00,39N050916593000Z,K3SC03401169915,6.8000,25.5600,,,nem
2026.08.18 04:00,2026.08.18 05:00,39N0500091210005,000038200077158060,0.0000,0.0000,,,nem
2026.08.18 04:00,2026.08.18 05:00,39N050022609000H,000053300003307178,0.1000,0.1012,,,igen
2026.08.18 04:00,2026.08.18 05:00,39N050029731000D,000052600000914866,0.0000,0.0000,,,igen
2026.08.18 04:00,2026.08.18 05:00,39N050031988000Q,000052600000899454,0.0000,0.0000,,,nem
2026.08.18 04:00,2026.08.18 05:00,39N050032468000S,000052700000899362,0.0000,0.0000,,,nem
2026.08.18 04:00,2026.08.18 05:00,39N050033836000K,000027100005848245,0.1000,0.1015,,,nem
2026.08.18 04:00,2026.08.18 05:00,39N050034412000Z,000002600043780756,0.0000,0.0000,,,nem
2026.08.18 04:00,2026.08.18 05:00,39N050034412000Z,000052700000885403,2.8000,2.7406,,,nem
2026.08.18 04:00,2026.08.18 05:00,39N0500344350008,000046700000888615,0.0000,0.0000,,,nem
2026.08.18 04:00,2026.08.18 05:00,39N050034459000D,000040400014219775,0.0000,0.0000,,,nem
2026.08.18 04:00,2026.08.18 05:00,39N050042294000Z,000040400008209973,0.0000,0.0000,,,nem
2026.08.18 04:00,2026.08.18 05:00,39N050044030000F,000027000035197562,0.1000,0.1016,,,nem
2026.08.18 04:00,2026.08.18 05:00,39N050052498000T,SC05000004104,0.0000,0.0000,,,nem
2026.08.18 04:00,2026.08.18 05:00,39N050053842000G,K3SC03401169905,0.0000,0.0000,,,nem
2026.08.18 04:00,2026.08.18 05:00,39N0500617550009,000044500034101914,0.0000,0.0000,,,nem
2026.08.18 04:00,2026.08.18 05:00,39N0500617550009,K3SC03400699700,0.0000,0.0000,,,nem
2026.08.18 04:00,2026.08.18 05:00,39N050066949000F,000053400003290721,0.0000,0.0000,,,nem
2026.08.18 04:00,2026.08.18 05:00,39N050068660000G,000035500084243026,0.0000,0.0000,,,nem
2026.08.18 04:00,2026.08.18 05:00,39N050068660000G,000035500084243027,0.0000,0.0000,,,igen
2026.08.18 04:00,2026.08.18 05:00,39N050071512000G,000051303403398537,0.0000,0.0000,,,nem
2026.08.18 04:00,2026.08.18 05:00,39N050073737000N,000040400006201455,0.0000,0.0000,,,nem
2026.08.18 04:00,2026.08.18 05:00,39N050073762000U,000053400004078277,3.4000,3.4238,,,igen
2026.08.18 04:00,2026.08.18 05:00,39N050075194000S,000029200020524049,19.7000,20.0645,,,nem
2026.08.18 04:00,2026.08.18 05:00,39N0500755940000,000027000005950284,0.0000,0.0000,,,nem
2026.08.18 04:00,2026.08.18 05:00,39N0500755940000,000052600000886571,0.0000,0.0000,,,igen
2026.08.18 04:00,2026.08.18 05:00,39N050076850000F,000006201754704050,0.0000,0.0000,,,nem
2026.08.18 04:00,2026.08.18 05:00,39N050076850000F,000040300006201137,0.1000,0.0980,,,nem
2026.08.18 04:00,2026.08.18 05:00,39N050081322000F,000053400003290798,0.0000,0.0000,,,nem
2026.08.18 04:00,2026.08.18 05:00,39N050083908000D,000006202897801002,0.0000,0.0000,,,nem
2026.08.18 04:00,2026.08.18 05:00,39N050083908000D,000040300011213334,0.0000,0.0000,,,igen
2026.08.18 04:00,2026.08.18 05:00,39N050089206000O,000006203403563919,3.1000,3.1211,,,igen
2026.08.18 04:00,2026.08.18 05:00,39N050089206000O,000028700084091487,0.0000,0.0000,,,igen
2026.08.18 04:00,2026.08.18 05:00,39N050089342000D,000015608267713002,0.0000,0.0000,,,nem
2026.08.18 04:00,2026.08.18 05:00,39N050094459000X,000040400006201425,0.0000,0.0000,,,nem
2026.08.18 04:00,2026.08.18 05:00,39N050094490000H,000027100005894204,7.9000,7.6306,,,nem
2026.08.18 04:00,2026.08.18 05:00,39N050106941000P,000027100005848507,0.0000,0.0000,,,nem
2026.08.18 04:00,2026.08.18 05:00,39N0501191590002,000029200020517908,0.0000,0.0000,,,nem
2026.08.18 04:00,2026.08.18 05:00,39N050132558000H,000040400007204469,0.4000,0.3915,,,nem
2026.08.18 04:00,2026.08.18 05:00,39N050137387000F,000052600000900202,0.1000,0.0979,,,nem
2026.08.18 04:00,2026.08.18 05:00,39N050145410000I,000027100005848241,10.5000,10.2774,,,nem
2026.08.18 04:00,2026.08.18 05:00,39N050146207000W,000052700000899364,0.0000,0.0000,,,nem
2026.08.18 04:00,2026.08.18 05:00,39N050153206000F,K3SC06000007800,0.0000,0.0000,,,nem
2026.08.18 04:00,2026.08.18 05:00,39N0501601470008,000040300008206765,0.0000,0.0000,,,igen
2026.08.18 04:00,2026.08.18 05:00,39N0501601470008,000040300014219822,0.0000,0.0000,,,igen
2026.08.18 04:00,2026.08.18 05:00,39N050160341000O,000052700000899034,0.0000,0.0000,,,igen
2026.08.18 04:00,2026.08.18 05:00,39N0501618590009,000053400002726045,9.6000,9.3965,,,nem
2026.08.18 04:00,2026.08.18 05:00,39N050168020000Z,L01A625,4.0000,3.9836,,,igen
2026.08.18 04:00,2026.08.18 05:00,39N050176728000R,000040300012214339,0.0000,0.0000,,,nem
2026.08.18 04:00,2026.08.18 05:00,39N050176728000R,000053300003348438,0.0000,0.0000,,,nem
2026.08.18 04:00,2026.08.18 05:00,39N050177032000I,000053400003290719,0.0000,0.0000,,,nem
2026.08.18 04:00,2026.08.18 05:00,39N0501770340008,000053400002725990,1.0000,1.0081,,,nem
2026.08.18 04:00,2026.08.18 05:00,39N050180150000J,000000002246000217,0.7940,0.8030,,,nem
2026.08.18 04:00,2026.08.18 05:00,39N050197735000A,000053400003290744,0.0000,0.0000,,,nem
2026.08.18 04:00,2026.08.18 05:00,39N0502000520004,000029900020519904,0.0000,0.0000,,,igen
2026.08.18 04:00,2026.08.18 05:00,39N0502000520004,000053400003290731,0.0000,0.0000,,,nem
2026.08.18 04:00,2026.08.18 05:00,39N050207087000G,000033300005960021,0.0000,0.0000,,,nem
2026.08.18 04:00,2026.08.18 05:00,39N050207887000Y,000011100000109615,0.0000,0.0000,,,nem
2026.08.18 04:00,2026.08.18 05:00,39N050208125000A,000028700084091484,0.0000,0.0000,,,nem
2026.08.18 04:00,2026.08.18 05:00,39N050208128000W,000052600000896583,0.4000,0.4323,,,nem
2026.08.18 04:00,2026.08.18 05:00,39N050208164000S,000000002246000198,6.0000,6.4500,,,nem
2026.08.18 04:00,2026.08.18 05:00,39N050209187000U,000027000005926405,0.0000,0.0000,,,nem
2026.08.18 04:00,2026.08.18 05:00,39N0502109170005,000053400003708002,0.0000,0.0000,,,nem
2026.08.18 04:00,2026.08.18 05:00,39N0502109620000,000027100005894243,0.0000,0.0000,,,nem
2026.08.18 04:00,2026.08.18 05:00,39N050212788000U,000053600000897292,0.0000,0.0000,,,nem
2026.08.18 04:00,2026.08.18 05:00,39N050213910000G,000027100005898038,0.0000,0.0000,,,nem
2026.08.18 04:00,2026.08.18 05:00,39N050214190000G,K3SC03400699752,1.0300,3.6800,,,nem
2026.08.18 04:00,2026.08.18 05:00,39N050214638000E,K02000017L28861,0.0000,0.0000,,,igen
2026.08.18 04:00,2026.08.18 05:00,39N050214647000D,K3SC06000003455,0.0000,0.0000,,,nem
2026.08.18 04:00,2026.08.18 05:00,39N050214652000W,000008800043449669,0.0000,0.0000,,,igen
2026.08.18 04:00,2026.08.18 05:00,39N050214652000W,000027000005894200,0.0000,0.0000,,,nem
2026.08.18 04:00,2026.08.18 05:00,39N050214652000W,K3SC08000002012,0.0000,0.0000,,,nem
2026.08.18 04:00,2026.08.18 05:00,39N050214655000H,K3SC09000000230,0.0000,0.0000,,,nem
2026.08.18 04:00,2026.08.18 05:00,39N050214668000X,000000002246000235,0.0000,0.0000,,,nem
2026.08.18 04:00,2026.08.18 05:00,39N050214674000A,K3SC07000007598,0.0000,0.0000,,,nem
2026.08.18 04:00,2026.08.18 05:00,39N050214697000K,K3SC07000006334,0.0000,0.0000,,,nem
2026.08.18 04:00,2026.08.18 05:00,39N050214912000Z,K3SC07000001923,0.0000,0.0000,,,nem
2026.08.18 04:00,2026.08.18 05:00,39N050214941000M,EP07883,0.0000,0.0000,,,igen
2026.08.18 04:00,2026.08.18 05:00,39N050215930000P,K3SC06000002907,0.0000,0.0000,,,nem
2026.08.18 04:00,2026.08.18 05:00,39N050215938000M,K02000017L29066,0.0000,0.0000,,,nem
2026.08.18 04:00,2026.08.18 05:00,39N0502159430004,K3SC07000001954,0.0000,0.0000,,,nem
2026.08.18 04:00,2026.08.18 05:00,39N050215958000A,000000002246000117,0.0000,0.0000,,,nem
2026.08.18 04:00,2026.08.18 05:00,39N050215958000A,K02000017L29366,0.0000,0.0000,,,igen
2026.08.18 04:00,2026.08.18 05:00,39N050215987000Y,000040300012214341,0.0000,0.0000,,,nem
2026.08.18 04:00,2026.08.18 05:00,39N050215987000Y,K3SC04000000062,0.0000,0.0000,,,nem
2026.08.18 04:00,2026.08.18 05:00,39N050215987000Y,K3SC07000002663,0.0000,0.0000,,,nem
2026.08.18 04:00,2026.08.18 05:00,39N050215990000Q,000000002146000419,0.0000,0.0000,,,nem
2026.08.18 04:00,2026.08.18 05:00,39N050215990000Q,000000002246000261,0.1390,0.1390,,,nem
2026.08.18 04:00,2026.08.18 05:00,39N050215996000X,000000002246000205,0.0000,0.0000,,,nem
2026.08.18 04:00,2026.08.18 05:00,39N050215996000X,000044600000607648,0.0000,0.0000,,,nem
2026.08.18 04:00,2026.08.18 05:00,39N050215996000X,000044600000614795,0.0000,0.0000,,,nem
2026.08.18 04:00,2026.08.18 05:00,39N050216000000O,K3SC08000006643,0.0000,0.0000,,,nem
2026.08.18 04:00,2026.08.18 05:00,39N050216189000Z,K3SC09000000005,0.0000,0.0000,,,nem
2026.08.18 04:00,2026.08.18 05:00,39N050216319000Q,K3SC04000000788,0.0000,0.0000,,,nem
2026.08.18 04:00,2026.08.18 05:00,39N050217344000P,SC06000007846,36.0000,70.6200,,,nem
2026.08.18 04:00,2026.08.18 05:00,39N050217514000T,000000002246000191,3.6370,3.8810,,,nem
2026.08.18 04:00,2026.08.18 05:00,39N050217594000I,K02000017L28855,0.0000,0.0000,,,nem
2026.08.18 04:00,2026.08.18 05:00,39N0502177240009,000006209160519002,0.7000,0.7049,,,igen
2026.08.18 04:00,2026.08.18 05:00,39N0502177240009,000027700001201786,0.0000,0.0000,,,nem
2026.08.18 04:00,2026.08.18 05:00,39N0502177240009,K3SC08000001999,0.0000,0.0000,,,nem
2026.08.18 04:00,2026.08.18 05:00,39N0502177250004,000000002146000444,0.0000,0.0000,,,nem
2026.08.18 04:00,2026.08.18 05:00,39N0502177250004,000053200002511869,0.0000,0.0000,,,nem
2026.08.18 04:00,2026.08.18 05:00,39N050218554000Y,K02202146000431,0.0000,0.0000,,,nem
2026.08.18 04:00,2026.08.18 05:00,39N050218563000X,000000000001084616,0.0000,0.0000,,,nem
2026.08.18 04:00,2026.08.18 05:00,39N050218588000X,K3SC08000009353,0.0000,0.0000,,,nem
2026.08.18 04:00,2026.08.18 05:00,39N050218591000P,000008800043780320,0.0000,0.0000,,,nem
2026.08.18 04:00,2026.08.18 05:00,39N050218591000P,K02202146000387,0.0000,0.0000,,,nem
2026.08.18 04:00,2026.08.18 05:00,39N0502185960000,000045500001090171,0.0000,0.0000,,,nem
2026.08.18 04:00,2026.08.18 05:00,39N0502186000003,000000002246000034,0.0000,0.0000,,,nem
2026.08.18 04:00,2026.08.18 05:00,39N0502186000003,000044500026294967,0.0000,0.0000,,,nem
2026.08.18 04:00,2026.08.18 05:00,39N050218709000P,000000002146000433,0.0000,0.0000,,,nem
2026.08.18 04:00,2026.08.18 05:00,39N050218709000P,000027000005871862,0.0000,0.0000,,,nem
2026.08.18 04:00,2026.08.18 05:00,39N050219101000P,000053100006284304,0.0000,0.0000,,,nem
2026.08.18 04:00,2026.08.18 05:00,39N050219101000P,K11702446102256,0.0000,0.0000,,,nem
2026.08.18 04:00,2026.08.18 05:00,39N050219111000J,000053100006086023,0.0000,0.0000,,,nem
2026.08.18 04:00,2026.08.18 05:00,39N050219111000J,K3SC08000002002,0.0000,0.0000,,,nem
2026.08.18 04:00,2026.08.18 05:00,39N0502191220008,000000002146000405,0.0000,0.0000,,,nem
2026.08.18 04:00,2026.08.18 05:00,39N050219127000K,K02000018L30060,0.0000,0.0000,,,nem
2026.08.18 04:00,2026.08.18 05:00,39N050219144000N,K3SC07000001933,3.9000,3.8800,,,nem
2026.08.18 04:00,2026.08.18 05:00,39N050222615000B,K3SC08000002009,0.0000,0.0000,,,nem
2026.08.18 04:00,2026.08.18 05:00,39N050224132000X,000052600000885006,0.0000,0.0000,,,nem
2026.08.18 04:00,2026.08.18 05:00,39N050225228000V,000052600000887973,0.0000,0.0000,,,nem
2026.08.18 04:00,2026.08.18 05:00,39N050225361000Z,000028700084243212,0.0000,0.0000,,,nem
2026.08.18 04:00,2026.08.18 05:00,39N050225592000Z,K02000018L29674,5.7803,6.0000,,,nem
2026.08.18 04:00,2026.08.18 05:00,39N0502258590003,000053400004078297,2.6000,2.5009,,,nem
2026.08.18 04:00,2026.08.18 05:00,39N0502320940001,000053400002726024,0.0000,0.0000,,,igen
2026.08.18 04:00,2026.08.18 05:00,39N050233268000E,000040300013218204,0.0000,0.0000,,,nem
2026.08.18 04:00,2026.08.18 05:00,39N050233872000X,K3SC09000003822,0.0000,0.0000,,,nem
2026.08.18 04:00,2026.08.18 05:00,39N050235722000H,000000002246000065,0.5200,2.0480,,,nem
2026.08.18 04:00,2026.08.18 05:00,39N050235781000N,000000000000071480,0.0000,0.0000,,,nem
2026.08.18 04:00,2026.08.18 05:00,39N050236245000H,000006209160513005,0.9000,0.8657,,,nem
2026.08.18 04:00,2026.08.18 05:00,39N0502362660000,000027900020508134,0.0000,0.0000,,,igen
2026.08.18 04:00,2026.08.18 05:00,39N0502362660000,000040300011213597,0.0000,0.0000,,,nem
2026.08.18 04:00,2026.08.18 05:00,39N0502477110003,000052700000884957,0.0000,0.0000,,,nem
2026.08.18 04:00,2026.08.18 05:00,39N0502510990003,000019900016977384,0.1000,0.1008,,,igen
2026.08.18 04:00,2026.08.18 05:00,39N050251837000U,000040300007204770,0.0000,0.0000,,,nem
2026.08.18 04:00,2026.08.18 05:00,39N050252043000I,000027100005898029,0.3000,0.3155,,,nem
2026.08.18 04:00,2026.08.18 05:00,39N050252204000N,000006203229509031,2.0000,2.0652,,,nem
2026.08.18 04:00,2026.08.18 05:00,39N050253671000Y,000053400003708027,0.0000,0.0000,,,nem
2026.08.18 04:00,2026.08.18 05:00,39N050254055000N,000028700084243189,0.0000,0.0000,,,nem
2026.08.18 04:00,2026.08.18 05:00,39N0502542550009,000006203403563870,0.0000,0.0000,,,nem
2026.08.18 04:00,2026.08.18 05:00,39N050258835000L,000019900017022057,4.2000,4.3105,,,nem
2026.08.18 04:00,2026.08.18 05:00,39N050261616000F,000027100005848476,1.4000,1.4318,,,nem
2026.08.18 04:00,2026.08.18 05:00,39N050269363000V,000052700000884401,0.0000,0.0000,,,nem
2026.08.18 04:00,2026.08.18 05:00,39N050316475000U,000003300035201642,0.7000,0.7111,,,nem
2026.08.18 04:00,2026.08.18 05:00,39N050316475000U,000027000005848437,0.5000,0.5079,,,nem
2026.08.18 04:00,2026.08.18 05:00,39N0503424040008,000027100005870727,0.5000,0.4891,,,nem
2026.08.18 04:00,2026.08.18 05:00,39N0503439790009,000029200020502760,0.0000,0.0000,,,nem
2026.08.18 04:00,2026.08.18 05:00,39N050369436000H,000052700000889661,0.0000,0.0000,,,nem
2026.08.18 04:00,2026.08.18 05:00,39N050373639000R,000040300006202862,0.0000,0.0000,,,igen
2026.08.18 04:00,2026.08.18 05:00,39N050373666000O,000052700000887369,0.0000,0.0000,,,nem
2026.08.18 04:00,2026.08.18 05:00,39N050377940000D,000053400002719761,0.0000,0.0000,,,nem
2026.08.18 04:00,2026.08.18 05:00,39N050381165000Y,000000002246000284,1.0000,0.9940,,,nem
2026.08.18 04:00,2026.08.18 05:00,39N050385675000Z,000040400009210687,0.0000,0.0000,,,nem
2026.08.18 04:00,2026.08.18 05:00,39N050405255000Q,000029200020519053,0.0000,0.0000,,,nem
2026.08.18 04:00,2026.08.18 05:00,39N050414007000M,000029900020520529,0.0000,0.0000,,,nem
2026.08.18 04:00,2026.08.18 05:00,39N050414007000M,000040300011213341,0.0000,0.0000,,,nem
2026.08.18 04:00,2026.08.18 05:00,39N050415384000Y,000000002146000548,0.0000,0.0000,,,nem
2026.08.18 04:00,2026.08.18 05:00,39N050415384000Y,000053100004423834,0.0000,0.0000,,,nem
2026.08.18 04:00,2026.08.18 05:00,39N0504237770004,000028400084243416,0.0000,0.0000,,,nem
2026.08.18 04:00,2026.08.18 05:00,39N050433181000O,000000002246000180,0.0000,0.0000,,,nem
2026.08.18 04:00,2026.08.18 05:00,39N050445873000K,000053400002725979,0.0000,0.0000,,,igen
2026.08.18 04:00,2026.08.18 05:00,39N050450493000U,K3SCC0400000594,0.0000,0.0000,,,nem
2026.08.18 04:00,2026.08.18 05:00,39N0504550620004,000052600000887704,0.2000,0.1958,,,nem
2026.08.18 04:00,2026.08.18 05:00,39N050458746000Y,000027100005870754,0.0000,0.0000,,,nem
2026.08.18 04:00,2026.08.18 05:00,39N050458746000Y,000053300004228243,0.5000,0.4898,,,nem
2026.08.18 04:00,2026.08.18 05:00,39N050458746000Y,000053300006548960,0.0000,0.0000,,,nem
2026.08.18 04:00,2026.08.18 05:00,39N0504648650006,000052600000887402,0.0000,0.0000,,,nem
2026.08.18 04:00,2026.08.18 05:00,39N050471715000L,000029200020517911,0.0000,0.0000,,,nem
2026.08.18 04:00,2026.08.18 05:00,39N050483780000G,000027100005870759,0.0000,0.0000,,,igen
2026.08.18 04:00,2026.08.18 05:00,39N050484438000J,000052600000889209,4.2000,4.1084,,,nem
2026.08.18 04:00,2026.08.18 05:00,39N050485100000G,000040400014219743,0.0000,0.0000,,,nem
2026.08.18 04:00,2026.08.18 05:00,39N0504864890005,000053400003287118,0.0000,0.0000,,,nem
2026.08.18 04:00,2026.08.18 05:00,39N050510259000R,000027100005848322,0.0000,0.0000,,,nem
2026.08.18 04:00,2026.08.18 05:00,39N050515515000A,000052700000885935,0.0000,0.0000,,,igen
2026.08.18 04:00,2026.08.18 05:00,39N0505226180003,000011100000109610,0.0000,0.0000,,,igen
2026.08.18 04:00,2026.08.18 05:00,39N0505384670009,000027100005848294,0.0000,0.0000,,,nem
2026.08.18 04:00,2026.08.18 05:00,39N0505387730002,000052600000900177,0.0000,0.0000,,,igen
2026.08.18 04:00,2026.08.18 05:00,39N050548215000H,000053400002719801,3.8000,3.7221,,,nem
2026.08.18 04:00,2026.08.18 05:00,39N050548840000J,K3SC09000000010,4.7000,17.8400,,,nem
2026.08.18 04:00,2026.08.18 05:00,39N050552094000R,000029900020521702,0.0000,0.0000,,,nem
2026.08.18 04:00,2026.08.18 05:00,39N050553222000K,K3SC08000003475,0.5000,1.9400,,,nem
2026.08.18 04:00,2026.08.18 05:00,39N050553661000A,000034800000061526,11.8000,12.6378,,,nem
2026.08.18 04:00,2026.08.18 05:00,39N0505752100002,000052600000887553,0.0000,0.0000,,,igen
2026.08.18 04:00,2026.08.18 05:00,39N050576124000C,000034800000546505,7.7000,7.8186,,,nem
2026.08.18 04:00,2026.08.18 05:00,39N0505779810001,000006202897801013,0.0000,0.0000,,,nem
2026.08.18 04:00,2026.08.18 05:00,39N050583139000X,000053300004078348,0.0000,0.0000,,,nem
2026.08.18 04:00,2026.08.18 05:00,39N0505847100003,000053400002726046,0.0000,0.0000,,,nem
2026.08.18 04:00,2026.08.18 05:00,39N0505992060002,000053400003708023,5.2000,5.0866,,,nem
2026.08.18 04:00,2026.08.18 05:00,39N050603076000J,000051303403563786,2.6000,2.5433,,,nem
2026.08.18 04:00,2026.08.18 05:00,39N050607494000V,000038200077141480,0.0000,0.0000,,,nem
2026.08.18 04:00,2026.08.18 05:00,39N0506230230009,000053400003707928,0.0000,0.0000,,,nem
2026.08.18 04:00,2026.08.18 05:00,39N050626352000P,000034800000072507,9.2000,8.9994,,,nem
2026.08.18 04:00,2026.08.18 05:00,39N050626352000P,000053300002318656,0.0000,0.0000,,,nem
2026.08.18 04:00,2026.08.18 05:00,39N050627784000Z,000001300013013134,0.0000,0.0000,,,nem
2026.08.18 04:00,2026.08.18 05:00,39N050627784000Z,K3SC03402019428,0.0000,0.0000,,,nem
2026.08.18 04:00,2026.08.18 05:00,39N050635744000T,000051303403398549,5.5100,5.5949,,,nem
2026.08.18 04:00,2026.08.18 05:00,39N050636182000C,000040300014219987,0.0000,0.0000,,,nem
2026.08.18 04:00,2026.08.18 05:00,39N050636182000C,000053200006188793,0.0000,0.0000,,,nem
2026.08.18 04:00,2026.08.18 05:00,39N050636182000C,000053300004228213,0.0000,0.0000,,,nem
2026.08.18 04:00,2026.08.18 05:00,39N050642904000H,000053400002719822,3.2000,3.2378,,,nem
2026.08.18 04:00,2026.08.18 05:00,39N0506488920006,000038200077159774,17.8000,18.0100,,,igen
2026.08.18 04:00,2026.08.18 05:00,39N050655561000S,000027000005848448,0.0000,0.0000,,,igen
2026.08.18 04:00,2026.08.18 05:00,39N050655561000S,000027000005950344,0.0000,0.0000,,,nem
2026.08.18 04:00,2026.08.18 05:00,39N050655561000S,000040200008208469,0.0000,0.0000,,,nem
2026.08.18 04:00,2026.08.18 05:00,39N050673657000W,000029900020524037,10.7000,10.4667,,,igen
2026.08.18 04:00,2026.08.18 05:00,39N050690260000L,000051303403663324,9.1000,8.9135,,,nem
2026.08.18 04:00,2026.08.18 05:00,39N050708788000F,000027000005921259,6.6000,6.4060,,,igen
2026.08.18 04:00,2026.08.18 05:00,39N050720770000X,000040400012214791,0.0000,0.0000,,,nem
2026.08.18 04:00,2026.08.18 05:00,39N050740233000M,000052700000900251,0.0000,0.0000,,,nem
2026.08.18 04:00,2026.08.18 05:00,39N050744134000T,000052600000888120,0.1000,0.0978,,,igen
2026.08.18 04:00,2026.08.18 05:00,39N0507451030007,000000002246000087,0.0000,0.0000,,,nem
2026.08.18 04:00,2026.08.18 05:00,39N0507495580003,000000002246000226,0.0000,0.0000,,,nem
2026.08.18 04:00,2026.08.18 05:00,39N050750365000F,000044500028323170,0.0200,0.0203,,,nem
2026.08.18 04:00,2026.08.18 05:00,39N050750365000F,K3SC08000011520,0.0000,0.0000,,,nem
2026.08.18 04:00,2026.08.18 05:00,39N050750873000L,K02000018L29990,0.0000,0.0000,,,nem
2026.08.18 04:00,2026.08.18 05:00,39N050753398000W,000008800043780262,0.0000,0.0000,,,igen
2026.08.18 04:00,2026.08.18 05:00,39N050753398000W,000027000005848440,0.0000,0.0000,,,igen
2026.08.18 04:00,2026.08.18 05:00,39N050753398000W,000027000005950363,0.0000,0.0000,,,nem
2026.08.18 04:00,2026.08.18 05:00,39N050753398000W,000028700084243194,0.0000,0.0000,,,igen
2026.08.18 04:00,2026.08.18 05:00,39N050753839000S,000040300014219478,0.0000,0.0000,,,nem
2026.08.18 04:00,2026.08.18 05:00,39N050753876000J,000027000005848396,0.0000,0.0000,,,nem
2026.08.18 04:00,2026.08.18 05:00,39N050753876000J,000051303403563777,0.0000,0.0000,,,nem
2026.08.18 04:00,2026.08.18 05:00,39N050753876000J,000053300002728766,0.6000,0.6095,,,nem
2026.08.18 04:00,2026.08.18 05:00,39N050754012000C,K3SC03402019415,0.0000,0.0000,,,nem
2026.08.18 04:00,2026.08.18 05:00,39N050754015000Y,000027100005870748,0.0000,0.0000,,,nem
2026.08.18 04:00,2026.08.18 05:00,39N050754015000Y,K3SC03400984912,0.0000,0.0000,,,nem
2026.08.18 04:00,2026.08.18 05:00,39N050754578000M,000027100005848567,0.0000,0.0000,,,nem
2026.08.18 04:00,2026.08.18 05:00,39N050754578000M,000053300004228283,0.0000,0.0000,,,nem
2026.08.18 04:00,2026.08.18 05:00,39N050754578000M,000053400003290776,0.0000,0.0000,,,nem
2026.08.18 04:00,2026.08.18 05:00,39N050754716000H,000040300006200780,0.0000,0.0000,,,nem
2026.08.18 04:00,2026.08.18 05:00,39N050754716000H,K3SC04000000943,0.0000,0.0000,,,nem
2026.08.18 04:00,2026.08.18 05:00,39N050755929000B,SC07000007591,0.0000,0.0000,,,nem
2026.08.18 04:00,2026.08.18 05:00,39N050755997000G,000000002246000049,0.0000,0.0000,,,nem
2026.08.18 04:00,2026.08.18 05:00,39N050755997000G,000003500035198891,0.0000,0.0000,,,nem
2026.08.18 04:00,2026.08.18 05:00,39N0507569640004,000029200020511689,0.0000,0.0000,,,nem
2026.08.18 04:00,2026.08.18 05:00,39N050756996000D,K3SC08000006659,0.0000,0.0000,,,nem
2026.08.18 04:00,2026.08.18 05:00,39N050757163000K,K3SC08000005254,0.0000,0.0000,,,nem
2026.08.18 04:00,2026.08.18 05:00,39N050757415000J,000053400003290785,0.0000,0.0000,,,nem
2026.08.18 04:00,2026.08.18 05:00,39N050757415000J,K3SC09000000237,0.0000,0.0000,,,nem
2026.08.18 04:00,2026.08.18 05:00,39N050757439000O,000001300013505669,0.0000,0.0000,,,nem
2026.08.18 04:00,2026.08.18 05:00,39N050757439000O,000040300012216291,0.0000,0.0000,,,nem
2026.08.18 04:00,2026.08.18 05:00,39N050757439000O,000044500037979231,0.0000,0.0000,,,nem
2026.08.18 04:00,2026.08.18 05:00,39N050757439000O,K3SC08000002229,0.0000,0.0000,,,nem
2026.08.18 04:00,2026.08.18 05:00,39N050757450000K,000053400002719733,0.0000,0.0000,,,igen
2026.08.18 04:00,2026.08.18 05:00,39N050757450000K,K3SC03401169913,0.0000,0.0000,,,nem
2026.08.18 04:00,2026.08.18 05:00,39N050757472000Z,000000002246000059,0.0000,0.0000,,,nem
2026.08.18 04:00,2026.08.18 05:00,39N050757472000Z,000053400002719783,0.0000,0.0000,,,nem
2026.08.18 04:00,2026.08.18 05:00,39N050758923000H,000027900020522241,3.0000,2.9385,,,nem
2026.08.18 04:00,2026.08.18 05:00,39N050759606000R,K02202146000564,0.0110,0.0110,,,nem
2026.08.18 04:00,2026.08.18 05:00,39N0507599930004,000002800024149874,0.0000,0.0000,,,nem
2026.08.18 04:00,2026.08.18 05:00,39N0507599930004,SC07000001919,0.0000,0.0000,,,nem
2026.08.18 04:00,2026.08.18 05:00,39N050760458000R,000000002246000162,0.0000,0.0000,,,nem
2026.08.18 04:00,2026.08.18 05:00,39N050760458000R,000001300016230255,0.0100,0.0102,,,nem
2026.08.18 04:00,2026.08.18 05:00,39N050760709000V,K3SC03401061094,8.5000,56.9500,,,nem
2026.08.18 04:00,2026.08.18 05:00,39N050762038000E,K02202246000183,0.0000,0.0000,,,nem
2026.08.18 04:00,2026.08.18 05:00,39N050762094000Z,000033300005960005,0.0000,0.0000,,,nem
2026.08.18 04:00,2026.08.18 05:00,39N050762094000Z,K3SC03400723975,0.0000,0.0000,,,nem
2026.08.18 04:00,2026.08.18 05:00,39N050764763000U,000012000075117793,0.0000,0.0000,,,nem
2026.08.18 04:00,2026.08.18 05:00,39N050764763000U,000053100006730746,0.0000,0.0000,,,nem
2026.08.18 04:00,2026.08.18 05:00,39N050764763000U,K3SC09000000002,0.0000,0.0000,,,nem
2026.08.18 04:00,2026.08.18 05:00,39N050764779000V,000052100004064528,0.0000,0.0000,,,nem
2026.08.18 04:00,2026.08.18 05:00,39N050764779000V,K3SC03402019421,0.0000,0.0000,,,nem
2026.08.18 04:00,2026.08.18 05:00,39N050765037000W,K02000017L29370,0.0000,0.0000,,,nem
2026.08.18 04:00,2026.08.18 05:00,39N0507679070008,000000002146000466,0.0000,0.0000,,,nem
2026.08.18 04:00,2026.08.18 05:00,39N0507679070008,000040300007204577,0.0000,0.0000,,,nem
2026.08.18 04:00,2026.08.18 05:00,39N0507679070008,000040300014219638,0.0000,0.0000,,,nem
2026.08.18 04:00,2026.08.18 05:00,39N0507679070008,000053100004211708,0.0000,0.0000,,,nem
2026.08.18 04:00,2026.08.18 05:00,39N0507679070008,000053300004078695,0.0000,0.0000,,,nem
2026.08.18 04:00,2026.08.18 05:00,39N0507679070008,SC07000001932,0.0000,0.0000,,,nem
2026.08.18 04:00,2026.08.18 05:00,39N0507693140006,000000002246000115,0.0000,0.0000,,,nem
2026.08.18 04:00,2026.08.18 05:00,39N0507705100001,000029900020514285,0.0000,0.0000,,,nem
2026.08.18 04:00,2026.08.18 05:00,39N0507705100001,000051303403563760,0.0000,0.0000,,,nem
2026.08.18 04:00,2026.08.18 05:00,39N0507705100001,000052700000899611,0.1000,0.0980,,,nem
2026.08.18 04:00,2026.08.18 05:00,39N0507705100001,K3SC07000001924,0.0000,0.0000,,,nem
2026.08.18 04:00,2026.08.18 05:00,39N050771852000C,K3SC07000001832,0.0000,0.0000,,,nem
2026.08.18 04:00,2026.08.18 05:00,39N0507730720003,000053300004228387,0.0000,0.0000,,,nem
2026.08.18 04:00,2026.08.18 05:00,39N050773615000J,K3SC34000505359,0.0000,0.0000,,,nem
2026.08.18 04:00,2026.08.18 05:00,39N050773622000S,000053300004228493,0.0000,0.0000,,,nem
2026.08.18 04:00,2026.08.18 05:00,39N050773622000S,K3SC09000000250,0.0000,0.0000,,,nem
2026.08.18 04:00,2026.08.18 05:00,39N050773882000F,K3SC03402019413,0.0000,0.0000,,,nem
2026.08.18 04:00,2026.08.18 05:00,39N0507741940003,K02000018L29724,0.0000,0.0000,,,nem
2026.08.18 04:00,2026.08.18 05:00,39N050774244000Q,000044700031395811,2.0100,2.0410,,,nem
2026.08.18 04:00,2026.08.18 05:00,39N050774244000Q,K3SC03400699635,14.1000,53.9800,,,nem
2026.08.18 04:00,2026.08.18 05:00,39N0507742750003,000027900020519928,0.0000,0.0000,,,nem
2026.08.18 04:00,2026.08.18 05:00,39N050775645000M,000008800045007665,0.0000,0.0000,,,nem
2026.08.18 04:00,2026.08.18 05:00,39N050775645000M,000027900020502769,0.0000,0.0000,,,nem
2026.08.18 04:00,2026.08.18 05:00,39N050776264000Z,000027100005870779,0.1000,0.0978,,,nem
2026.08.18 04:00,2026.08.18 05:00,39N050776439000E,000001300023106173,0.0000,0.0000,,,nem
2026.08.18 04:00,2026.08.18 05:00,39N050776439000E,SC07000006370,0.0000,0.0000,,,nem
2026.08.18 04:00,2026.08.18 05:00,39N050776462000V,K02000017L29063,0.0000,0.0000,,,igen
2026.08.18 04:00,2026.08.18 05:00,39N0507772080006,000000002246000073,0.0000,0.0000,,,nem
2026.08.18 04:00,2026.08.18 05:00,39N050777442000Z,000002600043780817,0.0000,0.0000,,,nem
2026.08.18 04:00,2026.08.18 05:00,39N050777442000Z,K02000017L29055,0.0000,0.0000,,,nem
2026.08.18 04:00,2026.08.18 05:00,39N050777442000Z,K02202146000484,0.0000,0.0000,,,nem
2026.08.18 04:00,2026.08.18 05:00,39N050777482000B,000000002246000043,0.0000,0.0000,,,nem
2026.08.18 04:00,2026.08.18 05:00,39N050792697000P,000027000005848410,0.0000,0.0000,,,nem
2026.08.18 04:00,2026.08.18 05:00,39N050793035000V,000035500084243061,0.0000,0.0000,,,nem
2026.08.18 04:00,2026.08.18 05:00,39N050793035000V,000035500084243063,0.5000,0.5079,,,igen
2026.08.18 04:00,2026.08.18 05:00,39N0507981050002,000029200020524061,0.0000,0.0000,,,nem
2026.08.18 04:00,2026.08.18 05:00,39N050813036000E,000027100005897973,0.0000,0.0000,,,nem
2026.08.18 04:00,2026.08.18 05:00,39N050814444000J,000053300003306760,0.0000,0.0000,,,nem
2026.08.18 04:00,2026.08.18 05:00,39N050816644000Q,000052600000899462,8.7000,8.5103,,,nem
2026.08.18 04:00,2026.08.18 05:00,39N0508179760006,SC10000001096,2.3700,8.3200,,,nem
2026.08.18 04:00,2026.08.18 05:00,39N050818676000J,000040400014219207,0.0000,0.0000,,,nem
2026.08.18 04:00,2026.08.18 05:00,39N050820134000W,000053100004211197,0.0600,0.0609,,,nem
2026.08.18 04:00,2026.08.18 05:00,39N050820134000W,K3SC03402019414,0.0000,0.0000,,,nem
2026.08.18 04:00,2026.08.18 05:00,39N050820458000G,000052700000885406,15.1000,15.6406,,,nem
2026.08.18 04:00,2026.08.18 05:00,39N050822345000S,000052600000884385,1.3000,1.2505,,,nem
2026.08.18 04:00,2026.08.18 05:00,39N0508227020002,K3SC03401147239,0.0000,0.0000,,,nem
2026.08.18 04:00,2026.08.18 05:00,39N050831052000K,K3SC03401169907,0.0000,0.0000,,,nem
2026.08.18 04:00,2026.08.18 05:00,39N050831052000K,K3SC07000006344,0.0000,0.0000,,,nem
2026.08.18 04:00,2026.08.18 05:00,39N050831214000K,K3SC08000001061,0.0000,0.0000,,,nem
2026.08.18 04:00,2026.08.18 05:00,39N050831732000K,000000002246000171,0.0000,0.0000,,,nem
2026.08.18 04:00,2026.08.18 05:00,39N050831732000K,000000002246000297,0.0000,0.0000,,,nem
2026.08.18 04:00,2026.08.18 05:00,39N050832564000Z,K3SC08000002241,0.0000,0.0000,,,nem
2026.08.18 04:00,2026.08.18 05:00,39N050833827000F,K3SC03400699729,0.0000,0.0000,,,nem
2026.08.18 04:00,2026.08.18 05:00,39N050836149000I,K3SC03401414828,0.0000,0.0000,,,nem
2026.08.18 04:00,2026.08.18 05:00,39N050836830000K,000000003403233014,0.0000,0.0000,,,nem
2026.08.18 04:00,2026.08.18 05:00,39N050836979000I,000053400003290796,0.0000,0.0000,,,nem
2026.08.18 04:00,2026.08.18 05:00,39N0508398450002,K3SC08000002237,0.0000,0.0000,,,nem
2026.08.18 04:00,2026.08.18 05:00,39N050841968000N,SC11000000589,0.0000,0.0000,,,nem
2026.08.18 04:00,2026.08.18 05:00,39N050843706000U,000053300004078513,0.0000,0.0000,,,nem
2026.08.18 04:00,2026.08.18 05:00,39N050844930000K,000052600000914889,0.2000,0.1959,,,nem
2026.08.18 04:00,2026.08.18 05:00,39N050847541000D,K3SC09000000240,0.0000,0.0000,,,nem
2026.08.18 04:00,2026.08.18 05:00,39N050847787000J,000034800000031563,0.0000,0.0000,,,nem
2026.08.18 04:00,2026.08.18 05:00,39N0508480240000,000052700000909509,0.0000,0.0000,,,nem
2026.08.18 04:00,2026.08.18 05:00,39N050848355000U,000040300012215942,0.0000,0.0000,,,nem
2026.08.18 04:00,2026.08.18 05:00,39N0508490730004,000051303403563818,17.7000,17.3248,,,igen
2026.08.18 04:00,2026.08.18 05:00,39N050849323000D,K3SC04000000054,0.8000,3.1900,,,nem
2026.08.18 04:00,2026.08.18 05:00,39N050851794000U,K3SC07000006360,0.0000,0.0000,,,nem
2026.08.18 04:00,2026.08.18 05:00,39N050861247000Y,K3SC09000003821,0.0000,0.0000,,,nem
2026.08.18 04:00,2026.08.18 05:00,39N050866001000P,000000002246000036,0.0000,0.0000,,,nem
2026.08.18 04:00,2026.08.18 05:00,39N050875710000B,K3SC11000000578,0.0000,0.0000,,,nem
2026.08.18 04:00,2026.08.18 05:00,39N0508759240008,K3SC03401061101,0.0000,0.0000,,,nem
2026.08.18 04:00,2026.08.18 05:00,39N0508788210006,000053300004078461,0.0000,0.0000,,,nem
2026.08.18 04:00,2026.08.18 05:00,39N050879364000V,K02000016L28058,0.0000,0.0000,,,nem
2026.08.18 04:00,2026.08.18 05:00,39N0508813320003,000029900020519902,0.0000,0.0000,,,nem
2026.08.18 04:00,2026.08.18 05:00,39N050882973000Z,000040300009900172,0.0000,0.0000,,,nem
2026.08.18 04:00,2026.08.18 05:00,39N050890535000A,000000002146000441,0.0000,0.0000,,,nem
2026.08.18 04:00,2026.08.18 05:00,39N0508949570002,000027100005897971,0.0000,0.0000,,,nem
2026.08.18 04:00,2026.08.18 05:00,39N050896400000C,K3SC03400574253,0.0000,0.0000,,,nem
2026.08.18 04:00,2026.08.18 05:00,39N050896796000I,000027700001184418,0.0000,0.0000,,,igen
2026.08.18 04:00,2026.08.18 05:00,39N050898846000P,K3SC03400699737,0.0000,0.0000,,,nem
2026.08.18 04:00,2026.08.18 05:00,39N050913091000U,000027100005848490,0.0000,0.0000,,,nem
2026.08.18 04:00,2026.08.18 05:00,39N050915973000R,K3SC08000002025,0.0000,0.0000,,,nem
2026.08.18 04:00,2026.08.18 05:00,39N050916593000Z,K3SC03401169915,0.0000,0.0000,,,nem
2026.08.18 05:00,2026.08.18 06:00,39N0500091210005,000038200077158060,0.0000,0.0000,,,nem
2026.08.18 05:00,2026.08.18 06:00,39N050022609000H,000053300003307178,0.1000,0.1012,,,igen
2026.08.18 05:00,2026.08.18 06:00,39N050029731000D,000052600000914866,0.0000,0.0000,,,igen
2026.08.18 05:00,2026.08.18 06:00,39N050031988000Q,000052600000899454,0.0000,0.0000,,,nem
2026.08.18 05:00,2026.08.18 06:00,39N050032468000S,000052700000899362,0.0000,0.0000,,,nem
2026.08.18 05:00,2026.08.18 06:00,39N050033836000K,000027100005848245,0.0000,0.0000,,,nem
2026.08.18 05:00,2026.08.18 06:00,39N050034412000Z,000002600043780756,0.0000,0.0000,,,nem
2026.08.18 05:00,2026.08.18 06:00,39N050034412000Z,000052700000885403,6.2000,6.0686,,,nem
2026.08.18 05:00,2026.08.18 06:00,39N0500344350008,000046700000888615,0.0000,0.0000,,,nem
2026.08.18 05:00,2026.08.18 06:00,39N050034459000D,000040400014219775,0.0000,0.0000,,,nem
2026.08.18 05:00,2026.08.18 06:00,39N050042294000Z,000040400008209973,0.0000,0.0000,,,nem
2026.08.18 05:00,2026.08.18 06:00,39N050044030000F,000027000035197562,0.0000,0.0000,,,nem
2026.08.18 05:00,2026.08.18 06:00,39N050052498000T,SC05000004104,0.0000,0.0000,,,nem
2026.08.18 05:00,2026.08.18 06:00,39N050053842000G,K3SC03401169905,0.0000,0.0000,,,nem
2026.08.18 05:00,2026.08.18 06:00,39N0500617550009,000044500034101914,0.0100,0.0101,,,nem
2026.08.18 05:00,2026.08.18 06:00,39N0500617550009,K3SC03400699700,0.0000,0.0000,,,nem
2026.08.18 05:00,2026.08.18 06:00,39N050066949000F,000053400003290721,0.0000,0.0000,,,nem
2026.08.18 05:00,2026.08.18 06:00,39N050068660000G,000035500084243026,0.0000,0.0000,,,nem
2026.08.18 05:00,2026.08.18 06:00,39N050068660000G,000035500084243027,0.0000,0.0000,,,igen
2026.08.18 05:00,2026.08.18 06:00,39N050071512000G,000051303403398537,0.0100,0.0101,,,nem
2026.08.18 05:00,2026.08.18 06:00,39N050073737000N,000040400006201455,0.0000,0.0000,,,nem
2026.08.18 05:00,2026.08.18 06:00,39N050073762000U,000053400004078277,3.4000,3.4238,,,igen
2026.08.18 05:00,2026.08.18 06:00,39N050075194000S,000029200020524049,17.7000,18.0275,,,nem
2026.08.18 05:00,2026.08.18 06:00,39N0500755940000,000027000005950284,0.0000,0.0000,,,nem
2026.08.18 05:00,2026.08.18 06:00,39N0500755940000,000052600000886571,0.0000,0.0000,,,igen
2026.08.18 05:00,2026.08.18 06:00,39N050076850000F,000006201754704050,4.4000,4.3305,,,nem
2026.08.18 05:00,2026.08.18 06:00,39N050076850000F,000040300006201137,0.4000,0.3918,,,nem
2026.08.18 05:00,2026.08.18 06:00,39N050081322000F,000053400003290798,0.0000,0.0000,,,nem
2026.08.18 05:00,2026.08.18 06:00,39N050083908000D,000006202897801002,0.0000,0.0000,,,nem
2026.08.18 05:00,2026.08.18 06:00,39N050083908000D,000040300011213334,0.0000,0.0000,,,igen
2026.08.18 05:00,2026.08.18 06:00,39N050089206000O,000006203403563919,2.4000,2.4163,,,igen
2026.08.18 05:00,2026.08.18 06:00,39N050089206000O,000028700084091487,0.0000,0.0000,,,igen
2026.08.18 05:00,2026.08.18 06:00,39N050089342000D,000015608267713002,0.0000,0.0000,,,nem
2026.08.18 05:00,2026.08.18 06:00,39N050094459000X,000040400006201425,0.0000,0.0000,,,nem
2026.08.18 05:00,2026.08.18 06:00,39N050094490000H,000027100005894204,10.3000,9.9488,,,nem
2026.08.18 05:00,2026.08.18 06:00,39N050106941000P,000027100005848507,4.6000,4.4431,,,nem
2026.08.18 05:00,2026.08.18 06:00,39N0501191590002,000029200020517908,7.6000,7.5643,,,nem
2026.08.18 05:00,2026.08.18 06:00,39N050132558000H,000040400007204469,1.1000,1.0767,,,nem
2026.08.18 05:00,2026.08.18 06:00,39N050137387000F,000052600000900202,0.0000,0.0000,,,nem
2026.08.18 05:00,2026.08.18 06:00,39N050145410000I,000027100005848241,11.7000,11.4520,,,nem
2026.08.18 05:00,2026.08.18 06:00,39N050146207000W,000052700000899364,1.2000,1.2190,,,nem
2026.08.18 05:00,2026.08.18 06:00,39N050153206000F,K3SC06000007800,1.0000,0.9900,,,nem
2026.08.18 05:00,2026.08.18 06:00,39N0501601470008,000040300008206765,0.0000,0.0000,,,igen
2026.08.18 05:00,2026.08.18 06:00,39N0501601470008,000040300014219822,0.0000,0.0000,,,igen
2026.08.18 05:00,2026.08.18 06:00,39N050160341000O,000052700000899034,0.0000,0.0000,,,igen
2026.08.18 05:00,2026.08.18 06:00,39N0501618590009,000053400002726045,8.9000,8.7113,,,nem
2026.08.18 05:00,2026.08.18 06:00,39N050168020000Z,L01A625,4.0000,3.9836,,,igen
2026.08.18 05:00,2026.08.18 06:00,39N050176728000R,000040300012214339,0.0000,0.0000,,,nem
2026.08.18 05:00,2026.08.18 06:00,39N050176728000R,000053300003348438,0.0000,0.0000,,,nem
2026.08.18 05:00,2026.08.18 06:00,39N050177032000I,000053400003290719,0.0000,0.0000,,,nem
2026.08.18 05:00,2026.08.18 06:00,39N0501770340008,000053400002725990,0.4000,0.4032,,,nem
2026.08.18 05:00,2026.08.18 06:00,39N050180150000J,000000002246000217,0.8460,0.8570,,,nem
2026.08.18 05:00,2026.08.18 06:00,39N050197735000A,000053400003290744,0.0000,0.0000,,,nem
2026.08.18 05:00,2026.08.18 06:00,39N0502000520004,000029900020519904,0.0000,0.0000,,,igen
2026.08.18 05:00,2026.08.18 06:00,39N0502000520004,000053400003290731,0.5000,0.4783,,,nem
2026.08.18 05:00,2026.08.18 06:00,39N050207087000G,000033300005960021,1.8000,1.8124,,,nem
2026.08.18 05:00,2026.08.18 06:00,39N050207887000Y,000011100000109615,0.0000,0.0000,,,nem
2026.08.18 05:00,2026.08.18 06:00,39N050208125000A,000028700084091484,0.0000,0.0000,,,nem
2026.08.18 05:00,2026.08.18 06:00,39N050208128000W,000052600000896583,0.0000,0.0000,,,nem
2026.08.18 05:00,2026.08.18 06:00,39N050208164000S,000000002246000198,4.0000,4.3160,,,nem
2026.08.18 05:00,2026.08.18 06:00,39N050209187000U,000027000005926405,0.0000,0.0000,,,nem
2026.08.18 05:00,2026.08.18 06:00,39N0502109170005,000053400003708002,0.0000,0.0000,,,nem
2026.08.18 05:00,2026.08.18 06:00,39N0502109620000,000027100005894243,0.0000,0.0000,,,nem
2026.08.18 05:00,2026.08.18 06:00,39N050212788000U,000053600000897292,0.0000,0.0000,,,nem
2026.08.18 05:00,2026.08.18 06:00,39N050213910000G,000027100005898038,0.0000,0.0000,,,nem
2026.08.18 05:00,2026.08.18 06:00,39N050214190000G,K3SC03400699752,1.0300,3.6800,,,igen
2026.08.18 05:00,2026.08.18 06:00,39N050214638000E,K02000017L28861,0.0000,0.0000,,,igen
2026.08.18 05:00,2026.08.18 06:00,39N050214647000D,K3SC06000003455,0.0000,0.0000,,,nem
2026.08.18 05:00,2026.08.18 06:00,39N050214652000W,000008800043449669,0.0000,0.0000,,,igen
2026.08.18 05:00,2026.08.18 06:00,39N050214652000W,000027000005894200,0.0000,0.0000,,,nem
2026.08.18 05:00,2026.08.18 06:00,39N050214652000W,K3SC08000002012,0.0000,0.0000,,,nem
2026.08.18 05:00,2026.08.18 06:00,39N050214655000H,K3SC09000000230,0.1000,0.6000,,,nem
2026.08.18 05:00,2026.08.18 06:00,39N050214668000X,000000002246000235,0.0000,0.0000,,,nem
2026.08.18 05:00,2026.08.18 06:00,39N050214674000A,K3SC07000007598,0.0000,0.0000,,,nem
2026.08.18 05:00,2026.08.18 06:00,39N050214697000K,K3SC07000006334,0.0000,0.0000,,,nem
2026.08.18 05:00,2026.08.18 06:00,39N050214912000Z,K3SC07000001923,0.0000,0.0000,,,nem
2026.08.18 05:00,2026.08.18 06:00,39N050214941000M,EP07883,0.0000,0.0000,,,igen
2026.08.18 05:00,2026.08.18 06:00,39N050215930000P,K3SC06000002907,0.0000,0.0000,,,nem
2026.08.18 05:00,2026.08.18 06:00,39N050215938000M,K02000017L29066,0.0000,0.0000,,,igen
2026.08.18 05:00,2026.08.18 06:00,39N0502159430004,K3SC07000001954,0.0000,0.0000,,,nem
2026.08.18 05:00,2026.08.18 06:00,39N050215958000A,000000002246000117,0.0000,0.0000,,,nem
2026.08.18 05:00,2026.08.18 06:00,39N050215958000A,K02000017L29366,0.0000,0.0000,,,igen
2026.08.18 05:00,2026.08.18 06:00,39N050215987000Y,000040300012214341,0.0000,0.0000,,,nem
2026.08.18 05:00,2026.08.18 06:00,39N050215987000Y,K3SC04000000062,0.0000,0.0000,,,nem
2026.08.18 05:00,2026.08.18 06:00,39N050215987000Y,K3SC07000002663,0.0000,0.0000,,,nem
2026.08.18 05:00,2026.08.18 06:00,39N050215990000Q,000000002146000419,0.0000,0.0000,,,nem
2026.08.18 05:00,2026.08.18 06:00,39N050215990000Q,000000002246000261,0.0000,0.0000,,,igen
2026.08.18 05:00,2026.08.18 06:00,39N050215996000X,000000002246000205,0.0000,0.0000,,,igen
2026.08.18 05:00,2026.08.18 06:00,39N050215996000X,000044600000607648,0.0000,0.0000,,,nem
2026.08.18 05:00,2026.08.18 06:00,39N050215996000X,000044600000614795,0.0000,0.0000,,,nem
2026.08.18 05:00,2026.08.18 06:00,39N050216000000O,K3SC08000006643,0.0000,0.0000,,,igen
2026.08.18 05:00,2026.08.18 06:00,39N050216189000Z,K3SC09000000005,0.0000,0.0000,,,nem
2026.08.18 05:00,2026.08.18 06:00,39N050216319000Q,K3SC04000000788,0.0000,0.0000,,,nem
2026.08.18 05:00,2026.08.18 06:00,39N050217344000P,SC06000007846,52.0000,100.7600,,,nem
2026.08.18 05:00,2026.08.18 06:00,39N050217514000T,000000002246000191,4.0984,4.2660,,,igen
2026.08.18 05:00,2026.08.18 06:00,39N050217594000I,K02000017L28855,0.0000,0.0000,,,nem
2026.08.18 05:00,2026.08.18 06:00,39N0502177240009,000006209160519002,1.6000,1.6112,,,igen
2026.08.18 05:00,2026.08.18 06:00,39N0502177240009,000027700001201786,0.0000,0.0000,,,nem
2026.08.18 05:00,2026.08.18 06:00,39N0502177240009,K3SC08000001999,0.0000,0.0000,,,nem
2026.08.18 05:00,2026.08.18 06:00,39N0502177250004,000000002146000444,0.0000,0.0000,,,igen
2026.08.18 05:00,2026.08.18 06:00,39N0502177250004,000053200002511869,0.0000,0.0000,,,nem
2026.08.18 05:00,2026.08.18 06:00,39N050218554000Y,K02202146000431,0.0000,0.0000,,,nem
2026.08.18 05:00,2026.08.18 06:00,39N050218563000X,000000000001084616,0.0000,0.0000,,,nem
2026.08.18 05:00,2026.08.18 06:00,39N050218588000X,K3SC08000009353,0.1000,0.3400,,,nem
2026.08.18 05:00,2026.08.18 06:00,39N050218591000P,000008800043780320,0.0000,0.0000,,,nem
2026.08.18 05:00,2026.08.18 06:00,39N050218591000P,K02202146000387,0.0000,0.0000,,,nem
2026.08.18 05:00,2026.08.18 06:00,39N0502185960000,000045500001090171,0.0000,0.0000,,,igen
2026.08.18 05:00,2026.08.18 06:00,39N0502186000003,000000002246000034,0.0000,0.0000,,,igen
2026.08.18 05:00,2026.08.18 06:00,39N0502186000003,000044500026294967,0.0000,0.0000,,,nem
2026.08.18 05:00,2026.08.18 06:00,39N050218709000P,000000002146000433,0.0000,0.0000,,,igen
2026.08.18 05:00,2026.08.18 06:00,39N050218709000P,000027000005871862,0.0000,0.0000,,,nem
2026.08.18 05:00,2026.08.18 06:00,39N050219101000P,000053100006284304,0.0000,0.0000,,,nem
2026.08.18 05:00,2026.08.18 06:00,39N050219101000P,K11702446102256,0.0000,0.0000,,,nem
2026.08.18 05:00,2026.08.18 06:00,39N050219111000J,000053100006086023,0.0000,0.0000,,,nem
2026.08.18 05:00,2026.08.18 06:00,39N050219111000J,K3SC08000002002,0.0000,0.0000,,,nem
2026.08.18 05:00,2026.08.18 06:00,39N0502191220008,000000002146000405,0.0000,0.0000,,,nem
2026.08.18 05:00,2026.08.18 06:00,39N050219127000K,K02000018L30060,0.0000,0.0000,,,nem
2026.08.18 05:00,2026.08.18 06:00,39N050219144000N,K3SC07000001933,3.9000,3.8800,,,igen
2026.08.18 05:00,2026.08.18 06:00,39N050222615000B,K3SC08000002009,0.0000,0.0000,,,nem
2026.08.18 05:00,2026.08.18 06:00,39N050224132000X,000052600000885006,0.0000,0.0000,,,nem
2026.08.18 05:00,2026.08.18 06:00,39N050225228000V,000052600000887973,0.0000,0.0000,,,nem
2026.08.18 05:00,2026.08.18 06:00,39N050225361000Z,000028700084243212,0.0000,0.0000,,,nem
2026.08.18 05:00,2026.08.18 06:00,39N050225592000Z,K02000018L29674,0.0000,0.0000,,,nem
2026.08.18 05:00,2026.08.18 06:00,39N0502258590003,000053400004078297,2.5000,2.4048,,,nem
2026.08.18 05:00,2026.08.18 06:00,39N0502320940001,000053400002726024,0.0000,0.0000,,,igen
2026.08.18 05:00,2026.08.18 06:00,39N050233268000E,000040300013218204,0.0000,0.0000,,,nem
2026.08.18 05:00,2026.08.18 06:00,39N050233872000X,K3SC09000003822,0.0000,0.0000,,,nem
2026.08.18 05:00,2026.08.18 06:00,39N050235722000H,000000002246000065,1.0750,4.2500,,,nem
2026.08.18 05:00,2026.08.18 06:00,39N050235781000N,000000000000071480,0.0000,0.0000,,,nem
2026.08.18 05:00,2026.08.18 06:00,39N050236245000H,000006209160513005,0.5000,0.4810,,,nem
2026.08.18 05:00,2026.08.18 06:00,39N0502362660000,000027900020508134,0.0000,0.0000,,,igen
2026.08.18 05:00,2026.08.18 06:00,39N0502362660000,000040300011213597,0.0000,0.0000,,,nem
2026.08.18 05:00,2026.08.18 06:00,39N0502477110003,000052700000884957,0.8000,0.7695,,,nem
2026.08.18 05:00,2026.08.18 06:00,39N0502510990003,000019900016977384,0.1000,0.1008,,,igen
2026.08.18 05:00,2026.08.18 06:00,39N050251837000U,000040300007204770,0.0000,0.0000,,,nem
2026.08.18 05:00,2026.08.18 06:00,39N050252043000I,000027100005898029,0.4000,0.4206,,,nem
2026.08.18 05:00,2026.08.18 06:00,39N050252204000N,000006203229509031,3.8000,3.9239,,,nem
2026.08.18 05:00,2026.08.18 06:00,39N050253671000Y,000053400003708027,0.0000,0.0000,,,nem
2026.08.18 05:00,2026.08.18 06:00,39N050254055000N,000028700084243189,0.0000,0.0000,,,nem
2026.08.18 05:00,2026.08.18 06:00,39N0502542550009,000006203403563870,0.0000,0.0000,,,nem
2026.08.18 05:00,2026.08.18 06:00,39N050258835000L,000019900017022057,3.7000,3.7973,,,nem
2026.08.18 05:00,2026.08.18 06:00,39N050261616000F,000027100005848476,0.2000,0.2045,,,nem
2026.08.18 05:00,2026.08.18 06:00,39N050269363000V,000052700000884401,0.0000,0.0000,,,nem
2026.08.18 05:00,2026.08.18 06:00,39N050316475000U,000003300035201642,0.0000,0.0000,,,nem
2026.08.18 05:00,2026.08.18 06:00,39N050316475000U,000027000005848437,0.9000,0.9142,,,nem
2026.08.18 05:00,2026.08.18 06:00,39N0503424040008,000027100005870727,0.1000,0.0978,,,nem
2026.08.18 05:00,2026.08.18 06:00,39N0503439790009,000029200020502760,0.6000,0.5877,,,nem
2026.08.18 05:00,2026.08.18 06:00,39N050369436000H,000052700000889661,0.0000,0.0000,,,nem
2026.08.18 05:00,2026.08.18 06:00,39N050373639000R,000040300006202862,0.0000,0.0000,,,igen
2026.08.18 05:00,2026.08.18 06:00,39N050373666000O,000052700000887369,0.0000,0.0000,,,nem
2026.08.18 05:00,2026.08.18 06:00,39N050377940000D,000053400002719761,0.0000,0.0000,,,nem
2026.08.18 05:00,2026.08.18 06:00,39N050381165000Y,000000002246000284,4.0000,3.9810,,,nem
2026.08.18 05:00,2026.08.18 06:00,39N050385675000Z,000040400009210687,0.0000,0.0000,,,nem
2026.08.18 05:00,2026.08.18 06:00,39N050405255000Q,000029200020519053,0.0000,0.0000,,,igen
2026.08.18 05:00,2026.08.18 06:00,39N050414007000M,000029900020520529,3.1000,3.0343,,,nem
2026.08.18 05:00,2026.08.18 06:00,39N050414007000M,000040300011213341,0.0000,0.0000,,,nem
2026.08.18 05:00,2026.08.18 06:00,39N050415384000Y,000000002146000548,0.0000,0.0000,,,nem
2026.08.18 05:00,2026.08.18 06:00,39N050415384000Y,000053100004423834,0.0000,0.0000,,,nem
2026.08.18 05:00,2026.08.18 06:00,39N0504237770004,000028400084243416,0.0000,0.0000,,,nem
2026.08.18 05:00,2026.08.18 06:00,39N050433181000O,000000002246000180,0.0000,0.0000,,,igen
2026.08.18 05:00,2026.08.18 06:00,39N050445873000K,000053400002725979,0.0000,0.0000,,,igen
2026.08.18 05:00,2026.08.18 06:00,39N050450493000U,K3SCC0400000594,0.0000,0.0000,,,nem
2026.08.18 05:00,2026.08.18 06:00,39N0504550620004,000052600000887704,0.5000,0.4896,,,nem
2026.08.18 05:00,2026.08.18 06:00,39N050458746000Y,000027100005870754,0.0000,0.0000,,,nem
2026.08.18 05:00,2026.08.18 06:00,39N050458746000Y,000053300004228243,0.0000,0.0000,,,nem
2026.08.18 05:00,2026.08.18 06:00,39N050458746000Y,000053300006548960,0.0000,0.0000,,,nem
2026.08.18 05:00,2026.08.18 06:00,39N0504648650006,000052600000887402,0.0000,0.0000,,,nem
2026.08.18 05:00,2026.08.18 06:00,39N050471715000L,000029200020517911,0.0000,0.0000,,,nem
2026.08.18 05:00,2026.08.18 06:00,39N050483780000G,000027100005870759,0.0000,0.0000,,,igen
2026.08.18 05:00,2026.08.18 06:00,39N050484438000J,000052600000889209,3.1000,3.0324,,,nem
2026.08.18 05:00,2026.08.18 06:00,39N050485100000G,000040400014219743,0.0000,0.0000,,,nem
2026.08.18 05:00,2026.08.18 06:00,39N0504864890005,000053400003287118,0.0000,0.0000,,,nem
2026.08.18 05:00,2026.08.18 06:00,39N050510259000R,000027100005848322,0.0000,0.0000,,,nem
2026.08.18 05:00,2026.08.18 06:00,39N050515515000A,000052700000885935,0.0000,0.0000,,,igen
2026.08.18 05:00,2026.08.18 06:00,39N0505226180003,000011100000109610,0.0000,0.0000,,,igen
2026.08.18 05:00,2026.08.18 06:00,39N0505384670009,000027100005848294,1.0000,1.0158,,,nem
2026.08.18 05:00,2026.08.18 06:00,39N0505387730002,000052600000900177,0.0000,0.0000,,,igen
2026.08.18 05:00,2026.08.18 06:00,39N050548215000H,000053400002719801,1.7000,1.6652,,,nem
2026.08.18 05:00,2026.08.18 06:00,39N050548840000J,K3SC09000000010,3.4000,12.8900,,,nem
2026.08.18 05:00,2026.08.18 06:00,39N050552094000R,000029900020521702,0.0000,0.0000,,,nem
2026.08.18 05:00,2026.08.18 06:00,39N050553222000K,K3SC08000003475,0.5000,1.9400,,,nem
2026.08.18 05:00,2026.08.18 06:00,39N050553661000A,000034800000061526,9.0000,9.6390,,,nem
2026.08.18 05:00,2026.08.18 06:00,39N0505752100002,000052600000887553,0.0000,0.0000,,,igen
2026.08.18 05:00,2026.08.18 06:00,39N050576124000C,000034800000546505,10.1000,10.2555,,,nem
2026.08.18 05:00,2026.08.18 06:00,39N0505779810001,000006202897801013,0.0000,0.0000,,,nem
2026.08.18 05:00,2026.08.18 06:00,39N050583139000X,000053300004078348,0.0000,0.0000,,,nem
2026.08.18 05:00,2026.08.18 06:00,39N0505847100003,000053400002726046,0.0000,0.0000,,,nem
2026.08.18 05:00,2026.08.18 06:00,39N0505992060002,000053400003708023,5.2000,5.0866,,,nem
2026.08.18 05:00,2026.08.18 06:00,39N050603076000J,000051303403563786,3.4000,3.3259,,,nem
2026.08.18 05:00,2026.08.18 06:00,39N050607494000V,000038200077141480,0.0000,0.0000,,,nem
2026.08.18 05:00,2026.08.18 06:00,39N0506230230009,000053400003707928,0.0000,0.0000,,,nem
2026.08.18 05:00,2026.08.18 06:00,39N050626352000P,000034800000072507,7.1000,6.9452,,,nem
2026.08.18 05:00,2026.08.18 06:00,39N050626352000P,000053300002318656,0.0000,0.0000,,,nem
2026.08.18 05:00,2026.08.18 06:00,39N050627784000Z,000001300013013134,0.0000,0.0000,,,nem
2026.08.18 05:00,2026.08.18 06:00,39N050627784000Z,K3SC03402019428,0.0000,0.0000,,,nem
2026.08.18 05:00,2026.08.18 06:00,39N050635744000T,000051303403398549,9.8300,9.9814,,,nem
2026.08.18 05:00,2026.08.18 06:00,39N050636182000C,000040300014219987,0.0000,0.0000,,,nem
2026.08.18 05:00,2026.08.18 06:00,39N050636182000C,000053200006188793,0.0000,0.0000,,,nem
2026.08.18 05:00,2026.08.18 06:00,39N050636182000C,000053300004228213,0.0000,0.0000,,,nem
2026.08.18 05:00,2026.08.18 06:00,39N050642904000H,000053400002719822,1.0000,1.0118,,,nem
2026.08.18 05:00,2026.08.18 06:00,39N0506488920006,000038200077159774,10.1000,10.2192,,,igen
2026.08.18 05:00,2026.08.18 06:00,39N050655561000S,000027000005848448,0.0000,0.0000,,,igen
2026.08.18 05:00,2026.08.18 06:00,39N050655561000S,000027000005950344,0.0000,0.0000,,,nem
2026.08.18 05:00,2026.08.18 06:00,39N050655561000S,000040200008208469,0.0000,0.0000,,,nem
2026.08.18 05:00,2026.08.18 06:00,39N050673657000W,000029900020524037,4.7000,4.5975,,,igen
2026.08.18 05:00,2026.08.18 06:00,39N050690260000L,000051303403663324,6.6000,6.4647,,,nem
2026.08.18 05:00,2026.08.18 06:00,39N050708788000F,000027000005921259,6.6000,6.4060,,,igen
2026.08.18 05:00,2026.08.18 06:00,39N050720770000X,000040400012214791,0.0000,0.0000,,,nem
2026.08.18 05:00,2026.08.18 06:00,39N050740233000M,000052700000900251,0.0000,0.0000,,,nem
2026.08.18 05:00,2026.08.18 06:00,39N050744134000T,000052600000888120,0.1000,0.0978,,,igen
2026.08.18 05:00,2026.08.18 06:00,39N0507451030007,000000002246000087,0.0000,0.0000,,,nem
2026.08.18 05:00,2026.08.18 06:00,39N0507495580003,000000002246000226,0.0000,0.0000,,,nem
2026.08.18 05:00,2026.08.18 06:00,39N050750365000F,000044500028323170,0.0100,0.0102,,,nem
2026.08.18 05:00,2026.08.18 06:00,39N050750365000F,K3SC08000011520,0.0000,0.0000,,,nem
2026.08.18 05:00,2026.08.18 06:00,39N050750873000L,K02000018L29990,0.0000,0.0000,,,nem
2026.08.18 05:00,2026.08.18 06:00,39N050753398000W,000008800043780262,0.0000,0.0000,,,igen
2026.08.18 05:00,2026.08.18 06:00,39N050753398000W,000027000005848440,0.0000,0.0000,,,igen
2026.08.18 05:00,2026.08.18 06:00,39N050753398000W,000027000005950363,0.0000,0.0000,,,nem
2026.08.18 05:00,2026.08.18 06:00,39N050753398000W,000028700084243194,0.0000,0.0000,,,igen
2026.08.18 05:00,2026.08.18 06:00,39N050753839000S,000040300014219478,0.0000,0.0000,,,nem
2026.08.18 05:00,2026.08.18 06:00,39N050753876000J,000027000005848396,0.0000,0.0000,,,nem
2026.08.18 05:00,2026.08.18 06:00,39N050753876000J,000051303403563777,0.0000,0.0000,,,nem
2026.08.18 05:00,2026.08.18 06:00,39N050753876000J,000053300002728766,0.0000,0.0000,,,nem
2026.08.18 05:00,2026.08.18 06:00,39N050754012000C,K3SC03402019415,0.0000,0.0000,,,nem
2026.08.18 05:00,2026.08.18 06:00,39N050754015000Y,000027100005870748,0.0000,0.0000,,,nem
2026.08.18 05:00,2026.08.18 06:00,39N050754015000Y,K3SC03400984912,0.0000,0.0000,,,nem
2026.08.18 05:00,2026.08.18 06:00,39N050754578000M,000027100005848567,11.5000,11.6817,,,nem
2026.08.18 05:00,2026.08.18 06:00,39N050754578000M,000053300004228283,0.0000,0.0000,,,nem
2026.08.18 05:00,2026.08.18 06:00,39N050754578000M,000053400003290776,0.0000,0.0000,,,nem
2026.08.18 05:00,2026.08.18 06:00,39N050754716000H,000040300006200780,0.0000,0.0000,,,nem
2026.08.18 05:00,2026.08.18 06:00,39N050754716000H,K3SC04000000943,16.5000,17.4800,,,nem
2026.08.18 05:00,2026.08.18 06:00,39N050755929000B,SC07000007591,0.0000,0.0000,,,nem
2026.08.18 05:00,2026.08.18 06:00,39N050755997000G,000000002246000049,0.0900,0.0900,,,nem
2026.08.18 05:00,2026.08.18 06:00,39N050755997000G,000003500035198891,0.0000,0.0000,,,nem
2026.08.18 05:00,2026.08.18 06:00,39N0507569640004,000029200020511689,0.0000,0.0000,,,nem
2026.08.18 05:00,2026.08.18 06:00,39N050756996000D,K3SC08000006659,0.0000,0.0000,,,nem
2026.08.18 05:00,2026.08.18 06:00,39N050757163000K,K3SC08000005254,0.0000,0.0000,,,nem
2026.08.18 05:00,2026.08.18 06:00,39N050757415000J,000053400003290785,0.0000,0.0000,,,nem
2026.08.18 05:00,2026.08.18 06:00,39N050757415000J,K3SC09000000237,0.0000,0.0000,,,nem
2026.08.18 05:00,2026.08.18 06:00,39N050757439000O,000001300013505669,0.0000,0.0000,,,nem
2026.08.18 05:00,2026.08.18 06:00,39N050757439000O,000040300012216291,0.0000,0.0000,,,nem
2026.08.18 05:00,2026.08.18 06:00,39N050757439000O,000044500037979231,0.0000,0.0000,,,nem
2026.08.18 05:00,2026.08.18 06:00,39N050757439000O,K3SC08000002229,0.0000,0.0000,,,nem
2026.08.18 05:00,2026.08.18 06:00,39N050757450000K,000053400002719733,0.0000,0.0000,,,igen
2026.08.18 05:00,2026.08.18 06:00,39N050757450000K,K3SC03401169913,0.0000,0.0000,,,nem
2026.08.18 05:00,2026.08.18 06:00,39N050757472000Z,000000002246000059,0.0000,0.0000,,,nem
2026.08.18 05:00,2026.08.18 06:00,39N050757472000Z,000053400002719783,0.0000,0.0000,,,nem
2026.08.18 05:00,2026.08.18 06:00,39N050758923000H,000027900020522241,0.0000,0.0000,,,nem
2026.08.18 05:00,2026.08.18 06:00,39N050759606000R,K02202146000564,0.0000,0.0000,,,igen
2026.08.18 05:00,2026.08.18 06:00,39N0507599930004,000002800024149874,0.0000,0.0000,,,nem
2026.08.18 05:00,2026.08.18 06:00,39N0507599930004,SC07000001919,0.0000,0.0000,,,nem
2026.08.18 05:00,2026.08.18 06:00,39N050760458000R,000000002246000162,0.0000,0.0000,,,igen
2026.08.18 05:00,2026.08.18 06:00,39N050760458000R,000001300016230255,0.0000,0.0000,,,nem
2026.08.18 05:00,2026.08.18 06:00,39N050760709000V,K3SC03401061094,9.0000,60.2500,,,nem
2026.08.18 05:00,2026.08.18 06:00,39N050762038000E,K02202246000183,0.0000,0.0000,,,nem
2026.08.18 05:00,2026.08.18 06:00,39N050762094000Z,000033300005960005,0.0000,0.0000,,,nem
2026.08.18 05:00,2026.08.18 06:00,39N050762094000Z,K3SC03400723975,0.0000,0.0000,,,nem
2026.08.18 05:00,2026.08.18 06:00,39N050764763000U,000012000075117793,0.0000,0.0000,,,nem
2026.08.18 05:00,2026.08.18 06:00,39N050764763000U,000053100006730746,0.0000,0.0000,,,nem
2026.08.18 05:00,2026.08.18 06:00,39N050764763000U,K3SC09000000002,0.0000,0.0000,,,nem
2026.08.18 05:00,2026.08.18 06:00,39N050764779000V,000052100004064528,0.0000,0.0000,,,nem
2026.08.18 05:00,2026.08.18 06:00,39N050764779000V,K3SC03402019421,0.0000,0.0000,,,nem
2026.08.18 05:00,2026.08.18 06:00,39N050765037000W,K02000017L29370,0.0000,0.0000,,,igen
2026.08.18 05:00,2026.08.18 06:00,39N0507679070008,000000002146000466,0.0000,0.0000,,,nem
2026.08.18 05:00,2026.08.18 06:00,39N0507679070008,000040300007204577,0.1000,0.0979,,,nem
2026.08.18 05:00,2026.08.18 06:00,39N0507679070008,000040300014219638,0.0000,0.0000,,,nem
2026.08.18 05:00,2026.08.18 06:00,39N0507679070008,000053100004211708,0.0000,0.0000,,,nem
2026.08.18 05:00,2026.08.18 06:00,39N0507679070008,000053300004078695,0.0000,0.0000,,,nem
2026.08.18 05:00,2026.08.18 06:00,39N0507679070008,SC07000001932,0.0000,0.0000,,,nem
2026.08.18 05:00,2026.08.18 06:00,39N0507693140006,000000002246000115,0.0000,0.0000,,,nem
2026.08.18 05:00,2026.08.18 06:00,39N0507705100001,000029900020514285,0.0000,0.0000,,,nem
2026.08.18 05:00,2026.08.18 06:00,39N0507705100001,000051303403563760,0.0000,0.0000,,,nem
2026.08.18 05:00,2026.08.18 06:00,39N0507705100001,000052700000899611,0.0000,0.0000,,,nem
2026.08.18 05:00,2026.08.18 06:00,39N0507705100001,K3SC07000001924,0.0000,0.0000,,,nem
2026.08.18 05:00,2026.08.18 06:00,39N050771852000C,K3SC07000001832,0.0000,0.0000,,,igen
2026.08.18 05:00,2026.08.18 06:00,39N0507730720003,000053300004228387,0.0000,0.0000,,,nem
2026.08.18 05:00,2026.08.18 06:00,39N050773615000J,K3SC34000505359,0.0000,0.0000,,,nem
2026.08.18 05:00,2026.08.18 06:00,39N050773622000S,000053300004228493,0.0000,0.0000,,,nem
2026.08.18 05:00,2026.08.18 06:00,39N050773622000S,K3SC09000000250,0.0000,0.0000,,,nem
2026.08.18 05:00,2026.08.18 06:00,39N050773882000F,K3SC03402019413,0.0000,0.0000,,,nem
2026.08.18 05:00,2026.08.18 06:00,39N0507741940003,K02000018L29724,0.0000,0.0000,,,nem
2026.08.18 05:00,2026.08.18 06:00,39N050774244000Q,000044700031395811,3.2800,3.3305,,,nem
2026.08.18 05:00,2026.08.18 06:00,39N050774244000Q,K3SC03400699635,6.9000,26.4800,,,nem
2026.08.18 05:00,2026.08.18 06:00,39N0507742750003,000027900020519928,0.0000,0.0000,,,nem
2026.08.18 05:00,2026.08.18 06:00,39N050775645000M,000008800045007665,0.0000,0.0000,,,nem
2026.08.18 05:00,2026.08.18 06:00,39N050775645000M,000027900020502769,0.0000,0.0000,,,nem
2026.08.18 05:00,2026.08.18 06:00,39N050776264000Z,000027100005870779,1.1000,1.0760,,,nem
2026.08.18 05:00,2026.08.18 06:00,39N050776439000E,000001300023106173,0.0000,0.0000,,,nem
2026.08.18 05:00,2026.08.18 06:00,39N050776439000E,SC07000006370,0.0000,0.0000,,,nem
2026.08.18 05:00,2026.08.18 06:00,39N050776462000V,K02000017L29063,0.0000,0.0000,,,igen
2026.08.18 05:00,2026.08.18 06:00,39N0507772080006,000000002246000073,0.0000,0.0000,,,nem
2026.08.18 05:00,2026.08.18 06:00,39N050777442000Z,000002600043780817,0.3300,0.3352,,,nem
2026.08.18 05:00,2026.08.18 06:00,39N050777442000Z,K02000017L29055,0.0000,0.0000,,,nem
2026.08.18 05:00,2026.08.18 06:00,39N050777442000Z,K02202146000484,0.0000,0.0000,,,igen
2026.08.18 05:00,2026.08.18 06:00,39N050777482000B,000000002246000043,0.0000,0.0000,,,nem
2026.08.18 05:00,2026.08.18 06:00,39N050792697000P,000027000005848410,0.0000,0.0000,,,nem
2026.08.18 05:00,2026.08.18 06:00,39N050793035000V,000035500084243061,1.3000,1.3205,,,nem
2026.08.18 05:00,2026.08.18 06:00,39N050793035000V,000035500084243063,1.0000,1.0158,,,igen
2026.08.18 05:00,2026.08.18 06:00,39N0507981050002,000029200020524061,0.0000,0.0000,,,nem
2026.08.18 05:00,2026.08.18 06:00,39N050813036000E,000027100005897973,1.4000,1.3703,,,nem
2026.08.18 05:00,2026.08.18 06:00,39N050814444000J,000053300003306760,0.0000,0.0000,,,nem
2026.08.18 05:00,2026.08.18 06:00,39N050816644000Q,000052600000899462,9.9000,9.6842,,,nem
2026.08.18 05:00,2026.08.18 06:00,39N0508179760006,SC10000001096,2.3800,8.3300,,,nem
2026.08.18 05:00,2026.08.18 06:00,39N050818676000J,000040400014219207,0.0000,0.0000,,,nem
2026.08.18 05:00,2026.08.18 06:00,39N050820134000W,000053100004211197,0.0100,0.0102,,,nem
2026.08.18 05:00,2026.08.18 06:00,39N050820134000W,K3SC03402019414,0.0000,0.0000,,,nem
2026.08.18 05:00,2026.08.18 06:00,39N050820458000G,000052700000885406,23.2000,24.0306,,,nem
2026.08.18 05:00,2026.08.18 06:00,39N050822345000S,000052600000884385,0.0000,0.0000,,,nem
2026.08.18 05:00,2026.08.18 06:00,39N0508227020002,K3SC03401147239,0.0000,0.0000,,,nem
2026.08.18 05:00,2026.08.18 06:00,39N050831052000K,K3SC03401169907,0.0000,0.0000,,,nem
2026.08.18 05:00,2026.08.18 06:00,39N050831052000K,K3SC07000006344,0.0000,0.0000,,,nem
2026.08.18 05:00,2026.08.18 06:00,39N050831214000K,K3SC08000001061,0.0000,0.0000,,,nem
2026.08.18 05:00,2026.08.18 06:00,39N050831732000K,000000002246000171,0.0000,0.0000,,,nem
2026.08.18 05:00,2026.08.18 06:00,39N050831732000K,000000002246000297,0.0000,0.0000,,,nem
2026.08.18 05:00,2026.08.18 06:00,39N050832564000Z,K3SC08000002241,0.0000,0.0000,,,nem
2026.08.18 05:00,2026.08.18 06:00,39N050833827000F,K3SC03400699729,0.0000,0.0000,,,nem
2026.08.18 05:00,2026.08.18 06:00,39N050836149000I,K3SC03401414828,0.0000,0.0000,,,nem
2026.08.18 05:00,2026.08.18 06:00,39N050836830000K,000000003403233014,0.0000,0.0000,,,nem
2026.08.18 05:00,2026.08.18 06:00,39N050836979000I,000053400003290796,0.0000,0.0000,,,nem
2026.08.18 05:00,2026.08.18 06:00,39N0508398450002,K3SC08000002237,0.0000,0.0000,,,nem
2026.08.18 05:00,2026.08.18 06:00,39N050841968000N,SC11000000589,0.0000,0.0000,,,nem
2026.08.18 05:00,2026.08.18 06:00,39N050843706000U,000053300004078513,0.0000,0.0000,,,nem
2026.08.18 05:00,2026.08.18 06:00,39N050844930000K,000052600000914889,0.2000,0.1959,,,nem
2026.08.18 05:00,2026.08.18 06:00,39N050847541000D,K3SC09000000240,0.0000,0.0000,,,nem
2026.08.18 05:00,2026.08.18 06:00,39N050847787000J,000034800000031563,0.0000,0.0000,,,nem
2026.08.18 05:00,2026.08.18 06:00,39N0508480240000,000052700000909509,0.0000,0.0000,,,nem
2026.08.18 05:00,2026.08.18 06:00,39N050848355000U,000040300012215942,0.0000,0.0000,,,nem
2026.08.18 05:00,2026.08.18 06:00,39N0508490730004,000051303403563818,17.7000,17.3248,,,igen
2026.08.18 05:00,2026.08.18 06:00,39N050849323000D,K3SC04000000054,0.6000,2.3800,,,nem
2026.08.18 05:00,2026.08.18 06:00,39N050851794000U,K3SC07000006360,0.0000,0.0000,,,nem
2026.08.18 05:00,2026.08.18 06:00,39N050861247000Y,K3SC09000003821,8.5000,28.0300,,,nem
2026.08.18 05:00,2026.08.18 06:00,39N050866001000P,000000002246000036,0.0000,0.0000,,,nem
2026.08.18 05:00,2026.08.18 06:00,39N050875710000B,K3SC11000000578,0.0000,0.0000,,,nem
2026.08.18 05:00,2026.08.18 06:00,39N0508759240008,K3SC03401061101,0.0000,0.0000,,,nem
2026.08.18 05:00,2026.08.18 06:00,39N0508788210006,000053300004078461,0.0000,0.0000,,,nem
2026.08.18 05:00,2026.08.18 06:00,39N050879364000V,K02000016L28058,0.0000,0.0000,,,nem
2026.08.18 05:00,2026.08.18 06:00,39N0508813320003,000029900020519902,0.0000,0.0000,,,nem
2026.08.18 05:00,2026.08.18 06:00,39N050882973000Z,000040300009900172,2.1000,2.0555,,,nem
2026.08.18 05:00,2026.08.18 06:00,39N050890535000A,000000002146000441,0.0000,0.0000,,,igen
2026.08.18 05:00,2026.08.18 06:00,39N0508949570002,000027100005897971,0.0000,0.0000,,,nem
2026.08.18 05:00,2026.08.18 06:00,39N050896400000C,K3SC03400574253,0.0000,0.0000,,,nem
2026.08.18 05:00,2026.08.18 06:00,39N050896796000I,000027700001184418,0.0000,0.0000,,,igen
2026.08.18 05:00,2026.08.18 06:00,39N050898846000P,K3SC03400699737,0.0000,0.0000,,,nem
2026.08.18 05:00,2026.08.18 06:00,39N050913091000U,000027100005848490,0.0000,0.0000,,,nem
2026.08.18 05:00,2026.08.18 06:00,39N050915973000R,K3SC08000002025,0.0000,0.0000,,,nem
2026.08.18 05:00,2026.08.18 06:00,39N050916593000Z,K3SC03401169915,0.0000,0.0000,,,igen
