Gáznap -tól,Gáznap -ig,POD,Gyáriszám,Üzemi fogyasztás,Korrigált fogyasztás,Üzemi mérőállás,Korrigált mérőállás,Adatpótlás
2026.08.17 06:00,2026.08.17 07:00,39N060000175000F,000011200000338683,0.0000,0.0000,46251,,nem
2026.08.17 06:00,2026.08.17 07:00,39N060001073000O,000000000006139414,0.3000,0.2881,79315,,nem
2026.08.17 06:00,2026.08.17 07:00,39N060001129000H,000017000001023298,21.8000,20.9324,27327,,nem
2026.08.17 06:00,2026.08.17 07:00,39N060005807000W,000011200000127418,0.0000,0.0000,113612,,nem
2026.08.17 06:00,2026.08.17 07:00,39N060005816000V,000017000009949791,0.0000,0.0000,76933,,nem
2026.08.17 06:00,2026.08.17 07:00,39N060005888000G,000011200000338692,0.0000,0.0000,25937,,nem
2026.08.17 06:00,2026.08.17 07:00,39N060005917000J,000006203403494571,2.6000,2.5243,76852,,nem
2026.08.17 06:00,2026.08.17 07:00,39N0600059220001,000028300000546980,0.4000,0.3799,160687,,nem
2026.08.17 06:00,2026.08.17 07:00,39N060005935000H,000000000000338639,1.8000,1.7476,513441,,nem
2026.08.17 06:00,2026.08.17 07:00,39N060005969000G,000000000021600969,0.0000,0.0000,21584,,nem
2026.08.17 06:00,2026.08.17 07:00,39N0600059720008,000011200009929313,0.0000,0.0000,117323,,nem
2026.08.17 06:00,2026.08.17 07:00,39N0600061150003,SC07000002018,0.0000,0.0000,880067,893511,nem
2026.08.17 06:00,2026.08.17 07:00,39N060006119000K,K114000009/2025,0.0000,0.0000,57842,59333,nem
2026.08.17 06:00,2026.08.17 07:00,39N0600061830008,K10300002009/14,3.1240,3.0000,,388137,nem
2026.08.17 06:00,2026.08.17 07:00,39N060006194000Y,K11200002014/40,7.5480,11.0000,,535680,nem
2026.08.17 06:00,2026.08.17 07:00,39N060006457000M,K3SC03403923059,0.0000,0.0000,432752,425838,nem
2026.08.17 06:00,2026.08.17 07:00,39N0600064860009,K3SC03403701666,0.0000,0.0000,13171,13789,nem
2026.08.17 06:00,2026.08.17 07:00,39N060006533000A,000011200000050026,2.0000,1.9418,105559,,nem
2026.08.17 06:00,2026.08.17 07:00,39N060008259000A,000011100000109546,0.0000,0.0000,3,,nem
2026.08.17 06:00,2026.08.17 07:00,39N060008259000A,000033100035200420,0.0000,0.0000,1,,nem
2026.08.17 06:00,2026.08.17 07:00,39N0600182680000,000028300000522181,0.0000,0.0000,13235,,nem
2026.08.17 06:00,2026.08.17 07:00,39N0600416330007,000003800032476907,0.0000,0.0000,12862,,igen
2026.08.17 06:00,2026.08.17 07:00,39N060056860000F,000052600000920561,0.6000,0.5825,42665,,nem
2026.08.17 06:00,2026.08.17 07:00,39N060735330000O,000000000029004173,0.3000,0.2849,95421,,nem
2026.08.17 06:00,2026.08.17 07:00,39N060735731000S,000051303403421788,0.0000,0.0000,124770,,nem
2026.08.17 06:00,2026.08.17 07:00,39N060735761000A,000052600000920734,0.0000,0.0000,31020,,nem
2026.08.17 06:00,2026.08.17 07:00,39N060735799000Q,000052600000922844,0.0000,0.0000,61316,,nem
2026.08.17 06:00,2026.08.17 07:00,39N0607556590002,000051900015179178,4.4000,4.2720,159510,,nem
2026.08.17 06:00,2026.08.17 07:00,39N060760989000V,000000003401922868,3.8800,14.6819,50092,,nem
2026.08.17 06:00,2026.08.17 07:00,39N060760989000V,000051400032414003,0.1200,0.1216,4882,,nem
2026.08.17 06:00,2026.08.17 07:00,39N060781564000X,000033900035704540,0.0000,0.0000,48390,,nem
2026.08.17 06:00,2026.08.17 07:00,39N060796913000S,000052600000924363,2.5000,2.3743,69392,,nem
2026.08.17 06:00,2026.08.17 07:00,39N060800931000Y,000000000033799349,0.0000,0.0000,14037,,nem
2026.08.17 06:00,2026.08.17 07:00,39N060800984000Q,000017000001120640,0.0000,0.0000,529,,nem
2026.08.17 06:00,2026.08.17 07:00,39N060801557000C,000036100006146062,0.0000,0.0000,18228,,nem
2026.08.17 06:00,2026.08.17 07:00,39N060801582000J,000033900028664638,0.0000,0.0000,2504,,nem
2026.08.17 06:00,2026.08.17 07:00,39N060802666000X,000000000006139331,3.0000,2.9127,82604,,nem
2026.08.17 06:00,2026.08.17 07:00,39N060803151000H,000017000000034192,1.4000,1.3593,73965,,nem
2026.08.17 06:00,2026.08.17 07:00,39N060804167000A,000006201754706015,0.0000,0.0000,48611,,nem
2026.08.17 06:00,2026.08.17 07:00,39N060813408000J,000028400084254045,0.0000,0.0000,2961,,nem
2026.08.17 06:00,2026.08.17 07:00,39N0608168850008,000033900035704532,0.9000,0.8738,24364,,nem
2026.08.17 06:00,2026.08.17 07:00,39N060828512000O,K11602346105795,3.0000,3.1300,181881,201461,nem
2026.08.17 06:00,2026.08.17 07:00,39N060850045000Q,000017000000338654,3.5000,3.3607,73704,,nem
2026.08.17 06:00,2026.08.17 07:00,39N060850088000O,000000000027360225,1.9000,1.8244,143174,,nem
2026.08.17 06:00,2026.08.17 07:00,39N060851079000H,000016100500642248,0.0000,0.0000,673,,nem
2026.08.17 06:00,2026.08.17 07:00,39N060851079000H,000016101400950739,0.0000,0.0000,1154,,nem
2026.08.17 06:00,2026.08.17 07:00,39N060851079000H,000016101501060302,0.0000,0.0000,982,,nem
2026.08.17 06:00,2026.08.17 07:00,39N060851079000H,000033900028664722,0.0000,0.0000,14039,,nem
2026.08.17 06:00,2026.08.17 07:00,39N060851838000R,000033900028664566,0.0000,0.0000,26770,,nem
2026.08.17 06:00,2026.08.17 07:00,39N060852035000G,000000000005856541,0.0000,0.0000,56867,,nem
2026.08.17 06:00,2026.08.17 07:00,39N060852647000W,000000000000099523,1.4000,1.3593,72492,,nem
2026.08.17 06:00,2026.08.17 07:00,39N060854045000V,000036100035199036,0.0000,0.0000,32359,,nem
2026.08.17 06:00,2026.08.17 07:00,39N060855999000L,000035500084242956,0.0000,0.0000,4504,,igen
2026.08.17 06:00,2026.08.17 07:00,39N060878229000X,000003800029004033,0.0000,0.0000,4222,,nem
2026.08.17 06:00,2026.08.17 07:00,39N0609041660005,000003400035704397,0.6000,0.5761,7846,,nem
2026.08.17 06:00,2026.08.17 07:00,39N0609041660005,000006203403494604,0.8000,0.7682,181070,,nem
2026.08.17 06:00,2026.08.17 07:00,39N060905244000C,000000000005856271,0.0000,0.0000,81190,,nem
2026.08.17 06:00,2026.08.17 07:00,39N060907248000D,000028300000222218,0.0000,0.0000,34693,,nem
2026.08.17 06:00,2026.08.17 07:00,39N060909163000H,000017000000323118,1.6000,1.5195,210741,,nem
2026.08.17 06:00,2026.08.17 07:00,39N060909635000R,000011200000939880,0.0000,0.0000,71,,nem
2026.08.17 06:00,2026.08.17 07:00,39N060909668000V,000003400029573718,0.0000,0.0000,5773,,nem
2026.08.17 06:00,2026.08.17 07:00,39N060909668000V,000028300000921860,0.0000,0.0000,33583,,nem
2026.08.17 06:00,2026.08.17 07:00,39N060910399000I,000000000015179098,0.0000,0.0000,220138,,nem
2026.08.17 06:00,2026.08.17 07:00,39N0609576930009,000036100035199133,0.0000,0.0000,12437,,nem
2026.08.17 06:00,2026.08.17 07:00,39N060957708000V,000016101400945632,0.0000,0.0000,127,,nem
2026.08.17 06:00,2026.08.17 07:00,39N060957708000V,000035200035201443,0.0000,0.0000,452,,nem
2026.08.17 06:00,2026.08.17 07:00,39N0609591810007,000017000000228833,0.0000,0.0000,52122,,nem
2026.08.17 06:00,2026.08.17 07:00,39N060959331000N,000028300000921876,0.0000,0.0000,62605,,nem
2026.08.17 06:00,2026.08.17 07:00,39N060959437000N,000011200001120693,0.0000,0.0000,44928,,nem
2026.08.17 06:00,2026.08.17 07:00,39N060959695000K,000011100000116018,7.9000,7.5856,16462,,nem
2026.08.17 06:00,2026.08.17 07:00,39N060960379000M,000033100035200070,1.5000,1.4564,2414,,nem
2026.08.17 06:00,2026.08.17 07:00,39N060960379000M,000035200035199870,1.7000,1.6505,108908,,nem
2026.08.17 06:00,2026.08.17 07:00,39N060961173000L,000000000035201061,0.0000,0.0000,80133,,nem
2026.08.17 06:00,2026.08.17 07:00,39N060961591000S,K3SC08000002382,0.0000,0.0000,338360,459233,nem
2026.08.17 06:00,2026.08.17 07:00,39N060963554000L,000000000015081701,2.3000,2.2331,203675,,nem
2026.08.17 06:00,2026.08.17 07:00,39N060972518000O,000052600000920115,0.6000,0.5825,64847,,nem
2026.08.17 06:00,2026.08.17 07:00,39N0610083130009,000036100035199130,0.0000,0.0000,5314,,nem
2026.08.17 06:00,2026.08.17 07:00,39N061011000000O,000017000000921883,0.0000,0.0000,24,,nem
2026.08.17 06:00,2026.08.17 07:00,39N061011943000X,K3SC08000001974,4.0000,4.2090,44442,49701,nem
2026.08.17 06:00,2026.08.17 07:00,39N061014839000T,000011500000109645,0.5000,0.6102,92788,,nem
2026.08.17 06:00,2026.08.17 07:00,39N061030420000B,000028400084254048,0.0000,0.0000,6555,,nem
2026.08.17 06:00,2026.08.17 07:00,39N061033384000C,000000000035817692,0.0000,0.0000,0,,nem
2026.08.17 06:00,2026.08.17 07:00,39N061033384000C,000017000000921900,0.0000,0.0000,1095,,nem
2026.08.17 06:00,2026.08.17 07:00,39N0610340960009,000033900029004124,0.5000,0.4855,24702,,nem
2026.08.17 06:00,2026.08.17 07:00,39N061059787000E,000004200032394437,0.0000,0.0000,0,,nem
2026.08.17 06:00,2026.08.17 07:00,39N061059787000E,000017000009716405,0.0000,0.0000,76584,,nem
2026.08.17 06:00,2026.08.17 07:00,39N0610610180007,000000000035201000,9.6000,9.3206,430004,,nem
2026.08.17 06:00,2026.08.17 07:00,39N061061836000N,000000000700710745,0.0000,0.0000,95925,,nem
2026.08.17 06:00,2026.08.17 07:00,39N061061836000N,000016101501053013,0.0000,0.0000,0,,nem
2026.08.17 06:00,2026.08.17 07:00,39N061061836000N,000033900028664501,0.0000,0.0000,4527,,nem
2026.08.17 06:00,2026.08.17 07:00,39N061061836000N,000054902500064724,0.0000,0.0000,0,,nem
2026.08.17 06:00,2026.08.17 07:00,39N061063215000T,000006203403494595,0.0000,0.0000,35595,,nem
2026.08.17 06:00,2026.08.17 07:00,39N0610634430007,K11602346105776,1.0000,1.0500,8275,9144,nem
2026.08.17 06:00,2026.08.17 07:00,39N061064322000N,000017000000921927,0.0000,0.0000,32939,,nem
2026.08.17 06:00,2026.08.17 07:00,39N061065010000F,000016101300872121,0.0600,0.0583,3521,,nem
2026.08.17 06:00,2026.08.17 07:00,39N061065010000F,000052600000922077,5.6000,5.4370,90636,,nem
2026.08.17 06:00,2026.08.17 07:00,39N0610655730003,000033900029004198,0.0000,0.0000,40468,,nem
2026.08.17 06:00,2026.08.17 07:00,39N0610658850003,000036100006146191,3.6000,3.4952,47054,,nem
2026.08.17 06:00,2026.08.17 07:00,39N061111992000Z,000003400035704393,0.0000,0.0000,5,,nem
2026.08.17 06:00,2026.08.17 07:00,39N061111992000Z,000036100006146095,0.7000,0.6796,39616,,nem
2026.08.17 06:00,2026.08.17 07:00,39N0611124530007,000003600005856462,0.0000,0.0000,1,,nem
2026.08.17 06:00,2026.08.17 07:00,39N061113689000B,000000000005856294,0.0000,0.0000,30158,,igen
2026.08.17 06:00,2026.08.17 07:00,39N0611137880009,000000003404319296,0.9000,0.8738,106418,,nem
2026.08.17 06:00,2026.08.17 07:00,39N061114589000A,000006203404220198,1.1000,1.0680,624,,nem
2026.08.17 06:00,2026.08.17 07:00,39N061116064000T,000028300000821328,0.0000,0.0000,12496,,nem
2026.08.17 06:00,2026.08.17 07:00,39N0611165530005,000000003404271788,0.0000,0.0000,3,,nem
2026.08.17 06:00,2026.08.17 07:00,39N0611165530005,000028300021600966,0.0000,0.0000,24,,nem
2026.08.17 06:00,2026.08.17 07:00,39N061117137000H,000000000033998448,0.0000,0.0000,211,,nem
2026.08.17 06:00,2026.08.17 07:00,39N061117137000H,000037300035198695,0.0000,0.0000,96487,,nem
2026.08.17 06:00,2026.08.17 07:00,39N061128059000M,000017000000338640,0.0000,0.0000,26736,,nem
2026.08.17 06:00,2026.08.17 07:00,39N061163033000V,000000003404271784,2.8900,2.8059,216545,,nem
2026.08.17 06:00,2026.08.17 07:00,39N061164713000N,000016101400945331,0.0000,0.0000,0,,nem
2026.08.17 06:00,2026.08.17 07:00,39N061164713000N,000017000000323144,0.0000,0.0000,99788,,nem
2026.08.17 06:00,2026.08.17 07:00,39N061165614000H,000028300001120580,5.1000,4.9516,70154,,nem
2026.08.17 06:00,2026.08.17 07:00,39N061166511000V,000028300001023276,0.0000,0.0000,6542,,nem
2026.08.17 06:00,2026.08.17 07:00,39N0611670050007,000003400031280543,0.0000,0.0000,90,,nem
2026.08.17 06:00,2026.08.17 07:00,39N0611670050007,000051900015179291,0.0000,0.0000,9166,,nem
2026.08.17 06:00,2026.08.17 07:00,39N061167618000I,000011100000109538,0.0000,0.0000,37625,,nem
2026.08.17 06:00,2026.08.17 07:00,39N061168462000O,000000000021600956,0.0000,0.0000,81613,,nem
2026.08.17 06:00,2026.08.17 07:00,39N061168462000O,000016101501052057,0.0000,0.0000,498,,nem
2026.08.17 06:00,2026.08.17 07:00,39N061177126000B,000003800033998439,0.7000,0.7015,60704,,nem
2026.08.17 06:00,2026.08.17 07:00,39N061177126000B,000016101400941206,0.0000,0.0000,9698,,nem
2026.08.17 06:00,2026.08.17 07:00,39N061177520000D,000000001701120781,0.0100,0.0096,17330,,nem
2026.08.17 06:00,2026.08.17 07:00,39N061177520000D,000011500000109643,1.7000,1.6323,48627,,nem
2026.08.17 06:00,2026.08.17 07:00,39N061177520000D,000035200035199236,0.2000,0.1920,1414,,nem
2026.08.17 06:00,2026.08.17 07:00,39N0613073350002,K3SC08000001972,1.0000,0.9850,85281,87224,igen
2026.08.17 06:00,2026.08.17 07:00,39N061422451000F,000000000006139400,1.5000,1.4403,94745,,nem
2026.08.17 06:00,2026.08.17 07:00,39N061426021000T,000000000000732191,0.0000,0.0000,46299,,nem
2026.08.17 06:00,2026.08.17 07:00,39N061429480000K,000017000000323128,0.0000,0.0000,94074,,nem
2026.08.17 06:00,2026.08.17 07:00,39N0614301610000,000028300021600959,1.1000,1.0562,55966,,nem
2026.08.17 06:00,2026.08.17 07:00,39N061432774000W,000000003404319313,0.2000,0.1942,166400,,nem
2026.08.17 06:00,2026.08.17 07:00,39N061434278000V,000000000027360271,2.7000,2.6214,73001,,nem
2026.08.17 06:00,2026.08.17 07:00,39N0614360320009,000003400028663807,0.0000,0.0000,10977,,nem
2026.08.17 06:00,2026.08.17 07:00,39N0614360330004,000003400029003972,0.0000,0.0000,2467,,nem
2026.08.17 06:00,2026.08.17 07:00,39N061436035000V,000003400028663901,0.0000,0.0000,6,,nem
2026.08.17 06:00,2026.08.17 07:00,39N0614385900006,000003400028663783,0.0000,0.0000,4456,,nem
2026.08.17 06:00,2026.08.17 07:00,39N061442443000U,000036100006146087,0.0000,0.0000,45261,,nem
2026.08.17 07:00,2026.08.17 08:00,39N060000175000F,000011200000338683,0.0000,0.0000,,,nem
2026.08.17 07:00,2026.08.17 08:00,39N060001073000O,000000000006139414,8.1000,7.7776,,,nem
2026.08.17 07:00,2026.08.17 08:00,39N060001129000H,000017000001023298,36.3000,34.8553,,,nem
2026.08.17 07:00,2026.08.17 08:00,39N060005807000W,000011200000127418,0.0000,0.0000,,,nem
2026.08.17 07:00,2026.08.17 08:00,39N060005816000V,000017000009949791,0.0000,0.0000,,,nem
2026.08.17 07:00,2026.08.17 08:00,39N060005888000G,000011200000338692,0.0000,0.0000,,,nem
2026.08.17 07:00,2026.08.17 08:00,39N060005917000J,000006203403494571,2.6000,2.5243,,,nem
2026.08.17 07:00,2026.08.17 08:00,39N0600059220001,000028300000546980,0.3000,0.2849,,,nem
2026.08.17 07:00,2026.08.17 08:00,39N060005935000H,000000000000338639,2.1000,2.0389,,,nem
2026.08.17 07:00,2026.08.17 08:00,39N060005969000G,000000000021600969,0.0000,0.0000,,,nem
2026.08.17 07:00,2026.08.17 08:00,39N0600059720008,000011200009929313,0.0000,0.0000,,,nem
2026.08.17 07:00,2026.08.17 08:00,39N0600061150003,SC07000002018,0.0000,0.0000,,,nem
2026.08.17 07:00,2026.08.17 08:00,39N060006119000K,K114000009/2025,0.0000,0.0000,,,nem
2026.08.17 07:00,2026.08.17 08:00,39N0600061830008,K10300002009/14,5.2100,5.0000,,,nem
2026.08.17 07:00,2026.08.17 08:00,39N060006194000Y,K11200002014/40,8.2440,12.0000,,,nem
2026.08.17 07:00,2026.08.17 08:00,39N060006457000M,K3SC03403923059,0.0000,0.0000,,,nem
2026.08.17 07:00,2026.08.17 08:00,39N0600064860009,K3SC03403701666,0.0000,0.0000,,,nem
2026.08.17 07:00,2026.08.17 08:00,39N060006533000A,000011200000050026,2.0000,1.9418,,,nem
2026.08.17 07:00,2026.08.17 08:00,39N060008259000A,000011100000109546,0.0000,0.0000,,,nem
2026.08.17 07:00,2026.08.17 08:00,39N060008259000A,000033100035200420,0.0000,0.0000,,,nem
2026.08.17 07:00,2026.08.17 08:00,39N0600182680000,000028300000522181,0.0000,0.0000,,,nem
2026.08.17 07:00,2026.08.17 08:00,39N0600416330007,000003800032476907,0.0000,0.0000,,,igen
2026.08.17 07:00,2026.08.17 08:00,39N060056860000F,000052600000920561,0.0000,0.0000,,,nem
2026.08.17 07:00,2026.08.17 08:00,39N060735330000O,000000000029004173,3.2000,3.0390,,,nem
2026.08.17 07:00,2026.08.17 08:00,39N060735731000S,000051303403421788,0.0000,0.0000,,,nem
2026.08.17 07:00,2026.08.17 08:00,39N060735761000A,000052600000920734,0.0000,0.0000,,,nem
2026.08.17 07:00,2026.08.17 08:00,39N060735799000Q,000052600000922844,0.0000,0.0000,,,nem
2026.08.17 07:00,2026.08.17 08:00,39N0607556590002,000051900015179178,6.5000,6.3109,,,nem
2026.08.17 07:00,2026.08.17 08:00,39N060760989000V,000000003401922868,0.0000,0.0000,,,nem
2026.08.17 07:00,2026.08.17 08:00,39N060760989000V,000051400032414003,0.1100,0.1115,,,nem
2026.08.17 07:00,2026.08.17 08:00,39N060781564000X,000033900035704540,0.0000,0.0000,,,nem
2026.08.17 07:00,2026.08.17 08:00,39N060796913000S,000052600000924363,6.5000,6.1731,,,nem
2026.08.17 07:00,2026.08.17 08:00,39N060800931000Y,000000000033799349,0.0000,0.0000,,,nem
2026.08.17 07:00,2026.08.17 08:00,39N060800984000Q,000017000001120640,0.0000,0.0000,,,nem
2026.08.17 07:00,2026.08.17 08:00,39N060801557000C,000036100006146062,0.0000,0.0000,,,nem
2026.08.17 07:00,2026.08.17 08:00,39N060801582000J,000033900028664638,0.3000,0.2913,,,nem
2026.08.17 07:00,2026.08.17 08:00,39N060802666000X,000000000006139331,1.0000,0.9709,,,nem
2026.08.17 07:00,2026.08.17 08:00,39N060803151000H,000017000000034192,0.6000,0.5825,,,nem
2026.08.17 07:00,2026.08.17 08:00,39N060804167000A,000006201754706015,1.0000,1.0312,,,nem
2026.08.17 07:00,2026.08.17 08:00,39N060813408000J,000028400084254045,0.1000,0.0957,,,nem
2026.08.17 07:00,2026.08.17 08:00,39N0608168850008,000033900035704532,0.0000,0.0000,,,nem
2026.08.17 07:00,2026.08.17 08:00,39N060828512000O,K11602346105795,1.0000,1.0500,,,nem
2026.08.17 07:00,2026.08.17 08:00,39N060850045000Q,000017000000338654,3.5000,3.3607,,,igen
2026.08.17 07:00,2026.08.17 08:00,39N060850088000O,000000000027360225,0.4000,0.3841,,,nem
2026.08.17 07:00,2026.08.17 08:00,39N060851079000H,000016100500642248,0.0000,0.0000,,,nem
2026.08.17 07:00,2026.08.17 08:00,39N060851079000H,000016101400950739,0.0000,0.0000,,,nem
2026.08.17 07:00,2026.08.17 08:00,39N060851079000H,000016101501060302,0.0000,0.0000,,,nem
2026.08.17 07:00,2026.08.17 08:00,39N060851079000H,000033900028664722,0.0000,0.0000,,,nem
2026.08.17 07:00,2026.08.17 08:00,39N060851838000R,000033900028664566,0.0000,0.0000,,,nem
2026.08.17 07:00,2026.08.17 08:00,39N060852035000G,000000000005856541,0.0000,0.0000,,,nem
2026.08.17 07:00,2026.08.17 08:00,39N060852647000W,000000000000099523,0.7000,0.6796,,,nem
2026.08.17 07:00,2026.08.17 08:00,39N060854045000V,000036100035199036,0.7000,0.6796,,,nem
2026.08.17 07:00,2026.08.17 08:00,39N060855999000L,000035500084242956,0.0000,0.0000,,,igen
2026.08.17 07:00,2026.08.17 08:00,39N060878229000X,000003800029004033,0.0000,0.0000,,,igen
2026.08.17 07:00,2026.08.17 08:00,39N0609041660005,000003400035704397,1.7000,1.6323,,,nem
2026.08.17 07:00,2026.08.17 08:00,39N0609041660005,000006203403494604,0.8000,0.7682,,,nem
2026.08.17 07:00,2026.08.17 08:00,39N060905244000C,000000000005856271,0.0000,0.0000,,,nem
2026.08.17 07:00,2026.08.17 08:00,39N060907248000D,000028300000222218,0.0000,0.0000,,,nem
2026.08.17 07:00,2026.08.17 08:00,39N060909163000H,000017000000323118,1.4000,1.3296,,,nem
2026.08.17 07:00,2026.08.17 08:00,39N060909635000R,000011200000939880,0.0000,0.0000,,,nem
2026.08.17 07:00,2026.08.17 08:00,39N060909668000V,000003400029573718,0.0000,0.0000,,,nem
2026.08.17 07:00,2026.08.17 08:00,39N060909668000V,000028300000921860,0.1000,0.0971,,,nem
2026.08.17 07:00,2026.08.17 08:00,39N060910399000I,000000000015179098,0.0000,0.0000,,,nem
2026.08.17 07:00,2026.08.17 08:00,39N0609576930009,000036100035199133,0.0000,0.0000,,,nem
2026.08.17 07:00,2026.08.17 08:00,39N060957708000V,000016101400945632,0.0000,0.0000,,,nem
2026.08.17 07:00,2026.08.17 08:00,39N060957708000V,000035200035201443,0.0000,0.0000,,,nem
2026.08.17 07:00,2026.08.17 08:00,39N0609591810007,000017000000228833,0.0000,0.0000,,,nem
2026.08.17 07:00,2026.08.17 08:00,39N060959331000N,000028300000921876,0.0000,0.0000,,,nem
2026.08.17 07:00,2026.08.17 08:00,39N060959437000N,000011200001120693,0.0000,0.0000,,,nem
2026.08.17 07:00,2026.08.17 08:00,39N060959695000K,000011100000116018,10.1000,9.6980,,,nem
2026.08.17 07:00,2026.08.17 08:00,39N060960379000M,000033100035200070,4.8000,4.6603,,,nem
2026.08.17 07:00,2026.08.17 08:00,39N060960379000M,000035200035199870,2.9000,2.8156,,,nem
2026.08.17 07:00,2026.08.17 08:00,39N060961173000L,000000000035201061,0.0000,0.0000,,,nem
2026.08.17 07:00,2026.08.17 08:00,39N060961591000S,K3SC08000002382,0.0000,0.0000,,,nem
2026.08.17 07:00,2026.08.17 08:00,39N060963554000L,000000000015081701,0.8000,0.7767,,,nem
2026.08.17 07:00,2026.08.17 08:00,39N060972518000O,000052600000920115,0.9000,0.8738,,,nem
2026.08.17 07:00,2026.08.17 08:00,39N0610083130009,000036100035199130,0.0000,0.0000,,,nem
2026.08.17 07:00,2026.08.17 08:00,39N061011000000O,000017000000921883,0.0000,0.0000,,,nem
2026.08.17 07:00,2026.08.17 08:00,39N061011943000X,K3SC08000001974,0.0000,0.0000,,,nem
2026.08.17 07:00,2026.08.17 08:00,39N061014839000T,000011500000109645,0.0000,0.0000,,,nem
2026.08.17 07:00,2026.08.17 08:00,39N061030420000B,000028400084254048,0.7000,0.6648,,,nem
2026.08.17 07:00,2026.08.17 08:00,39N061033384000C,000000000035817692,0.0000,0.0000,,,nem
2026.08.17 07:00,2026.08.17 08:00,39N061033384000C,000017000000921900,1.2000,1.1651,,,nem
2026.08.17 07:00,2026.08.17 08:00,39N0610340960009,000033900029004124,0.4000,0.3884,,,nem
2026.08.17 07:00,2026.08.17 08:00,39N061059787000E,000004200032394437,0.0000,0.0000,,,nem
2026.08.17 07:00,2026.08.17 08:00,39N061059787000E,000017000009716405,0.0000,0.0000,,,nem
2026.08.17 07:00,2026.08.17 08:00,39N0610610180007,000000000035201000,10.0000,9.7090,,,nem
2026.08.17 07:00,2026.08.17 08:00,39N061061836000N,000000000700710745,0.0000,0.0000,,,nem
2026.08.17 07:00,2026.08.17 08:00,39N061061836000N,000016101501053013,0.0000,0.0000,,,nem
2026.08.17 07:00,2026.08.17 08:00,39N061061836000N,000033900028664501,0.0000,0.0000,,,nem
2026.08.17 07:00,2026.08.17 08:00,39N061061836000N,000054902500064724,0.0000,0.0000,,,nem
2026.08.17 07:00,2026.08.17 08:00,39N061063215000T,000006203403494595,0.0000,0.0000,,,nem
2026.08.17 07:00,2026.08.17 08:00,39N0610634430007,K11602346105776,0.0000,0.0000,,,nem
2026.08.17 07:00,2026.08.17 08:00,39N061064322000N,000017000000921927,0.0000,0.0000,,,nem
2026.08.17 07:00,2026.08.17 08:00,39N061065010000F,000016101300872121,0.0000,0.0000,,,nem
2026.08.17 07:00,2026.08.17 08:00,39N061065010000F,000052600000922077,2.8000,2.7185,,,nem
2026.08.17 07:00,2026.08.17 08:00,39N0610655730003,000033900029004198,0.0000,0.0000,,,nem
2026.08.17 07:00,2026.08.17 08:00,39N0610658850003,000036100006146191,1.6000,1.5534,,,nem
2026.08.17 07:00,2026.08.17 08:00,39N061111992000Z,000003400035704393,0.0000,0.0000,,,nem
2026.08.17 07:00,2026.08.17 08:00,39N061111992000Z,000036100006146095,0.5000,0.4855,,,nem
2026.08.17 07:00,2026.08.17 08:00,39N0611124530007,000003600005856462,0.0000,0.0000,,,nem
2026.08.17 07:00,2026.08.17 08:00,39N061113689000B,000000000005856294,0.0000,0.0000,,,igen
2026.08.17 07:00,2026.08.17 08:00,39N0611137880009,000000003404319296,1.6000,1.5534,,,nem
2026.08.17 07:00,2026.08.17 08:00,39N061114589000A,000006203404220198,1.5000,1.4564,,,nem
2026.08.17 07:00,2026.08.17 08:00,39N061116064000T,000028300000821328,0.1000,0.0971,,,nem
2026.08.17 07:00,2026.08.17 08:00,39N0611165530005,000000003404271788,0.0000,0.0000,,,nem
2026.08.17 07:00,2026.08.17 08:00,39N0611165530005,000028300021600966,0.0000,0.0000,,,nem
2026.08.17 07:00,2026.08.17 08:00,39N061117137000H,000000000033998448,0.0000,0.0000,,,nem
2026.08.17 07:00,2026.08.17 08:00,39N061117137000H,000037300035198695,0.1000,0.0971,,,nem
2026.08.17 07:00,2026.08.17 08:00,39N061128059000M,000017000000338640,0.0000,0.0000,,,nem
2026.08.17 07:00,2026.08.17 08:00,39N061163033000V,000000003404271784,0.0000,0.0000,,,nem
2026.08.17 07:00,2026.08.17 08:00,39N061164713000N,000016101400945331,0.0000,0.0000,,,nem
2026.08.17 07:00,2026.08.17 08:00,39N061164713000N,000017000000323144,0.0000,0.0000,,,nem
2026.08.17 07:00,2026.08.17 08:00,39N061165614000H,000028300001120580,1.8000,1.7476,,,nem
2026.08.17 07:00,2026.08.17 08:00,39N061166511000V,000028300001023276,0.1000,0.0971,,,nem
2026.08.17 07:00,2026.08.17 08:00,39N0611670050007,000003400031280543,0.0000,0.0000,,,nem
2026.08.17 07:00,2026.08.17 08:00,39N0611670050007,000051900015179291,0.0000,0.0000,,,nem
2026.08.17 07:00,2026.08.17 08:00,39N061167618000I,000011100000109538,0.0000,0.0000,,,nem
2026.08.17 07:00,2026.08.17 08:00,39N061168462000O,000000000021600956,0.0000,0.0000,,,nem
2026.08.17 07:00,2026.08.17 08:00,39N061168462000O,000016101501052057,0.0000,0.0000,,,nem
2026.08.17 07:00,2026.08.17 08:00,39N061177126000B,000003800033998439,0.5000,0.5011,,,nem
2026.08.17 07:00,2026.08.17 08:00,39N061177126000B,000016101400941206,0.0000,0.0000,,,nem
2026.08.17 07:00,2026.08.17 08:00,39N061177520000D,000000001701120781,0.0200,0.0192,,,nem
2026.08.17 07:00,2026.08.17 08:00,39N061177520000D,000011500000109643,3.8000,3.6488,,,nem
2026.08.17 07:00,2026.08.17 08:00,39N061177520000D,000035200035199236,0.4000,0.3841,,,nem
2026.08.17 07:00,2026.08.17 08:00,39N0613073350002,K3SC08000001972,1.0000,0.9850,,,igen
2026.08.17 07:00,2026.08.17 08:00,39N061422451000F,000000000006139400,0.0000,0.0000,,,nem
2026.08.17 07:00,2026.08.17 08:00,39N061426021000T,000000000000732191,0.0000,0.0000,,,nem
2026.08.17 07:00,2026.08.17 08:00,39N061429480000K,000017000000323128,0.0000,0.0000,,,nem
2026.08.17 07:00,2026.08.17 08:00,39N0614301610000,000028300021600959,1.1000,1.0562,,,nem
2026.08.17 07:00,2026.08.17 08:00,39N061432774000W,000000003404319313,0.1000,0.0971,,,nem
2026.08.17 07:00,2026.08.17 08:00,39N061434278000V,000000000027360271,2.0000,1.9418,,,nem
2026.08.17 07:00,2026.08.17 08:00,39N0614360320009,000003400028663807,0.0000,0.0000,,,nem
2026.08.17 07:00,2026.08.17 08:00,39N0614360330004,000003400029003972,0.0000,0.0000,,,nem
2026.08.17 07:00,2026.08.17 08:00,39N061436035000V,000003400028663901,0.0000,0.0000,,,nem
2026.08.17 07:00,2026.08.17 08:00,39N0614385900006,000003400028663783,0.0000,0.0000,,,nem
2026.08.17 07:00,2026.08.17 08:00,39N061442443000U,000036100006146087,0.0000,0.0000,,,nem
2026.08.17 08:00,2026.08.17 09:00,39N060000175000F,000011200000338683,0.0000,0.0000,,,nem
2026.08.17 08:00,2026.08.17 09:00,39N060001073000O,000000000006139414,1.5000,1.4403,,,nem
2026.08.17 08:00,2026.08.17 09:00,39N060001129000H,000017000001023298,29.2000,28.0378,,,nem
2026.08.17 08:00,2026.08.17 09:00,39N060005807000W,000011200000127418,0.0000,0.0000,,,nem
2026.08.17 08:00,2026.08.17 09:00,39N060005816000V,000017000009949791,0.0000,0.0000,,,nem
2026.08.17 08:00,2026.08.17 09:00,39N060005888000G,000011200000338692,0.0000,0.0000,,,nem
2026.08.17 08:00,2026.08.17 09:00,39N060005917000J,000006203403494571,2.6000,2.5243,,,nem
2026.08.17 08:00,2026.08.17 09:00,39N0600059220001,000028300000546980,0.0000,0.0000,,,nem
2026.08.17 08:00,2026.08.17 09:00,39N060005935000H,000000000000338639,2.0000,1.9418,,,nem
2026.08.17 08:00,2026.08.17 09:00,39N060005969000G,000000000021600969,0.0000,0.0000,,,nem
2026.08.17 08:00,2026.08.17 09:00,39N0600059720008,000011200009929313,0.0000,0.0000,,,nem
2026.08.17 08:00,2026.08.17 09:00,39N0600061150003,SC07000002018,0.0000,0.0000,,,nem
2026.08.17 08:00,2026.08.17 09:00,39N060006119000K,K114000009/2025,0.0000,0.0000,,,nem
2026.08.17 08:00,2026.08.17 09:00,39N0600061830008,K10300002009/14,7.2970,7.0000,,,nem
2026.08.17 08:00,2026.08.17 09:00,39N060006194000Y,K11200002014/40,6.8870,10.0000,,,nem
2026.08.17 08:00,2026.08.17 09:00,39N060006457000M,K3SC03403923059,0.0000,0.0000,,,nem
2026.08.17 08:00,2026.08.17 09:00,39N0600064860009,K3SC03403701666,0.0000,0.0000,,,nem
2026.08.17 08:00,2026.08.17 09:00,39N060006533000A,000011200000050026,3.0000,2.9127,,,nem
2026.08.17 08:00,2026.08.17 09:00,39N060008259000A,000011100000109546,0.0000,0.0000,,,nem
2026.08.17 08:00,2026.08.17 09:00,39N060008259000A,000033100035200420,0.0000,0.0000,,,nem
2026.08.17 08:00,2026.08.17 09:00,39N0600182680000,000028300000522181,0.0000,0.0000,,,nem
2026.08.17 08:00,2026.08.17 09:00,39N0600416330007,000003800032476907,0.0000,0.0000,,,igen
2026.08.17 08:00,2026.08.17 09:00,39N060056860000F,000052600000920561,0.7000,0.6796,,,nem
2026.08.17 08:00,2026.08.17 09:00,39N060735330000O,000000000029004173,0.0000,0.0000,,,nem
2026.08.17 08:00,2026.08.17 09:00,39N060735731000S,000051303403421788,0.0000,0.0000,,,nem
2026.08.17 08:00,2026.08.17 09:00,39N060735761000A,000052600000920734,0.0000,0.0000,,,nem
2026.08.17 08:00,2026.08.17 09:00,39N060735799000Q,000052600000922844,0.0000,0.0000,,,nem
2026.08.17 08:00,2026.08.17 09:00,39N0607556590002,000051900015179178,1.7000,1.6505,,,nem
2026.08.17 08:00,2026.08.17 09:00,39N060760989000V,000000003401922868,0.0000,0.0000,,,nem
2026.08.17 08:00,2026.08.17 09:00,39N060760989000V,000051400032414003,0.2300,0.2331,,,nem
2026.08.17 08:00,2026.08.17 09:00,39N060781564000X,000033900035704540,0.0000,0.0000,,,nem
2026.08.17 08:00,2026.08.17 09:00,39N060796913000S,000052600000924363,4.2000,3.9887,,,nem
2026.08.17 08:00,2026.08.17 09:00,39N060800931000Y,000000000033799349,0.0000,0.0000,,,nem
2026.08.17 08:00,2026.08.17 09:00,39N060800984000Q,000017000001120640,1.6000,1.5534,,,nem
2026.08.17 08:00,2026.08.17 09:00,39N060801557000C,000036100006146062,0.0000,0.0000,,,nem
2026.08.17 08:00,2026.08.17 09:00,39N060801582000J,000033900028664638,0.1000,0.0971,,,nem
2026.08.17 08:00,2026.08.17 09:00,39N060802666000X,000000000006139331,1.0000,0.9709,,,nem
2026.08.17 08:00,2026.08.17 09:00,39N060803151000H,000017000000034192,0.4000,0.3884,,,nem
2026.08.17 08:00,2026.08.17 09:00,39N060804167000A,000006201754706015,0.0000,0.0000,,,nem
2026.08.17 08:00,2026.08.17 09:00,39N060813408000J,000028400084254045,0.0000,0.0000,,,nem
2026.08.17 08:00,2026.08.17 09:00,39N0608168850008,000033900035704532,0.9000,0.8738,,,nem
2026.08.17 08:00,2026.08.17 09:00,39N060828512000O,K11602346105795,1.0000,1.0400,,,nem
2026.08.17 08:00,2026.08.17 09:00,39N060850045000Q,000017000000338654,3.5000,3.3607,,,igen
2026.08.17 08:00,2026.08.17 09:00,39N060850088000O,000000000027360225,0.8000,0.7682,,,nem
2026.08.17 08:00,2026.08.17 09:00,39N060851079000H,000016100500642248,0.0000,0.0000,,,nem
2026.08.17 08:00,2026.08.17 09:00,39N060851079000H,000016101400950739,0.0000,0.0000,,,nem
2026.08.17 08:00,2026.08.17 09:00,39N060851079000H,000016101501060302,0.0000,0.0000,,,nem
2026.08.17 08:00,2026.08.17 09:00,39N060851079000H,000033900028664722,0.0000,0.0000,,,nem
2026.08.17 08:00,2026.08.17 09:00,39N060851838000R,000033900028664566,0.0000,0.0000,,,nem
2026.08.17 08:00,2026.08.17 09:00,39N060852035000G,000000000005856541,1.2000,1.1651,,,nem
2026.08.17 08:00,2026.08.17 09:00,39N060852647000W,000000000000099523,0.3000,0.2913,,,nem
2026.08.17 08:00,2026.08.17 09:00,39N060854045000V,000036100035199036,0.4000,0.3884,,,nem
2026.08.17 08:00,2026.08.17 09:00,39N060855999000L,000035500084242956,0.0000,0.0000,,,igen
2026.08.17 08:00,2026.08.17 09:00,39N060878229000X,000003800029004033,0.0000,0.0000,,,igen
2026.08.17 08:00,2026.08.17 09:00,39N0609041660005,000003400035704397,1.5000,1.4403,,,nem
2026.08.17 08:00,2026.08.17 09:00,39N0609041660005,000006203403494604,0.8000,0.7682,,,nem
2026.08.17 08:00,2026.08.17 09:00,39N060905244000C,000000000005856271,0.0000,0.0000,,,nem
2026.08.17 08:00,2026.08.17 09:00,39N060907248000D,000028300000222218,0.0000,0.0000,,,nem
2026.08.17 08:00,2026.08.17 09:00,39N060909163000H,000017000000323118,3.6000,3.4189,,,nem
2026.08.17 08:00,2026.08.17 09:00,39N060909635000R,000011200000939880,0.0000,0.0000,,,nem
2026.08.17 08:00,2026.08.17 09:00,39N060909668000V,000003400029573718,0.0000,0.0000,,,nem
2026.08.17 08:00,2026.08.17 09:00,39N060909668000V,000028300000921860,0.1000,0.0971,,,nem
2026.08.17 08:00,2026.08.17 09:00,39N060910399000I,000000000015179098,0.0000,0.0000,,,nem
2026.08.17 08:00,2026.08.17 09:00,39N0609576930009,000036100035199133,0.0000,0.0000,,,nem
2026.08.17 08:00,2026.08.17 09:00,39N060957708000V,000016101400945632,0.0000,0.0000,,,nem
2026.08.17 08:00,2026.08.17 09:00,39N060957708000V,000035200035201443,1.7000,1.7228,,,nem
2026.08.17 08:00,2026.08.17 09:00,39N0609591810007,000017000000228833,0.2000,0.1942,,,nem
2026.08.17 08:00,2026.08.17 09:00,39N060959331000N,000028300000921876,0.0000,0.0000,,,nem
2026.08.17 08:00,2026.08.17 09:00,39N060959437000N,000011200001120693,0.0000,0.0000,,,nem
2026.08.17 08:00,2026.08.17 09:00,39N060959695000K,000011100000116018,8.3000,7.9697,,,nem
2026.08.17 08:00,2026.08.17 09:00,39N060960379000M,000033100035200070,4.4000,4.2720,,,nem
2026.08.17 08:00,2026.08.17 09:00,39N060960379000M,000035200035199870,1.7000,1.6505,,,nem
2026.08.17 08:00,2026.08.17 09:00,39N060961173000L,000000000035201061,0.0000,0.0000,,,nem
2026.08.17 08:00,2026.08.17 09:00,39N060961591000S,K3SC08000002382,0.0000,0.0000,,,nem
2026.08.17 08:00,2026.08.17 09:00,39N060963554000L,000000000015081701,0.3000,0.2913,,,nem
2026.08.17 08:00,2026.08.17 09:00,39N060972518000O,000052600000920115,0.7000,0.6796,,,nem
2026.08.17 08:00,2026.08.17 09:00,39N0610083130009,000036100035199130,0.0000,0.0000,,,nem
2026.08.17 08:00,2026.08.17 09:00,39N061011000000O,000017000000921883,0.0000,0.0000,,,nem
2026.08.17 08:00,2026.08.17 09:00,39N061011943000X,K3SC08000001974,0.0000,0.0000,,,nem
2026.08.17 08:00,2026.08.17 09:00,39N061014839000T,000011500000109645,0.0000,0.0000,,,nem
2026.08.17 08:00,2026.08.17 09:00,39N061030420000B,000028400084254048,0.6000,0.5698,,,nem
2026.08.17 08:00,2026.08.17 09:00,39N061033384000C,000000000035817692,0.0000,0.0000,,,nem
2026.08.17 08:00,2026.08.17 09:00,39N061033384000C,000017000000921900,0.0000,0.0000,,,nem
2026.08.17 08:00,2026.08.17 09:00,39N0610340960009,000033900029004124,0.7000,0.6796,,,nem
2026.08.17 08:00,2026.08.17 09:00,39N061059787000E,000004200032394437,0.0000,0.0000,,,nem
2026.08.17 08:00,2026.08.17 09:00,39N061059787000E,000017000009716405,0.0000,0.0000,,,nem
2026.08.17 08:00,2026.08.17 09:00,39N0610610180007,000000000035201000,9.3000,9.0294,,,nem
2026.08.17 08:00,2026.08.17 09:00,39N061061836000N,000000000700710745,0.0000,0.0000,,,nem
2026.08.17 08:00,2026.08.17 09:00,39N061061836000N,000016101501053013,0.0000,0.0000,,,nem
2026.08.17 08:00,2026.08.17 09:00,39N061061836000N,000033900028664501,0.0000,0.0000,,,nem
2026.08.17 08:00,2026.08.17 09:00,39N061061836000N,000054902500064724,0.0000,0.0000,,,nem
2026.08.17 08:00,2026.08.17 09:00,39N061063215000T,000006203403494595,0.0000,0.0000,,,nem
2026.08.17 08:00,2026.08.17 09:00,39N0610634430007,K11602346105776,9.0000,9.4400,,,nem
2026.08.17 08:00,2026.08.17 09:00,39N061064322000N,000017000000921927,0.0000,0.0000,,,nem
2026.08.17 08:00,2026.08.17 09:00,39N061065010000F,000016101300872121,0.0900,0.0874,,,nem
2026.08.17 08:00,2026.08.17 09:00,39N061065010000F,000052600000922077,3.2000,3.1069,,,nem
2026.08.17 08:00,2026.08.17 09:00,39N0610655730003,000033900029004198,1.6000,1.5363,,,nem
2026.08.17 08:00,2026.08.17 09:00,39N0610658850003,000036100006146191,1.2000,1.1651,,,nem
2026.08.17 08:00,2026.08.17 09:00,39N061111992000Z,000003400035704393,0.0000,0.0000,,,nem
2026.08.17 08:00,2026.08.17 09:00,39N061111992000Z,000036100006146095,0.2000,0.1942,,,nem
2026.08.17 08:00,2026.08.17 09:00,39N0611124530007,000003600005856462,0.0000,0.0000,,,nem
2026.08.17 08:00,2026.08.17 09:00,39N061113689000B,000000000005856294,0.0000,0.0000,,,igen
2026.08.17 08:00,2026.08.17 09:00,39N0611137880009,000000003404319296,0.5000,0.4855,,,nem
2026.08.17 08:00,2026.08.17 09:00,39N061114589000A,000006203404220198,1.2000,1.1651,,,nem
2026.08.17 08:00,2026.08.17 09:00,39N061116064000T,000028300000821328,0.0000,0.0000,,,nem
2026.08.17 08:00,2026.08.17 09:00,39N0611165530005,000000003404271788,0.0000,0.0000,,,nem
2026.08.17 08:00,2026.08.17 09:00,39N0611165530005,000028300021600966,0.0000,0.0000,,,nem
2026.08.17 08:00,2026.08.17 09:00,39N061117137000H,000000000033998448,0.0000,0.0000,,,nem
2026.08.17 08:00,2026.08.17 09:00,39N061117137000H,000037300035198695,0.1000,0.0971,,,nem
2026.08.17 08:00,2026.08.17 09:00,39N061128059000M,000017000000338640,0.0000,0.0000,,,nem
2026.08.17 08:00,2026.08.17 09:00,39N061163033000V,000000003404271784,1.4600,1.4175,,,nem
2026.08.17 08:00,2026.08.17 09:00,39N061164713000N,000016101400945331,0.0000,0.0000,,,nem
2026.08.17 08:00,2026.08.17 09:00,39N061164713000N,000017000000323144,0.0000,0.0000,,,nem
2026.08.17 08:00,2026.08.17 09:00,39N061165614000H,000028300001120580,1.4000,1.3593,,,nem
2026.08.17 08:00,2026.08.17 09:00,39N061166511000V,000028300001023276,0.5000,0.4855,,,nem
2026.08.17 08:00,2026.08.17 09:00,39N0611670050007,000003400031280543,0.0000,0.0000,,,nem
2026.08.17 08:00,2026.08.17 09:00,39N0611670050007,000051900015179291,0.0000,0.0000,,,nem
2026.08.17 08:00,2026.08.17 09:00,39N061167618000I,000011100000109538,0.0000,0.0000,,,nem
2026.08.17 08:00,2026.08.17 09:00,39N061168462000O,000000000021600956,0.0000,0.0000,,,nem
2026.08.17 08:00,2026.08.17 09:00,39N061168462000O,000016101501052057,0.0000,0.0000,,,nem
2026.08.17 08:00,2026.08.17 09:00,39N061177126000B,000003800033998439,0.2000,0.2004,,,nem
2026.08.17 08:00,2026.08.17 09:00,39N061177126000B,000016101400941206,0.0000,0.0000,,,nem
2026.08.17 08:00,2026.08.17 09:00,39N061177520000D,000000001701120781,0.0200,0.0192,,,nem
2026.08.17 08:00,2026.08.17 09:00,39N061177520000D,000011500000109643,1.1000,1.0562,,,nem
2026.08.17 08:00,2026.08.17 09:00,39N061177520000D,000035200035199236,1.8000,1.7284,,,nem
2026.08.17 08:00,2026.08.17 09:00,39N0613073350002,K3SC08000001972,1.0000,0.9850,,,igen
2026.08.17 08:00,2026.08.17 09:00,39N061422451000F,000000000006139400,0.0000,0.0000,,,nem
2026.08.17 08:00,2026.08.17 09:00,39N061426021000T,000000000000732191,0.0000,0.0000,,,nem
2026.08.17 08:00,2026.08.17 09:00,39N061429480000K,000017000000323128,0.0000,0.0000,,,nem
2026.08.17 08:00,2026.08.17 09:00,39N0614301610000,000028300021600959,1.1000,1.0562,,,nem
2026.08.17 08:00,2026.08.17 09:00,39N061432774000W,000000003404319313,0.1000,0.0971,,,nem
2026.08.17 08:00,2026.08.17 09:00,39N061434278000V,000000000027360271,0.2000,0.1942,,,nem
2026.08.17 08:00,2026.08.17 09:00,39N0614360320009,000003400028663807,0.0000,0.0000,,,nem
2026.08.17 08:00,2026.08.17 09:00,39N0614360330004,000003400029003972,0.0000,0.0000,,,nem
2026.08.17 08:00,2026.08.17 09:00,39N061436035000V,000003400028663901,0.0000,0.0000,,,nem
2026.08.17 08:00,2026.08.17 09:00,39N0614385900006,000003400028663783,0.0000,0.0000,,,nem
2026.08.17 08:00,2026.08.17 09:00,39N061442443000U,000036100006146087,0.0000,0.0000,,,nem
2026.08.17 09:00,2026.08.17 10:00,39N060000175000F,000011200000338683,0.0000,0.0000,,,nem
2026.08.17 09:00,2026.08.17 10:00,39N060001073000O,000000000006139414,0.2000,0.1920,,,nem
2026.08.17 09:00,2026.08.17 10:00,39N060001129000H,000017000001023298,26.9000,25.8294,,,nem
2026.08.17 09:00,2026.08.17 10:00,39N060005807000W,000011200000127418,0.0000,0.0000,,,nem
2026.08.17 09:00,2026.08.17 10:00,39N060005816000V,000017000009949791,6.4000,6.2138,,,nem
2026.08.17 09:00,2026.08.17 10:00,39N060005888000G,000011200000338692,0.0000,0.0000,,,nem
2026.08.17 09:00,2026.08.17 10:00,39N060005917000J,000006203403494571,3.0000,2.9127,,,nem
2026.08.17 09:00,2026.08.17 10:00,39N0600059220001,000028300000546980,0.3000,0.2849,,,nem
2026.08.17 09:00,2026.08.17 10:00,39N060005935000H,000000000000338639,2.1000,2.0389,,,nem
2026.08.17 09:00,2026.08.17 10:00,39N060005969000G,000000000021600969,0.0000,0.0000,,,nem
2026.08.17 09:00,2026.08.17 10:00,39N0600059720008,000011200009929313,0.0000,0.0000,,,nem
2026.08.17 09:00,2026.08.17 10:00,39N0600061150003,SC07000002018,2.0000,1.9430,,,nem
2026.08.17 09:00,2026.08.17 10:00,39N060006119000K,K114000009/2025,0.0000,0.0000,,,nem
2026.08.17 09:00,2026.08.17 10:00,39N0600061830008,K10300002009/14,8.3480,8.0000,,,nem
2026.08.17 09:00,2026.08.17 10:00,39N060006194000Y,K11200002014/40,8.2980,12.0000,,,nem
2026.08.17 09:00,2026.08.17 10:00,39N060006457000M,K3SC03403923059,0.0000,0.0000,,,nem
2026.08.17 09:00,2026.08.17 10:00,39N0600064860009,K3SC03403701666,0.0000,0.0000,,,nem
2026.08.17 09:00,2026.08.17 10:00,39N060006533000A,000011200000050026,2.0000,1.9418,,,nem
2026.08.17 09:00,2026.08.17 10:00,39N060008259000A,000011100000109546,0.0000,0.0000,,,nem
2026.08.17 09:00,2026.08.17 10:00,39N060008259000A,000033100035200420,0.0000,0.0000,,,nem
2026.08.17 09:00,2026.08.17 10:00,39N0600182680000,000028300000522181,0.0000,0.0000,,,nem
2026.08.17 09:00,2026.08.17 10:00,39N0600416330007,000003800032476907,0.0000,0.0000,,,igen
2026.08.17 09:00,2026.08.17 10:00,39N060056860000F,000052600000920561,0.0000,0.0000,,,nem
2026.08.17 09:00,2026.08.17 10:00,39N060735330000O,000000000029004173,1.1000,1.0447,,,nem
2026.08.17 09:00,2026.08.17 10:00,39N060735731000S,000051303403421788,0.0000,0.0000,,,nem
2026.08.17 09:00,2026.08.17 10:00,39N060735761000A,000052600000920734,0.0000,0.0000,,,nem
2026.08.17 09:00,2026.08.17 10:00,39N060735799000Q,000052600000922844,0.0000,0.0000,,,nem
2026.08.17 09:00,2026.08.17 10:00,39N0607556590002,000051900015179178,9.3000,9.0294,,,nem
2026.08.17 09:00,2026.08.17 10:00,39N060760989000V,000000003401922868,0.0000,0.0000,,,nem
2026.08.17 09:00,2026.08.17 10:00,39N060760989000V,000051400032414003,0.0000,0.0000,,,nem
2026.08.17 09:00,2026.08.17 10:00,39N060781564000X,000033900035704540,0.0000,0.0000,,,nem
2026.08.17 09:00,2026.08.17 10:00,39N060796913000S,000052600000924363,3.0000,2.8491,,,nem
2026.08.17 09:00,2026.08.17 10:00,39N060800931000Y,000000000033799349,0.0000,0.0000,,,nem
2026.08.17 09:00,2026.08.17 10:00,39N060800984000Q,000017000001120640,0.0000,0.0000,,,nem
2026.08.17 09:00,2026.08.17 10:00,39N060801557000C,000036100006146062,0.0000,0.0000,,,nem
2026.08.17 09:00,2026.08.17 10:00,39N060801582000J,000033900028664638,0.0000,0.0000,,,nem
2026.08.17 09:00,2026.08.17 10:00,39N060802666000X,000000000006139331,1.3000,1.2622,,,nem
2026.08.17 09:00,2026.08.17 10:00,39N060803151000H,000017000000034192,1.5000,1.4564,,,nem
2026.08.17 09:00,2026.08.17 10:00,39N060804167000A,000006201754706015,0.0000,0.0000,,,nem
2026.08.17 09:00,2026.08.17 10:00,39N060813408000J,000028400084254045,0.0000,0.0000,,,nem
2026.08.17 09:00,2026.08.17 10:00,39N0608168850008,000033900035704532,0.0000,0.0000,,,nem
2026.08.17 09:00,2026.08.17 10:00,39N060828512000O,K11602346105795,3.0000,3.1200,,,nem
2026.08.17 09:00,2026.08.17 10:00,39N060850045000Q,000017000000338654,3.5000,3.3607,,,igen
2026.08.17 09:00,2026.08.17 10:00,39N060850088000O,000000000027360225,0.5000,0.4801,,,nem
2026.08.17 09:00,2026.08.17 10:00,39N060851079000H,000016100500642248,0.0000,0.0000,,,nem
2026.08.17 09:00,2026.08.17 10:00,39N060851079000H,000016101400950739,0.0000,0.0000,,,nem
2026.08.17 09:00,2026.08.17 10:00,39N060851079000H,000016101501060302,0.0000,0.0000,,,nem
2026.08.17 09:00,2026.08.17 10:00,39N060851079000H,000033900028664722,0.0000,0.0000,,,nem
2026.08.17 09:00,2026.08.17 10:00,39N060851838000R,000033900028664566,0.0000,0.0000,,,nem
2026.08.17 09:00,2026.08.17 10:00,39N060852035000G,000000000005856541,0.0000,0.0000,,,nem
2026.08.17 09:00,2026.08.17 10:00,39N060852647000W,000000000000099523,0.7000,0.6796,,,nem
2026.08.17 09:00,2026.08.17 10:00,39N060854045000V,000036100035199036,1.9000,1.8447,,,nem
2026.08.17 09:00,2026.08.17 10:00,39N060855999000L,000035500084242956,0.0000,0.0000,,,igen
2026.08.17 09:00,2026.08.17 10:00,39N060878229000X,000003800029004033,0.0000,0.0000,,,igen
2026.08.17 09:00,2026.08.17 10:00,39N0609041660005,000003400035704397,0.4000,0.3841,,,nem
2026.08.17 09:00,2026.08.17 10:00,39N0609041660005,000006203403494604,0.7000,0.6721,,,nem
2026.08.17 09:00,2026.08.17 10:00,39N060905244000C,000000000005856271,0.0000,0.0000,,,nem
2026.08.17 09:00,2026.08.17 10:00,39N060907248000D,000028300000222218,0.0000,0.0000,,,nem
2026.08.17 09:00,2026.08.17 10:00,39N060909163000H,000017000000323118,3.5000,3.3240,,,nem
2026.08.17 09:00,2026.08.17 10:00,39N060909635000R,000011200000939880,0.0000,0.0000,,,nem
2026.08.17 09:00,2026.08.17 10:00,39N060909668000V,000003400029573718,0.0000,0.0000,,,nem
2026.08.17 09:00,2026.08.17 10:00,39N060909668000V,000028300000921860,0.0000,0.0000,,,nem
2026.08.17 09:00,2026.08.17 10:00,39N060910399000I,000000000015179098,0.0000,0.0000,,,nem
2026.08.17 09:00,2026.08.17 10:00,39N0609576930009,000036100035199133,0.0000,0.0000,,,nem
2026.08.17 09:00,2026.08.17 10:00,39N060957708000V,000016101400945632,0.0000,0.0000,,,nem
2026.08.17 09:00,2026.08.17 10:00,39N060957708000V,000035200035201443,0.0000,0.0000,,,nem
2026.08.17 09:00,2026.08.17 10:00,39N0609591810007,000017000000228833,0.5000,0.4855,,,nem
2026.08.17 09:00,2026.08.17 10:00,39N060959331000N,000028300000921876,0.0000,0.0000,,,nem
2026.08.17 09:00,2026.08.17 10:00,39N060959437000N,000011200001120693,0.0000,0.0000,,,nem
2026.08.17 09:00,2026.08.17 10:00,39N060959695000K,000011100000116018,8.0000,7.6816,,,nem
2026.08.17 09:00,2026.08.17 10:00,39N060960379000M,000033100035200070,1.8000,1.7476,,,nem
2026.08.17 09:00,2026.08.17 10:00,39N060960379000M,000035200035199870,2.1000,2.0389,,,nem
2026.08.17 09:00,2026.08.17 10:00,39N060961173000L,000000000035201061,0.0000,0.0000,,,nem
2026.08.17 09:00,2026.08.17 10:00,39N060961591000S,K3SC08000002382,0.0000,0.0000,,,nem
2026.08.17 09:00,2026.08.17 10:00,39N060963554000L,000000000015081701,1.0000,0.9709,,,nem
2026.08.17 09:00,2026.08.17 10:00,39N060972518000O,000052600000920115,0.7000,0.6796,,,nem
2026.08.17 09:00,2026.08.17 10:00,39N0610083130009,000036100035199130,0.0000,0.0000,,,nem
2026.08.17 09:00,2026.08.17 10:00,39N061011000000O,000017000000921883,0.0000,0.0000,,,nem
2026.08.17 09:00,2026.08.17 10:00,39N061011943000X,K3SC08000001974,0.0000,0.0000,,,nem
2026.08.17 09:00,2026.08.17 10:00,39N061014839000T,000011500000109645,0.0000,0.0000,,,nem
2026.08.17 09:00,2026.08.17 10:00,39N061030420000B,000028400084254048,0.6000,0.5698,,,nem
2026.08.17 09:00,2026.08.17 10:00,39N061033384000C,000000000035817692,0.0000,0.0000,,,nem
2026.08.17 09:00,2026.08.17 10:00,39N061033384000C,000017000000921900,0.0000,0.0000,,,nem
2026.08.17 09:00,2026.08.17 10:00,39N0610340960009,000033900029004124,0.5000,0.4855,,,nem
2026.08.17 09:00,2026.08.17 10:00,39N061059787000E,000004200032394437,0.0000,0.0000,,,nem
2026.08.17 09:00,2026.08.17 10:00,39N061059787000E,000017000009716405,0.0000,0.0000,,,nem
2026.08.17 09:00,2026.08.17 10:00,39N0610610180007,000000000035201000,7.1000,6.8934,,,nem
2026.08.17 09:00,2026.08.17 10:00,39N061061836000N,000000000700710745,0.0000,0.0000,,,nem
2026.08.17 09:00,2026.08.17 10:00,39N061061836000N,000016101501053013,0.0000,0.0000,,,nem
2026.08.17 09:00,2026.08.17 10:00,39N061061836000N,000033900028664501,0.0000,0.0000,,,nem
2026.08.17 09:00,2026.08.17 10:00,39N061061836000N,000054902500064724,0.0000,0.0000,,,nem
2026.08.17 09:00,2026.08.17 10:00,39N061063215000T,000006203403494595,0.0000,0.0000,,,nem
2026.08.17 09:00,2026.08.17 10:00,39N0610634430007,K11602346105776,14.0000,14.7200,,,nem
2026.08.17 09:00,2026.08.17 10:00,39N061064322000N,000017000000921927,0.0000,0.0000,,,nem
2026.08.17 09:00,2026.08.17 10:00,39N061065010000F,000016101300872121,0.0300,0.0291,,,nem
2026.08.17 09:00,2026.08.17 10:00,39N061065010000F,000052600000922077,2.0000,1.9418,,,nem
2026.08.17 09:00,2026.08.17 10:00,39N0610655730003,000033900029004198,2.4000,2.3045,,,nem
2026.08.17 09:00,2026.08.17 10:00,39N0610658850003,000036100006146191,1.1000,1.0680,,,nem
2026.08.17 09:00,2026.08.17 10:00,39N061111992000Z,000003400035704393,0.0000,0.0000,,,nem
2026.08.17 09:00,2026.08.17 10:00,39N061111992000Z,000036100006146095,0.4000,0.3884,,,nem
2026.08.17 09:00,2026.08.17 10:00,39N0611124530007,000003600005856462,0.0000,0.0000,,,nem
2026.08.17 09:00,2026.08.17 10:00,39N061113689000B,000000000005856294,0.0000,0.0000,,,igen
2026.08.17 09:00,2026.08.17 10:00,39N0611137880009,000000003404319296,1.4000,1.3593,,,nem
2026.08.17 09:00,2026.08.17 10:00,39N061114589000A,000006203404220198,1.1000,1.0680,,,nem
2026.08.17 09:00,2026.08.17 10:00,39N061116064000T,000028300000821328,0.0000,0.0000,,,nem
2026.08.17 09:00,2026.08.17 10:00,39N0611165530005,000000003404271788,0.0000,0.0000,,,nem
2026.08.17 09:00,2026.08.17 10:00,39N0611165530005,000028300021600966,0.0000,0.0000,,,nem
2026.08.17 09:00,2026.08.17 10:00,39N061117137000H,000000000033998448,0.0000,0.0000,,,nem
2026.08.17 09:00,2026.08.17 10:00,39N061117137000H,000037300035198695,0.0000,0.0000,,,nem
2026.08.17 09:00,2026.08.17 10:00,39N061128059000M,000017000000338640,0.0000,0.0000,,,nem
2026.08.17 09:00,2026.08.17 10:00,39N061163033000V,000000003404271784,0.0000,0.0000,,,nem
2026.08.17 09:00,2026.08.17 10:00,39N061164713000N,000016101400945331,0.0000,0.0000,,,nem
2026.08.17 09:00,2026.08.17 10:00,39N061164713000N,000017000000323144,0.0000,0.0000,,,nem
2026.08.17 09:00,2026.08.17 10:00,39N061165614000H,000028300001120580,1.3000,1.2622,,,nem
2026.08.17 09:00,2026.08.17 10:00,39N061166511000V,000028300001023276,0.4000,0.3884,,,nem
2026.08.17 09:00,2026.08.17 10:00,39N0611670050007,000003400031280543,0.0000,0.0000,,,nem
2026.08.17 09:00,2026.08.17 10:00,39N0611670050007,000051900015179291,0.0000,0.0000,,,nem
2026.08.17 09:00,2026.08.17 10:00,39N061167618000I,000011100000109538,0.0000,0.0000,,,nem
2026.08.17 09:00,2026.08.17 10:00,39N061168462000O,000000000021600956,0.0000,0.0000,,,nem
2026.08.17 09:00,2026.08.17 10:00,39N061168462000O,000016101501052057,0.0000,0.0000,,,nem
2026.08.17 09:00,2026.08.17 10:00,39N061177126000B,000003800033998439,0.5000,0.5011,,,nem
2026.08.17 09:00,2026.08.17 10:00,39N061177126000B,000016101400941206,0.0000,0.0000,,,nem
2026.08.17 09:00,2026.08.17 10:00,39N061177520000D,000000001701120781,0.0100,0.0096,,,nem
2026.08.17 09:00,2026.08.17 10:00,39N061177520000D,000011500000109643,4.9000,4.7050,,,nem
2026.08.17 09:00,2026.08.17 10:00,39N061177520000D,000035200035199236,2.0000,1.9204,,,nem
2026.08.17 09:00,2026.08.17 10:00,39N0613073350002,K3SC08000001972,1.0000,0.9850,,,igen
2026.08.17 09:00,2026.08.17 10:00,39N061422451000F,000000000006139400,2.3000,2.2085,,,nem
2026.08.17 09:00,2026.08.17 10:00,39N061426021000T,000000000000732191,0.0000,0.0000,,,nem
2026.08.17 09:00,2026.08.17 10:00,39N061429480000K,000017000000323128,0.0000,0.0000,,,nem
2026.08.17 09:00,2026.08.17 10:00,39N0614301610000,000028300021600959,0.6000,0.5761,,,nem
2026.08.17 09:00,2026.08.17 10:00,39N061432774000W,000000003404319313,0.1000,0.0971,,,nem
2026.08.17 09:00,2026.08.17 10:00,39N061434278000V,000000000027360271,1.6000,1.5534,,,nem
2026.08.17 09:00,2026.08.17 10:00,39N0614360320009,000003400028663807,0.0000,0.0000,,,nem
2026.08.17 09:00,2026.08.17 10:00,39N0614360330004,000003400029003972,0.0000,0.0000,,,nem
2026.08.17 09:00,2026.08.17 10:00,39N061436035000V,000003400028663901,0.0000,0.0000,,,nem
2026.08.17 09:00,2026.08.17 10:00,39N0614385900006,000003400028663783,0.0000,0.0000,,,nem
2026.08.17 09:00,2026.08.17 10:00,39N061442443000U,000036100006146087,0.0000,0.0000,,,nem
2026.08.17 10:00,2026.08.17 11:00,39N060000175000F,000011200000338683,0.0000,0.0000,,,nem
2026.08.17 10:00,2026.08.17 11:00,39N060001073000O,000000000006139414,0.0000,0.0000,,,nem
2026.08.17 10:00,2026.08.17 11:00,39N060001129000H,000017000001023298,20.0000,19.2040,,,nem
2026.08.17 10:00,2026.08.17 11:00,39N060005807000W,000011200000127418,0.0000,0.0000,,,nem
2026.08.17 10:00,2026.08.17 11:00,39N060005816000V,000017000009949791,4.9000,4.7574,,,nem
2026.08.17 10:00,2026.08.17 11:00,39N060005888000G,000011200000338692,0.0000,0.0000,,,nem
2026.08.17 10:00,2026.08.17 11:00,39N060005917000J,000006203403494571,3.7000,3.5923,,,nem
2026.08.17 10:00,2026.08.17 11:00,39N0600059220001,000028300000546980,0.0000,0.0000,,,nem
2026.08.17 10:00,2026.08.17 11:00,39N060005935000H,000000000000338639,2.1000,2.0389,,,nem
2026.08.17 10:00,2026.08.17 11:00,39N060005969000G,000000000021600969,0.0000,0.0000,,,nem
2026.08.17 10:00,2026.08.17 11:00,39N0600059720008,000011200009929313,0.0000,0.0000,,,nem
2026.08.17 10:00,2026.08.17 11:00,39N0600061150003,SC07000002018,2.0000,1.9450,,,nem
2026.08.17 10:00,2026.08.17 11:00,39N060006119000K,K114000009/2025,0.0000,0.0000,,,nem
2026.08.17 10:00,2026.08.17 11:00,39N0600061830008,K10300002009/14,3.1300,3.0000,,,nem
2026.08.17 10:00,2026.08.17 11:00,39N060006194000Y,K11200002014/40,7.6650,11.0000,,,nem
2026.08.17 10:00,2026.08.17 11:00,39N060006457000M,K3SC03403923059,0.0000,0.0000,,,nem
2026.08.17 10:00,2026.08.17 11:00,39N0600064860009,K3SC03403701666,0.0000,0.0000,,,nem
2026.08.17 10:00,2026.08.17 11:00,39N060006533000A,000011200000050026,2.0000,1.9418,,,nem
2026.08.17 10:00,2026.08.17 11:00,39N060008259000A,000011100000109546,0.0000,0.0000,,,nem
2026.08.17 10:00,2026.08.17 11:00,39N060008259000A,000033100035200420,0.0000,0.0000,,,nem
2026.08.17 10:00,2026.08.17 11:00,39N0600182680000,000028300000522181,0.0000,0.0000,,,nem
2026.08.17 10:00,2026.08.17 11:00,39N0600416330007,000003800032476907,0.0000,0.0000,,,igen
2026.08.17 10:00,2026.08.17 11:00,39N060056860000F,000052600000920561,0.0000,0.0000,,,nem
2026.08.17 10:00,2026.08.17 11:00,39N060735330000O,000000000029004173,1.6000,1.5195,,,nem
2026.08.17 10:00,2026.08.17 11:00,39N060735731000S,000051303403421788,0.0000,0.0000,,,nem
2026.08.17 10:00,2026.08.17 11:00,39N060735761000A,000052600000920734,0.0000,0.0000,,,nem
2026.08.17 10:00,2026.08.17 11:00,39N060735799000Q,000052600000922844,0.0000,0.0000,,,nem
2026.08.17 10:00,2026.08.17 11:00,39N0607556590002,000051900015179178,5.6000,5.4370,,,nem
2026.08.17 10:00,2026.08.17 11:00,39N060760989000V,000000003401922868,0.0000,0.0000,,,nem
2026.08.17 10:00,2026.08.17 11:00,39N060760989000V,000051400032414003,0.2300,0.2331,,,nem
2026.08.17 10:00,2026.08.17 11:00,39N060781564000X,000033900035704540,0.0000,0.0000,,,nem
2026.08.17 10:00,2026.08.17 11:00,39N060796913000S,000052600000924363,0.8000,0.7598,,,nem
2026.08.17 10:00,2026.08.17 11:00,39N060800931000Y,000000000033799349,0.0000,0.0000,,,nem
2026.08.17 10:00,2026.08.17 11:00,39N060800984000Q,000017000001120640,0.0000,0.0000,,,nem
2026.08.17 10:00,2026.08.17 11:00,39N060801557000C,000036100006146062,0.0000,0.0000,,,nem
2026.08.17 10:00,2026.08.17 11:00,39N060801582000J,000033900028664638,0.0000,0.0000,,,nem
2026.08.17 10:00,2026.08.17 11:00,39N060802666000X,000000000006139331,0.9000,0.8738,,,nem
2026.08.17 10:00,2026.08.17 11:00,39N060803151000H,000017000000034192,1.3000,1.2622,,,nem
2026.08.17 10:00,2026.08.17 11:00,39N060804167000A,000006201754706015,0.6000,0.6187,,,nem
2026.08.17 10:00,2026.08.17 11:00,39N060813408000J,000028400084254045,0.0000,0.0000,,,nem
2026.08.17 10:00,2026.08.17 11:00,39N0608168850008,000033900035704532,0.4000,0.3884,,,nem
2026.08.17 10:00,2026.08.17 11:00,39N060828512000O,K11602346105795,1.0000,1.0400,,,nem
2026.08.17 10:00,2026.08.17 11:00,39N060850045000Q,000017000000338654,3.5000,3.3607,,,igen
2026.08.17 10:00,2026.08.17 11:00,39N060850088000O,000000000027360225,0.5000,0.4801,,,nem
2026.08.17 10:00,2026.08.17 11:00,39N060851079000H,000016100500642248,0.0000,0.0000,,,nem
2026.08.17 10:00,2026.08.17 11:00,39N060851079000H,000016101400950739,0.0000,0.0000,,,nem
2026.08.17 10:00,2026.08.17 11:00,39N060851079000H,000016101501060302,0.0000,0.0000,,,nem
2026.08.17 10:00,2026.08.17 11:00,39N060851079000H,000033900028664722,0.0000,0.0000,,,nem
2026.08.17 10:00,2026.08.17 11:00,39N060851838000R,000033900028664566,0.0000,0.0000,,,nem
2026.08.17 10:00,2026.08.17 11:00,39N060852035000G,000000000005856541,0.0000,0.0000,,,nem
2026.08.17 10:00,2026.08.17 11:00,39N060852647000W,000000000000099523,0.3000,0.2913,,,nem
2026.08.17 10:00,2026.08.17 11:00,39N060854045000V,000036100035199036,0.5000,0.4855,,,nem
2026.08.17 10:00,2026.08.17 11:00,39N060855999000L,000035500084242956,0.0000,0.0000,,,igen
2026.08.17 10:00,2026.08.17 11:00,39N060878229000X,000003800029004033,0.0000,0.0000,,,igen
2026.08.17 10:00,2026.08.17 11:00,39N0609041660005,000003400035704397,0.0000,0.0000,,,nem
2026.08.17 10:00,2026.08.17 11:00,39N0609041660005,000006203403494604,0.8000,0.7682,,,nem
2026.08.17 10:00,2026.08.17 11:00,39N060905244000C,000000000005856271,0.0000,0.0000,,,nem
2026.08.17 10:00,2026.08.17 11:00,39N060907248000D,000028300000222218,0.0000,0.0000,,,nem
2026.08.17 10:00,2026.08.17 11:00,39N060909163000H,000017000000323118,0.1000,0.0950,,,nem
2026.08.17 10:00,2026.08.17 11:00,39N060909635000R,000011200000939880,0.0000,0.0000,,,nem
2026.08.17 10:00,2026.08.17 11:00,39N060909668000V,000003400029573718,0.0000,0.0000,,,nem
2026.08.17 10:00,2026.08.17 11:00,39N060909668000V,000028300000921860,0.0000,0.0000,,,nem
2026.08.17 10:00,2026.08.17 11:00,39N060910399000I,000000000015179098,0.0000,0.0000,,,nem
2026.08.17 10:00,2026.08.17 11:00,39N0609576930009,000036100035199133,0.0000,0.0000,,,nem
2026.08.17 10:00,2026.08.17 11:00,39N060957708000V,000016101400945632,0.0000,0.0000,,,nem
2026.08.17 10:00,2026.08.17 11:00,39N060957708000V,000035200035201443,0.0000,0.0000,,,nem
2026.08.17 10:00,2026.08.17 11:00,39N0609591810007,000017000000228833,0.8000,0.7767,,,nem
2026.08.17 10:00,2026.08.17 11:00,39N060959331000N,000028300000921876,0.0000,0.0000,,,nem
2026.08.17 10:00,2026.08.17 11:00,39N060959437000N,000011200001120693,0.0000,0.0000,,,nem
2026.08.17 10:00,2026.08.17 11:00,39N060959695000K,000011100000116018,8.0000,7.6816,,,nem
2026.08.17 10:00,2026.08.17 11:00,39N060960379000M,000033100035200070,0.2000,0.1942,,,nem
2026.08.17 10:00,2026.08.17 11:00,39N060960379000M,000035200035199870,2.3000,2.2331,,,nem
2026.08.17 10:00,2026.08.17 11:00,39N060961173000L,000000000035201061,0.0000,0.0000,,,nem
2026.08.17 10:00,2026.08.17 11:00,39N060961591000S,K3SC08000002382,0.0000,0.0000,,,nem
2026.08.17 10:00,2026.08.17 11:00,39N060963554000L,000000000015081701,1.1000,1.0680,,,nem
2026.08.17 10:00,2026.08.17 11:00,39N060972518000O,000052600000920115,0.7000,0.6796,,,nem
2026.08.17 10:00,2026.08.17 11:00,39N0610083130009,000036100035199130,0.0000,0.0000,,,nem
2026.08.17 10:00,2026.08.17 11:00,39N061011000000O,000017000000921883,0.0000,0.0000,,,nem
2026.08.17 10:00,2026.08.17 11:00,39N061011943000X,K3SC08000001974,0.0000,0.0000,,,nem
2026.08.17 10:00,2026.08.17 11:00,39N061014839000T,000011500000109645,0.0000,0.0000,,,nem
2026.08.17 10:00,2026.08.17 11:00,39N061030420000B,000028400084254048,0.0000,0.0000,,,nem
2026.08.17 10:00,2026.08.17 11:00,39N061033384000C,000000000035817692,0.0000,0.0000,,,nem
2026.08.17 10:00,2026.08.17 11:00,39N061033384000C,000017000000921900,1.0000,0.9709,,,nem
2026.08.17 10:00,2026.08.17 11:00,39N0610340960009,000033900029004124,0.6000,0.5825,,,nem
2026.08.17 10:00,2026.08.17 11:00,39N061059787000E,000004200032394437,0.0000,0.0000,,,nem
2026.08.17 10:00,2026.08.17 11:00,39N061059787000E,000017000009716405,0.0000,0.0000,,,nem
2026.08.17 10:00,2026.08.17 11:00,39N0610610180007,000000000035201000,9.2000,8.9323,,,nem
2026.08.17 10:00,2026.08.17 11:00,39N061061836000N,000000000700710745,0.0000,0.0000,,,nem
2026.08.17 10:00,2026.08.17 11:00,39N061061836000N,000016101501053013,0.0000,0.0000,,,nem
2026.08.17 10:00,2026.08.17 11:00,39N061061836000N,000033900028664501,0.0000,0.0000,,,nem
2026.08.17 10:00,2026.08.17 11:00,39N061061836000N,000054902500064724,0.0000,0.0000,,,nem
2026.08.17 10:00,2026.08.17 11:00,39N061063215000T,000006203403494595,0.0000,0.0000,,,nem
2026.08.17 10:00,2026.08.17 11:00,39N0610634430007,K11602346105776,5.0000,5.2200,,,nem
2026.08.17 10:00,2026.08.17 11:00,39N061064322000N,000017000000921927,0.0000,0.0000,,,nem
2026.08.17 10:00,2026.08.17 11:00,39N061065010000F,000016101300872121,0.0400,0.0388,,,nem
2026.08.17 10:00,2026.08.17 11:00,39N061065010000F,000052600000922077,3.2000,3.1069,,,nem
2026.08.17 10:00,2026.08.17 11:00,39N0610655730003,000033900029004198,0.0000,0.0000,,,nem
2026.08.17 10:00,2026.08.17 11:00,39N0610658850003,000036100006146191,0.5000,0.4855,,,nem
2026.08.17 10:00,2026.08.17 11:00,39N061111992000Z,000003400035704393,0.0000,0.0000,,,nem
2026.08.17 10:00,2026.08.17 11:00,39N061111992000Z,000036100006146095,0.4000,0.3884,,,nem
2026.08.17 10:00,2026.08.17 11:00,39N0611124530007,000003600005856462,0.0000,0.0000,,,nem
2026.08.17 10:00,2026.08.17 11:00,39N061113689000B,000000000005856294,0.0000,0.0000,,,igen
2026.08.17 10:00,2026.08.17 11:00,39N0611137880009,000000003404319296,1.2000,1.1651,,,nem
2026.08.17 10:00,2026.08.17 11:00,39N061114589000A,000006203404220198,1.3000,1.2622,,,nem
2026.08.17 10:00,2026.08.17 11:00,39N061116064000T,000028300000821328,0.0000,0.0000,,,nem
2026.08.17 10:00,2026.08.17 11:00,39N0611165530005,000000003404271788,0.0000,0.0000,,,nem
2026.08.17 10:00,2026.08.17 11:00,39N0611165530005,000028300021600966,0.0000,0.0000,,,nem
2026.08.17 10:00,2026.08.17 11:00,39N061117137000H,000000000033998448,0.0000,0.0000,,,nem
2026.08.17 10:00,2026.08.17 11:00,39N061117137000H,000037300035198695,0.1000,0.0971,,,nem
2026.08.17 10:00,2026.08.17 11:00,39N061128059000M,000017000000338640,0.0000,0.0000,,,nem
2026.08.17 10:00,2026.08.17 11:00,39N061163033000V,000000003404271784,1.6500,1.6020,,,nem
2026.08.17 10:00,2026.08.17 11:00,39N061164713000N,000016101400945331,0.0000,0.0000,,,nem
2026.08.17 10:00,2026.08.17 11:00,39N061164713000N,000017000000323144,0.0000,0.0000,,,nem
2026.08.17 10:00,2026.08.17 11:00,39N061165614000H,000028300001120580,0.9000,0.8738,,,nem
2026.08.17 10:00,2026.08.17 11:00,39N061166511000V,000028300001023276,0.3000,0.2913,,,nem
2026.08.17 10:00,2026.08.17 11:00,39N0611670050007,000003400031280543,0.0000,0.0000,,,nem
2026.08.17 10:00,2026.08.17 11:00,39N0611670050007,000051900015179291,0.0000,0.0000,,,nem
2026.08.17 10:00,2026.08.17 11:00,39N061167618000I,000011100000109538,0.0000,0.0000,,,nem
2026.08.17 10:00,2026.08.17 11:00,39N061168462000O,000000000021600956,0.0000,0.0000,,,nem
2026.08.17 10:00,2026.08.17 11:00,39N061168462000O,000016101501052057,0.0000,0.0000,,,nem
2026.08.17 10:00,2026.08.17 11:00,39N061177126000B,000003800033998439,0.2000,0.2004,,,nem
2026.08.17 10:00,2026.08.17 11:00,39N061177126000B,000016101400941206,0.0000,0.0000,,,nem
2026.08.17 10:00,2026.08.17 11:00,39N061177520000D,000000001701120781,0.0200,0.0192,,,nem
2026.08.17 10:00,2026.08.17 11:00,39N061177520000D,000011500000109643,4.7000,4.5129,,,nem
2026.08.17 10:00,2026.08.17 11:00,39N061177520000D,000035200035199236,0.2000,0.1920,,,nem
2026.08.17 10:00,2026.08.17 11:00,39N0613073350002,K3SC08000001972,4.0000,3.9420,,,igen
2026.08.17 10:00,2026.08.17 11:00,39N061422451000F,000000000006139400,0.7000,0.6721,,,nem
2026.08.17 10:00,2026.08.17 11:00,39N061426021000T,000000000000732191,0.0000,0.0000,,,nem
2026.08.17 10:00,2026.08.17 11:00,39N061429480000K,000017000000323128,0.0000,0.0000,,,nem
2026.08.17 10:00,2026.08.17 11:00,39N0614301610000,000028300021600959,0.6000,0.5761,,,nem
2026.08.17 10:00,2026.08.17 11:00,39N061432774000W,000000003404319313,0.2000,0.1942,,,nem
2026.08.17 10:00,2026.08.17 11:00,39N061434278000V,000000000027360271,1.1000,1.0680,,,nem
2026.08.17 10:00,2026.08.17 11:00,39N0614360320009,000003400028663807,0.0000,0.0000,,,nem
2026.08.17 10:00,2026.08.17 11:00,39N0614360330004,000003400029003972,0.0000,0.0000,,,nem
2026.08.17 10:00,2026.08.17 11:00,39N061436035000V,000003400028663901,0.0000,0.0000,,,nem
2026.08.17 10:00,2026.08.17 11:00,39N0614385900006,000003400028663783,0.0000,0.0000,,,nem
2026.08.17 10:00,2026.08.17 11:00,39N061442443000U,000036100006146087,0.0000,0.0000,,,nem
2026.08.17 11:00,2026.08.17 12:00,39N060000175000F,000011200000338683,0.0000,0.0000,,,nem
2026.08.17 11:00,2026.08.17 12:00,39N060001073000O,000000000006139414,0.0000,0.0000,,,nem
2026.08.17 11:00,2026.08.17 12:00,39N060001129000H,000017000001023298,31.4000,30.1503,,,nem
2026.08.17 11:00,2026.08.17 12:00,39N060005807000W,000011200000127418,0.0000,0.0000,,,nem
2026.08.17 11:00,2026.08.17 12:00,39N060005816000V,000017000009949791,5.2000,5.0487,,,nem
2026.08.17 11:00,2026.08.17 12:00,39N060005888000G,000011200000338692,0.0000,0.0000,,,nem
2026.08.17 11:00,2026.08.17 12:00,39N060005917000J,000006203403494571,3.4000,3.3011,,,nem
2026.08.17 11:00,2026.08.17 12:00,39N0600059220001,000028300000546980,0.4000,0.3799,,,nem
2026.08.17 11:00,2026.08.17 12:00,39N060005935000H,000000000000338639,5.0000,4.8545,,,nem
2026.08.17 11:00,2026.08.17 12:00,39N060005969000G,000000000021600969,0.0000,0.0000,,,nem
2026.08.17 11:00,2026.08.17 12:00,39N0600059720008,000011200009929313,0.0000,0.0000,,,nem
2026.08.17 11:00,2026.08.17 12:00,39N0600061150003,SC07000002018,2.0000,1.9440,,,nem
2026.08.17 11:00,2026.08.17 12:00,39N060006119000K,K114000009/2025,0.0000,0.0000,,,nem
2026.08.17 11:00,2026.08.17 12:00,39N0600061830008,K10300002009/14,1.0440,1.0000,,,nem
2026.08.17 11:00,2026.08.17 12:00,39N060006194000Y,K11200002014/40,6.9790,10.0000,,,nem
2026.08.17 11:00,2026.08.17 12:00,39N060006457000M,K3SC03403923059,0.0000,0.0000,,,nem
2026.08.17 11:00,2026.08.17 12:00,39N0600064860009,K3SC03403701666,0.0000,0.0000,,,nem
2026.08.17 11:00,2026.08.17 12:00,39N060006533000A,000011200000050026,2.0000,1.9418,,,nem
2026.08.17 11:00,2026.08.17 12:00,39N060008259000A,000011100000109546,0.0000,0.0000,,,nem
2026.08.17 11:00,2026.08.17 12:00,39N060008259000A,000033100035200420,0.0000,0.0000,,,nem
2026.08.17 11:00,2026.08.17 12:00,39N0600182680000,000028300000522181,0.0000,0.0000,,,nem
2026.08.17 11:00,2026.08.17 12:00,39N0600416330007,000003800032476907,0.0000,0.0000,,,igen
2026.08.17 11:00,2026.08.17 12:00,39N060056860000F,000052600000920561,0.6000,0.5825,,,nem
2026.08.17 11:00,2026.08.17 12:00,39N060735330000O,000000000029004173,0.0000,0.0000,,,nem
2026.08.17 11:00,2026.08.17 12:00,39N060735731000S,000051303403421788,0.0000,0.0000,,,nem
2026.08.17 11:00,2026.08.17 12:00,39N060735761000A,000052600000920734,0.0000,0.0000,,,nem
2026.08.17 11:00,2026.08.17 12:00,39N060735799000Q,000052600000922844,0.0000,0.0000,,,nem
2026.08.17 11:00,2026.08.17 12:00,39N0607556590002,000051900015179178,7.0000,6.7963,,,nem
2026.08.17 11:00,2026.08.17 12:00,39N060760989000V,000000003401922868,1.6100,6.0922,,,nem
2026.08.17 11:00,2026.08.17 12:00,39N060760989000V,000051400032414003,0.2200,0.2229,,,nem
2026.08.17 11:00,2026.08.17 12:00,39N060781564000X,000033900035704540,0.0000,0.0000,,,nem
2026.08.17 11:00,2026.08.17 12:00,39N060796913000S,000052600000924363,2.5000,2.3743,,,nem
2026.08.17 11:00,2026.08.17 12:00,39N060800931000Y,000000000033799349,0.0000,0.0000,,,nem
2026.08.17 11:00,2026.08.17 12:00,39N060800984000Q,000017000001120640,0.0000,0.0000,,,nem
2026.08.17 11:00,2026.08.17 12:00,39N060801557000C,000036100006146062,0.0000,0.0000,,,nem
2026.08.17 11:00,2026.08.17 12:00,39N060801582000J,000033900028664638,0.0000,0.0000,,,nem
2026.08.17 11:00,2026.08.17 12:00,39N060802666000X,000000000006139331,1.6000,1.5534,,,nem
2026.08.17 11:00,2026.08.17 12:00,39N060803151000H,000017000000034192,1.7000,1.6505,,,nem
2026.08.17 11:00,2026.08.17 12:00,39N060804167000A,000006201754706015,0.0000,0.0000,,,nem
2026.08.17 11:00,2026.08.17 12:00,39N060813408000J,000028400084254045,0.0000,0.0000,,,nem
2026.08.17 11:00,2026.08.17 12:00,39N0608168850008,000033900035704532,0.4000,0.3884,,,nem
2026.08.17 11:00,2026.08.17 12:00,39N060828512000O,K11602346105795,2.0000,2.0700,,,nem
2026.08.17 11:00,2026.08.17 12:00,39N060850045000Q,000017000000338654,2.4000,2.3045,,,igen
2026.08.17 11:00,2026.08.17 12:00,39N060850088000O,000000000027360225,1.1000,1.0562,,,nem
2026.08.17 11:00,2026.08.17 12:00,39N060851079000H,000016100500642248,0.0000,0.0000,,,nem
2026.08.17 11:00,2026.08.17 12:00,39N060851079000H,000016101400950739,0.0000,0.0000,,,nem
2026.08.17 11:00,2026.08.17 12:00,39N060851079000H,000016101501060302,0.0200,0.0194,,,nem
2026.08.17 11:00,2026.08.17 12:00,39N060851079000H,000033900028664722,0.0000,0.0000,,,nem
2026.08.17 11:00,2026.08.17 12:00,39N060851838000R,000033900028664566,0.0000,0.0000,,,nem
2026.08.17 11:00,2026.08.17 12:00,39N060852035000G,000000000005856541,0.0000,0.0000,,,nem
2026.08.17 11:00,2026.08.17 12:00,39N060852647000W,000000000000099523,0.6000,0.5825,,,nem
2026.08.17 11:00,2026.08.17 12:00,39N060854045000V,000036100035199036,0.7000,0.6796,,,nem
2026.08.17 11:00,2026.08.17 12:00,39N060855999000L,000035500084242956,0.0000,0.0000,,,igen
2026.08.17 11:00,2026.08.17 12:00,39N060878229000X,000003800029004033,0.1000,0.0960,,,igen
2026.08.17 11:00,2026.08.17 12:00,39N0609041660005,000003400035704397,0.0000,0.0000,,,nem
2026.08.17 11:00,2026.08.17 12:00,39N0609041660005,000006203403494604,0.8000,0.7682,,,nem
2026.08.17 11:00,2026.08.17 12:00,39N060905244000C,000000000005856271,0.0000,0.0000,,,nem
2026.08.17 11:00,2026.08.17 12:00,39N060907248000D,000028300000222218,0.0000,0.0000,,,nem
2026.08.17 11:00,2026.08.17 12:00,39N060909163000H,000017000000323118,5.0000,4.7485,,,nem
2026.08.17 11:00,2026.08.17 12:00,39N060909635000R,000011200000939880,0.0000,0.0000,,,nem
2026.08.17 11:00,2026.08.17 12:00,39N060909668000V,000003400029573718,0.0000,0.0000,,,nem
2026.08.17 11:00,2026.08.17 12:00,39N060909668000V,000028300000921860,0.2000,0.1942,,,nem
2026.08.17 11:00,2026.08.17 12:00,39N060910399000I,000000000015179098,0.0000,0.0000,,,nem
2026.08.17 11:00,2026.08.17 12:00,39N0609576930009,000036100035199133,0.0000,0.0000,,,nem
2026.08.17 11:00,2026.08.17 12:00,39N060957708000V,000016101400945632,0.0000,0.0000,,,nem
2026.08.17 11:00,2026.08.17 12:00,39N060957708000V,000035200035201443,1.3000,1.3174,,,nem
2026.08.17 11:00,2026.08.17 12:00,39N0609591810007,000017000000228833,2.8000,2.7185,,,nem
2026.08.17 11:00,2026.08.17 12:00,39N060959331000N,000028300000921876,0.0000,0.0000,,,nem
2026.08.17 11:00,2026.08.17 12:00,39N060959437000N,000011200001120693,0.0000,0.0000,,,nem
2026.08.17 11:00,2026.08.17 12:00,39N060959695000K,000011100000116018,8.4000,8.0657,,,nem
2026.08.17 11:00,2026.08.17 12:00,39N060960379000M,000033100035200070,0.0000,0.0000,,,nem
2026.08.17 11:00,2026.08.17 12:00,39N060960379000M,000035200035199870,1.8000,1.7476,,,nem
2026.08.17 11:00,2026.08.17 12:00,39N060961173000L,000000000035201061,0.0000,0.0000,,,nem
2026.08.17 11:00,2026.08.17 12:00,39N060961591000S,K3SC08000002382,0.0000,0.0000,,,nem
2026.08.17 11:00,2026.08.17 12:00,39N060963554000L,000000000015081701,1.0000,0.9709,,,nem
2026.08.17 11:00,2026.08.17 12:00,39N060972518000O,000052600000920115,0.7000,0.6796,,,nem
2026.08.17 11:00,2026.08.17 12:00,39N0610083130009,000036100035199130,0.0000,0.0000,,,nem
2026.08.17 11:00,2026.08.17 12:00,39N061011000000O,000017000000921883,0.0000,0.0000,,,nem
2026.08.17 11:00,2026.08.17 12:00,39N061011943000X,K3SC08000001974,2.0000,2.0660,,,nem
2026.08.17 11:00,2026.08.17 12:00,39N061014839000T,000011500000109645,0.0000,0.0000,,,nem
2026.08.17 11:00,2026.08.17 12:00,39N061030420000B,000028400084254048,0.0000,0.0000,,,nem
2026.08.17 11:00,2026.08.17 12:00,39N061033384000C,000000000035817692,0.0000,0.0000,,,nem
2026.08.17 11:00,2026.08.17 12:00,39N061033384000C,000017000000921900,0.0000,0.0000,,,nem
2026.08.17 11:00,2026.08.17 12:00,39N0610340960009,000033900029004124,0.6000,0.5825,,,nem
2026.08.17 11:00,2026.08.17 12:00,39N061059787000E,000004200032394437,0.0000,0.0000,,,nem
2026.08.17 11:00,2026.08.17 12:00,39N061059787000E,000017000009716405,0.0000,0.0000,,,nem
2026.08.17 11:00,2026.08.17 12:00,39N0610610180007,000000000035201000,11.3000,10.9712,,,nem
2026.08.17 11:00,2026.08.17 12:00,39N061061836000N,000000000700710745,0.0000,0.0000,,,nem
2026.08.17 11:00,2026.08.17 12:00,39N061061836000N,000016101501053013,0.0000,0.0000,,,nem
2026.08.17 11:00,2026.08.17 12:00,39N061061836000N,000033900028664501,0.0000,0.0000,,,nem
2026.08.17 11:00,2026.08.17 12:00,39N061061836000N,000054902500064724,0.0000,0.0000,,,nem
2026.08.17 11:00,2026.08.17 12:00,39N061063215000T,000006203403494595,0.0000,0.0000,,,nem
2026.08.17 11:00,2026.08.17 12:00,39N0610634430007,K11602346105776,5.0000,5.2200,,,nem
2026.08.17 11:00,2026.08.17 12:00,39N061064322000N,000017000000921927,0.0000,0.0000,,,nem
2026.08.17 11:00,2026.08.17 12:00,39N061065010000F,000016101300872121,0.0400,0.0388,,,nem
2026.08.17 11:00,2026.08.17 12:00,39N061065010000F,000052600000922077,1.7000,1.6505,,,nem
2026.08.17 11:00,2026.08.17 12:00,39N0610655730003,000033900029004198,0.0000,0.0000,,,nem
2026.08.17 11:00,2026.08.17 12:00,39N0610658850003,000036100006146191,1.2000,1.1651,,,nem
2026.08.17 11:00,2026.08.17 12:00,39N061111992000Z,000003400035704393,0.0000,0.0000,,,nem
2026.08.17 11:00,2026.08.17 12:00,39N061111992000Z,000036100006146095,0.3000,0.2913,,,nem
2026.08.17 11:00,2026.08.17 12:00,39N0611124530007,000003600005856462,0.0000,0.0000,,,nem
2026.08.17 11:00,2026.08.17 12:00,39N061113689000B,000000000005856294,0.0000,0.0000,,,igen
2026.08.17 11:00,2026.08.17 12:00,39N0611137880009,000000003404319296,4.5000,4.3691,,,nem
2026.08.17 11:00,2026.08.17 12:00,39N061114589000A,000006203404220198,1.4000,1.3593,,,nem
2026.08.17 11:00,2026.08.17 12:00,39N061116064000T,000028300000821328,0.0000,0.0000,,,nem
2026.08.17 11:00,2026.08.17 12:00,39N0611165530005,000000003404271788,0.0000,0.0000,,,nem
2026.08.17 11:00,2026.08.17 12:00,39N0611165530005,000028300021600966,0.0000,0.0000,,,nem
2026.08.17 11:00,2026.08.17 12:00,39N061117137000H,000000000033998448,0.0000,0.0000,,,nem
2026.08.17 11:00,2026.08.17 12:00,39N061117137000H,000037300035198695,0.1000,0.0971,,,nem
2026.08.17 11:00,2026.08.17 12:00,39N061128059000M,000017000000338640,0.0000,0.0000,,,nem
2026.08.17 11:00,2026.08.17 12:00,39N061163033000V,000000003404271784,1.6700,1.6214,,,nem
2026.08.17 11:00,2026.08.17 12:00,39N061164713000N,000016101400945331,0.0000,0.0000,,,nem
2026.08.17 11:00,2026.08.17 12:00,39N061164713000N,000017000000323144,0.0000,0.0000,,,nem
2026.08.17 11:00,2026.08.17 12:00,39N061165614000H,000028300001120580,0.6000,0.5825,,,nem
2026.08.17 11:00,2026.08.17 12:00,39N061166511000V,000028300001023276,0.6000,0.5825,,,nem
2026.08.17 11:00,2026.08.17 12:00,39N0611670050007,000003400031280543,0.0000,0.0000,,,nem
2026.08.17 11:00,2026.08.17 12:00,39N0611670050007,000051900015179291,0.0000,0.0000,,,nem
2026.08.17 11:00,2026.08.17 12:00,39N061167618000I,000011100000109538,0.0000,0.0000,,,nem
2026.08.17 11:00,2026.08.17 12:00,39N061168462000O,000000000021600956,0.0000,0.0000,,,nem
2026.08.17 11:00,2026.08.17 12:00,39N061168462000O,000016101501052057,0.0000,0.0000,,,nem
2026.08.17 11:00,2026.08.17 12:00,39N061177126000B,000003800033998439,0.6000,0.6013,,,nem
2026.08.17 11:00,2026.08.17 12:00,39N061177126000B,000016101400941206,0.0000,0.0000,,,nem
2026.08.17 11:00,2026.08.17 12:00,39N061177520000D,000000001701120781,0.0200,0.0192,,,nem
2026.08.17 11:00,2026.08.17 12:00,39N061177520000D,000011500000109643,1.5000,1.4403,,,nem
2026.08.17 11:00,2026.08.17 12:00,39N061177520000D,000035200035199236,0.0000,0.0000,,,nem
2026.08.17 11:00,2026.08.17 12:00,39N0613073350002,K3SC08000001972,5.0000,4.9250,,,igen
2026.08.17 11:00,2026.08.17 12:00,39N061422451000F,000000000006139400,1.3000,1.2483,,,nem
2026.08.17 11:00,2026.08.17 12:00,39N061426021000T,000000000000732191,0.0000,0.0000,,,nem
2026.08.17 11:00,2026.08.17 12:00,39N061429480000K,000017000000323128,0.0000,0.0000,,,nem
2026.08.17 11:00,2026.08.17 12:00,39N0614301610000,000028300021600959,0.5000,0.4801,,,nem
2026.08.17 11:00,2026.08.17 12:00,39N061432774000W,000000003404319313,0.1000,0.0971,,,nem
2026.08.17 11:00,2026.08.17 12:00,39N061434278000V,000000000027360271,0.6000,0.5825,,,nem
2026.08.17 11:00,2026.08.17 12:00,39N0614360320009,000003400028663807,0.0000,0.0000,,,nem
2026.08.17 11:00,2026.08.17 12:00,39N0614360330004,000003400029003972,0.0000,0.0000,,,nem
2026.08.17 11:00,2026.08.17 12:00,39N061436035000V,000003400028663901,0.0000,0.0000,,,nem
2026.08.17 11:00,2026.08.17 12:00,39N0614385900006,000003400028663783,0.0000,0.0000,,,nem
2026.08.17 11:00,2026.08.17 12:00,39N061442443000U,000036100006146087,0.0000,0.0000,,,nem
2026.08.17 12:00,2026.08.17 13:00,39N060000175000F,000011200000338683,0.0000,0.0000,,,nem
2026.08.17 12:00,2026.08.17 13:00,39N060001073000O,000000000006139414,0.1000,0.0960,,,nem
2026.08.17 12:00,2026.08.17 13:00,39N060001129000H,000017000001023298,23.2000,22.2766,,,nem
2026.08.17 12:00,2026.08.17 13:00,39N060005807000W,000011200000127418,0.0000,0.0000,,,nem
2026.08.17 12:00,2026.08.17 13:00,39N060005816000V,000017000009949791,2.6000,2.5243,,,nem
2026.08.17 12:00,2026.08.17 13:00,39N060005888000G,000011200000338692,0.0000,0.0000,,,nem
2026.08.17 12:00,2026.08.17 13:00,39N060005917000J,000006203403494571,3.4000,3.3011,,,nem
2026.08.17 12:00,2026.08.17 13:00,39N0600059220001,000028300000546980,5.3000,5.0334,,,nem
2026.08.17 12:00,2026.08.17 13:00,39N060005935000H,000000000000338639,1.4000,1.3593,,,nem
2026.08.17 12:00,2026.08.17 13:00,39N060005969000G,000000000021600969,0.0000,0.0000,,,nem
2026.08.17 12:00,2026.08.17 13:00,39N0600059720008,000011200009929313,0.0000,0.0000,,,nem
2026.08.17 12:00,2026.08.17 13:00,39N0600061150003,SC07000002018,2.0000,1.9440,,,nem
2026.08.17 12:00,2026.08.17 13:00,39N060006119000K,K114000009/2025,0.0000,0.0000,,,nem
2026.08.17 12:00,2026.08.17 13:00,39N0600061830008,K10300002009/14,3.1320,3.0000,,,nem
2026.08.17 12:00,2026.08.17 13:00,39N060006194000Y,K11200002014/40,8.4750,12.0000,,,nem
2026.08.17 12:00,2026.08.17 13:00,39N060006457000M,K3SC03403923059,0.0000,0.0000,,,nem
2026.08.17 12:00,2026.08.17 13:00,39N0600064860009,K3SC03403701666,0.0000,0.0000,,,nem
2026.08.17 12:00,2026.08.17 13:00,39N060006533000A,000011200000050026,2.0000,1.9418,,,nem
2026.08.17 12:00,2026.08.17 13:00,39N060008259000A,000011100000109546,0.0000,0.0000,,,nem
2026.08.17 12:00,2026.08.17 13:00,39N060008259000A,000033100035200420,0.0000,0.0000,,,nem
2026.08.17 12:00,2026.08.17 13:00,39N0600182680000,000028300000522181,0.0000,0.0000,,,nem
2026.08.17 12:00,2026.08.17 13:00,39N0600416330007,000003800032476907,0.0000,0.0000,,,igen
2026.08.17 12:00,2026.08.17 13:00,39N060056860000F,000052600000920561,0.0000,0.0000,,,nem
2026.08.17 12:00,2026.08.17 13:00,39N060735330000O,000000000029004173,0.0000,0.0000,,,nem
2026.08.17 12:00,2026.08.17 13:00,39N060735731000S,000051303403421788,0.0000,0.0000,,,nem
2026.08.17 12:00,2026.08.17 13:00,39N060735761000A,000052600000920734,0.0000,0.0000,,,nem
2026.08.17 12:00,2026.08.17 13:00,39N060735799000Q,000052600000922844,0.0000,0.0000,,,nem
2026.08.17 12:00,2026.08.17 13:00,39N0607556590002,000051900015179178,11.1000,10.7770,,,nem
2026.08.17 12:00,2026.08.17 13:00,39N060760989000V,000000003401922868,5.0300,19.0335,,,nem
2026.08.17 12:00,2026.08.17 13:00,39N060760989000V,000051400032414003,0.3500,0.3547,,,nem
2026.08.17 12:00,2026.08.17 13:00,39N060781564000X,000033900035704540,0.0000,0.0000,,,nem
2026.08.17 12:00,2026.08.17 13:00,39N060796913000S,000052600000924363,1.8000,1.7095,,,nem
2026.08.17 12:00,2026.08.17 13:00,39N060800931000Y,000000000033799349,0.0000,0.0000,,,nem
2026.08.17 12:00,2026.08.17 13:00,39N060800984000Q,000017000001120640,0.0000,0.0000,,,nem
2026.08.17 12:00,2026.08.17 13:00,39N060801557000C,000036100006146062,0.0000,0.0000,,,nem
2026.08.17 12:00,2026.08.17 13:00,39N060801582000J,000033900028664638,0.7000,0.6796,,,nem
2026.08.17 12:00,2026.08.17 13:00,39N060802666000X,000000000006139331,0.8000,0.7767,,,nem
2026.08.17 12:00,2026.08.17 13:00,39N060803151000H,000017000000034192,1.1000,1.0680,,,nem
2026.08.17 12:00,2026.08.17 13:00,39N060804167000A,000006201754706015,0.6000,0.6187,,,nem
2026.08.17 12:00,2026.08.17 13:00,39N060813408000J,000028400084254045,0.0000,0.0000,,,nem
2026.08.17 12:00,2026.08.17 13:00,39N0608168850008,000033900035704532,0.0000,0.0000,,,nem
2026.08.17 12:00,2026.08.17 13:00,39N060828512000O,K11602346105795,1.0000,1.0300,,,nem
2026.08.17 12:00,2026.08.17 13:00,39N060850045000Q,000017000000338654,3.0000,2.8806,,,igen
2026.08.17 12:00,2026.08.17 13:00,39N060850088000O,000000000027360225,0.5000,0.4801,,,nem
2026.08.17 12:00,2026.08.17 13:00,39N060851079000H,000016100500642248,0.0000,0.0000,,,nem
2026.08.17 12:00,2026.08.17 13:00,39N060851079000H,000016101400950739,0.0000,0.0000,,,nem
2026.08.17 12:00,2026.08.17 13:00,39N060851079000H,000016101501060302,0.0000,0.0000,,,nem
2026.08.17 12:00,2026.08.17 13:00,39N060851079000H,000033900028664722,0.0000,0.0000,,,nem
2026.08.17 12:00,2026.08.17 13:00,39N060851838000R,000033900028664566,0.0000,0.0000,,,nem
2026.08.17 12:00,2026.08.17 13:00,39N060852035000G,000000000005856541,1.1000,1.0680,,,nem
2026.08.17 12:00,2026.08.17 13:00,39N060852647000W,000000000000099523,0.0000,0.0000,,,nem
2026.08.17 12:00,2026.08.17 13:00,39N060854045000V,000036100035199036,0.3000,0.2913,,,nem
2026.08.17 12:00,2026.08.17 13:00,39N060855999000L,000035500084242956,0.0000,0.0000,,,igen
2026.08.17 12:00,2026.08.17 13:00,39N060878229000X,000003800029004033,0.1000,0.0960,,,igen
2026.08.17 12:00,2026.08.17 13:00,39N0609041660005,000003400035704397,0.0000,0.0000,,,nem
2026.08.17 12:00,2026.08.17 13:00,39N0609041660005,000006203403494604,0.8000,0.7682,,,nem
2026.08.17 12:00,2026.08.17 13:00,39N060905244000C,000000000005856271,0.0000,0.0000,,,nem
2026.08.17 12:00,2026.08.17 13:00,39N060907248000D,000028300000222218,0.1000,0.0971,,,nem
2026.08.17 12:00,2026.08.17 13:00,39N060909163000H,000017000000323118,0.0000,0.0000,,,nem
2026.08.17 12:00,2026.08.17 13:00,39N060909635000R,000011200000939880,0.0000,0.0000,,,nem
2026.08.17 12:00,2026.08.17 13:00,39N060909668000V,000003400029573718,0.0000,0.0000,,,nem
2026.08.17 12:00,2026.08.17 13:00,39N060909668000V,000028300000921860,0.0000,0.0000,,,nem
2026.08.17 12:00,2026.08.17 13:00,39N060910399000I,000000000015179098,0.0000,0.0000,,,nem
2026.08.17 12:00,2026.08.17 13:00,39N0609576930009,000036100035199133,0.0000,0.0000,,,nem
2026.08.17 12:00,2026.08.17 13:00,39N060957708000V,000016101400945632,0.0000,0.0000,,,nem
2026.08.17 12:00,2026.08.17 13:00,39N060957708000V,000035200035201443,0.0000,0.0000,,,nem
2026.08.17 12:00,2026.08.17 13:00,39N0609591810007,000017000000228833,1.3000,1.2622,,,nem
2026.08.17 12:00,2026.08.17 13:00,39N060959331000N,000028300000921876,0.0000,0.0000,,,nem
2026.08.17 12:00,2026.08.17 13:00,39N060959437000N,000011200001120693,0.0000,0.0000,,,nem
2026.08.17 12:00,2026.08.17 13:00,39N060959695000K,000011100000116018,4.6000,4.4169,,,nem
2026.08.17 12:00,2026.08.17 13:00,39N060960379000M,000033100035200070,0.0000,0.0000,,,nem
2026.08.17 12:00,2026.08.17 13:00,39N060960379000M,000035200035199870,2.1000,2.0389,,,nem
2026.08.17 12:00,2026.08.17 13:00,39N060961173000L,000000000035201061,0.2000,0.1942,,,nem
2026.08.17 12:00,2026.08.17 13:00,39N060961591000S,K3SC08000002382,0.0000,0.0000,,,nem
2026.08.17 12:00,2026.08.17 13:00,39N060963554000L,000000000015081701,2.5000,2.4273,,,nem
2026.08.17 12:00,2026.08.17 13:00,39N060972518000O,000052600000920115,0.9000,0.8738,,,nem
2026.08.17 12:00,2026.08.17 13:00,39N0610083130009,000036100035199130,0.0000,0.0000,,,nem
2026.08.17 12:00,2026.08.17 13:00,39N061011000000O,000017000000921883,0.0000,0.0000,,,nem
2026.08.17 12:00,2026.08.17 13:00,39N061011943000X,K3SC08000001974,2.0000,2.0670,,,nem
2026.08.17 12:00,2026.08.17 13:00,39N061014839000T,000011500000109645,0.0000,0.0000,,,nem
2026.08.17 12:00,2026.08.17 13:00,39N061030420000B,000028400084254048,0.5000,0.4749,,,nem
2026.08.17 12:00,2026.08.17 13:00,39N061033384000C,000000000035817692,0.0000,0.0000,,,nem
2026.08.17 12:00,2026.08.17 13:00,39N061033384000C,000017000000921900,1.1000,1.0680,,,nem
2026.08.17 12:00,2026.08.17 13:00,39N0610340960009,000033900029004124,0.4000,0.3884,,,nem
2026.08.17 12:00,2026.08.17 13:00,39N061059787000E,000004200032394437,0.0000,0.0000,,,nem
2026.08.17 12:00,2026.08.17 13:00,39N061059787000E,000017000009716405,0.0000,0.0000,,,nem
2026.08.17 12:00,2026.08.17 13:00,39N0610610180007,000000000035201000,5.6000,5.4370,,,nem
2026.08.17 12:00,2026.08.17 13:00,39N061061836000N,000000000700710745,0.0000,0.0000,,,nem
2026.08.17 12:00,2026.08.17 13:00,39N061061836000N,000016101501053013,0.0000,0.0000,,,nem
2026.08.17 12:00,2026.08.17 13:00,39N061061836000N,000033900028664501,0.0000,0.0000,,,nem
2026.08.17 12:00,2026.08.17 13:00,39N061061836000N,000054902500064724,0.0000,0.0000,,,nem
2026.08.17 12:00,2026.08.17 13:00,39N061063215000T,000006203403494595,0.0000,0.0000,,,nem
2026.08.17 12:00,2026.08.17 13:00,39N0610634430007,K11602346105776,11.0000,11.5000,,,nem
2026.08.17 12:00,2026.08.17 13:00,39N061064322000N,000017000000921927,0.0000,0.0000,,,nem
2026.08.17 12:00,2026.08.17 13:00,39N061065010000F,000016101300872121,0.0400,0.0388,,,nem
2026.08.17 12:00,2026.08.17 13:00,39N061065010000F,000052600000922077,3.0000,2.9127,,,nem
2026.08.17 12:00,2026.08.17 13:00,39N0610655730003,000033900029004198,2.0000,1.9204,,,nem
2026.08.17 12:00,2026.08.17 13:00,39N0610658850003,000036100006146191,1.1000,1.0680,,,nem
2026.08.17 12:00,2026.08.17 13:00,39N061111992000Z,000003400035704393,0.0000,0.0000,,,nem
2026.08.17 12:00,2026.08.17 13:00,39N061111992000Z,000036100006146095,0.0000,0.0000,,,nem
2026.08.17 12:00,2026.08.17 13:00,39N0611124530007,000003600005856462,0.0000,0.0000,,,nem
2026.08.17 12:00,2026.08.17 13:00,39N061113689000B,000000000005856294,0.0000,0.0000,,,igen
2026.08.17 12:00,2026.08.17 13:00,39N0611137880009,000000003404319296,4.7000,4.5632,,,nem
2026.08.17 12:00,2026.08.17 13:00,39N061114589000A,000006203404220198,1.0000,0.9709,,,nem
2026.08.17 12:00,2026.08.17 13:00,39N061116064000T,000028300000821328,0.0000,0.0000,,,nem
2026.08.17 12:00,2026.08.17 13:00,39N0611165530005,000000003404271788,0.0000,0.0000,,,nem
2026.08.17 12:00,2026.08.17 13:00,39N0611165530005,000028300021600966,0.0000,0.0000,,,nem
2026.08.17 12:00,2026.08.17 13:00,39N061117137000H,000000000033998448,0.0000,0.0000,,,nem
2026.08.17 12:00,2026.08.17 13:00,39N061117137000H,000037300035198695,0.0000,0.0000,,,nem
2026.08.17 12:00,2026.08.17 13:00,39N061128059000M,000017000000338640,0.0000,0.0000,,,nem
2026.08.17 12:00,2026.08.17 13:00,39N061163033000V,000000003404271784,0.0000,0.0000,,,nem
2026.08.17 12:00,2026.08.17 13:00,39N061164713000N,000016101400945331,0.0000,0.0000,,,nem
2026.08.17 12:00,2026.08.17 13:00,39N061164713000N,000017000000323144,0.0000,0.0000,,,nem
2026.08.17 12:00,2026.08.17 13:00,39N061165614000H,000028300001120580,0.4000,0.3884,,,nem
2026.08.17 12:00,2026.08.17 13:00,39N061166511000V,000028300001023276,0.5000,0.4855,,,nem
2026.08.17 12:00,2026.08.17 13:00,39N0611670050007,000003400031280543,0.0000,0.0000,,,nem
2026.08.17 12:00,2026.08.17 13:00,39N0611670050007,000051900015179291,0.0000,0.0000,,,nem
2026.08.17 12:00,2026.08.17 13:00,39N061167618000I,000011100000109538,0.0000,0.0000,,,nem
2026.08.17 12:00,2026.08.17 13:00,39N061168462000O,000000000021600956,0.0000,0.0000,,,nem
2026.08.17 12:00,2026.08.17 13:00,39N061168462000O,000016101501052057,0.0000,0.0000,,,nem
2026.08.17 12:00,2026.08.17 13:00,39N061177126000B,000003800033998439,0.4000,0.4009,,,nem
2026.08.17 12:00,2026.08.17 13:00,39N061177126000B,000016101400941206,0.0000,0.0000,,,nem
2026.08.17 12:00,2026.08.17 13:00,39N061177520000D,000000001701120781,0.0100,0.0096,,,nem
2026.08.17 12:00,2026.08.17 13:00,39N061177520000D,000011500000109643,5.9000,5.6652,,,nem
2026.08.17 12:00,2026.08.17 13:00,39N061177520000D,000035200035199236,0.1000,0.0960,,,nem
2026.08.17 12:00,2026.08.17 13:00,39N0613073350002,K3SC08000001972,4.0000,3.9390,,,igen
2026.08.17 12:00,2026.08.17 13:00,39N061422451000F,000000000006139400,0.3000,0.2881,,,nem
2026.08.17 12:00,2026.08.17 13:00,39N061426021000T,000000000000732191,0.0000,0.0000,,,nem
2026.08.17 12:00,2026.08.17 13:00,39N061429480000K,000017000000323128,0.0000,0.0000,,,nem
2026.08.17 12:00,2026.08.17 13:00,39N0614301610000,000028300021600959,0.5000,0.4801,,,nem
2026.08.17 12:00,2026.08.17 13:00,39N061432774000W,000000003404319313,0.2000,0.1942,,,nem
2026.08.17 12:00,2026.08.17 13:00,39N061434278000V,000000000027360271,1.2000,1.1651,,,nem
2026.08.17 12:00,2026.08.17 13:00,39N0614360320009,000003400028663807,0.0000,0.0000,,,nem
2026.08.17 12:00,2026.08.17 13:00,39N0614360330004,000003400029003972,0.0000,0.0000,,,nem
2026.08.17 12:00,2026.08.17 13:00,39N061436035000V,000003400028663901,0.0000,0.0000,,,nem
2026.08.17 12:00,2026.08.17 13:00,39N0614385900006,000003400028663783,0.0000,0.0000,,,nem
2026.08.17 12:00,2026.08.17 13:00,39N061442443000U,000036100006146087,1.3000,1.2622,,,nem
2026.08.17 13:00,2026.08.17 14:00,39N060000175000F,000011200000338683,0.0000,0.0000,,,nem
2026.08.17 13:00,2026.08.17 14:00,39N060001073000O,000000000006139414,12.0000,11.5224,,,nem
2026.08.17 13:00,2026.08.17 14:00,39N060001129000H,000017000001023298,25.9000,24.8692,,,nem
2026.08.17 13:00,2026.08.17 14:00,39N060005807000W,000011200000127418,0.0000,0.0000,,,nem
2026.08.17 13:00,2026.08.17 14:00,39N060005816000V,000017000009949791,1.7000,1.6505,,,nem
2026.08.17 13:00,2026.08.17 14:00,39N060005888000G,000011200000338692,0.0000,0.0000,,,nem
2026.08.17 13:00,2026.08.17 14:00,39N060005917000J,000006203403494571,3.0000,2.9127,,,nem
2026.08.17 13:00,2026.08.17 14:00,39N0600059220001,000028300000546980,0.6000,0.5698,,,nem
2026.08.17 13:00,2026.08.17 14:00,39N060005935000H,000000000000338639,3.3000,3.2040,,,nem
2026.08.17 13:00,2026.08.17 14:00,39N060005969000G,000000000021600969,0.0000,0.0000,,,nem
2026.08.17 13:00,2026.08.17 14:00,39N0600059720008,000011200009929313,0.0000,0.0000,,,nem
2026.08.17 13:00,2026.08.17 14:00,39N0600061150003,SC07000002018,1.0000,0.9700,,,nem
2026.08.17 13:00,2026.08.17 14:00,39N060006119000K,K114000009/2025,0.0000,0.0000,,,nem
2026.08.17 13:00,2026.08.17 14:00,39N0600061830008,K10300002009/14,4.1910,4.0000,,,nem
2026.08.17 13:00,2026.08.17 14:00,39N060006194000Y,K11200002014/40,7.8730,11.0000,,,nem
2026.08.17 13:00,2026.08.17 14:00,39N060006457000M,K3SC03403923059,0.0000,0.0000,,,nem
2026.08.17 13:00,2026.08.17 14:00,39N0600064860009,K3SC03403701666,0.0000,0.0000,,,nem
2026.08.17 13:00,2026.08.17 14:00,39N060006533000A,000011200000050026,2.0000,1.9418,,,nem
2026.08.17 13:00,2026.08.17 14:00,39N060008259000A,000011100000109546,0.0000,0.0000,,,nem
2026.08.17 13:00,2026.08.17 14:00,39N060008259000A,000033100035200420,0.0000,0.0000,,,nem
2026.08.17 13:00,2026.08.17 14:00,39N0600182680000,000028300000522181,0.0000,0.0000,,,nem
2026.08.17 13:00,2026.08.17 14:00,39N0600416330007,000003800032476907,0.0000,0.0000,,,igen
2026.08.17 13:00,2026.08.17 14:00,39N060056860000F,000052600000920561,0.6000,0.5825,,,nem
2026.08.17 13:00,2026.08.17 14:00,39N060735330000O,000000000029004173,1.9000,1.8044,,,nem
2026.08.17 13:00,2026.08.17 14:00,39N060735731000S,000051303403421788,0.0000,0.0000,,,nem
2026.08.17 13:00,2026.08.17 14:00,39N060735761000A,000052600000920734,0.0000,0.0000,,,nem
2026.08.17 13:00,2026.08.17 14:00,39N060735799000Q,000052600000922844,0.0000,0.0000,,,nem
2026.08.17 13:00,2026.08.17 14:00,39N0607556590002,000051900015179178,13.2000,12.8159,,,nem
2026.08.17 13:00,2026.08.17 14:00,39N060760989000V,000000003401922868,4.9900,18.8822,,,nem
2026.08.17 13:00,2026.08.17 14:00,39N060760989000V,000051400032414003,0.2200,0.2229,,,nem
2026.08.17 13:00,2026.08.17 14:00,39N060781564000X,000033900035704540,0.0000,0.0000,,,nem
2026.08.17 13:00,2026.08.17 14:00,39N060796913000S,000052600000924363,2.5000,2.3743,,,nem
2026.08.17 13:00,2026.08.17 14:00,39N060800931000Y,000000000033799349,0.0000,0.0000,,,nem
2026.08.17 13:00,2026.08.17 14:00,39N060800984000Q,000017000001120640,0.0000,0.0000,,,nem
2026.08.17 13:00,2026.08.17 14:00,39N060801557000C,000036100006146062,0.0000,0.0000,,,nem
2026.08.17 13:00,2026.08.17 14:00,39N060801582000J,000033900028664638,0.6000,0.5825,,,nem
2026.08.17 13:00,2026.08.17 14:00,39N060802666000X,000000000006139331,1.6000,1.5534,,,nem
2026.08.17 13:00,2026.08.17 14:00,39N060803151000H,000017000000034192,0.9000,0.8738,,,nem
2026.08.17 13:00,2026.08.17 14:00,39N060804167000A,000006201754706015,0.0000,0.0000,,,nem
2026.08.17 13:00,2026.08.17 14:00,39N060813408000J,000028400084254045,0.0000,0.0000,,,nem
2026.08.17 13:00,2026.08.17 14:00,39N0608168850008,000033900035704532,1.0000,0.9709,,,nem
2026.08.17 13:00,2026.08.17 14:00,39N060828512000O,K11602346105795,2.0000,2.0600,,,nem
2026.08.17 13:00,2026.08.17 14:00,39N060850045000Q,000017000000338654,0.4000,0.3841,,,igen
2026.08.17 13:00,2026.08.17 14:00,39N060850088000O,000000000027360225,0.7000,0.6721,,,nem
2026.08.17 13:00,2026.08.17 14:00,39N060851079000H,000016100500642248,0.0000,0.0000,,,nem
2026.08.17 13:00,2026.08.17 14:00,39N060851079000H,000016101400950739,0.0000,0.0000,,,nem
2026.08.17 13:00,2026.08.17 14:00,39N060851079000H,000016101501060302,0.0000,0.0000,,,nem
2026.08.17 13:00,2026.08.17 14:00,39N060851079000H,000033900028664722,0.0000,0.0000,,,nem
2026.08.17 13:00,2026.08.17 14:00,39N060851838000R,000033900028664566,0.0000,0.0000,,,nem
2026.08.17 13:00,2026.08.17 14:00,39N060852035000G,000000000005856541,0.0000,0.0000,,,nem
2026.08.17 13:00,2026.08.17 14:00,39N060852647000W,000000000000099523,0.1000,0.0971,,,nem
2026.08.17 13:00,2026.08.17 14:00,39N060854045000V,000036100035199036,1.1000,1.0680,,,nem
2026.08.17 13:00,2026.08.17 14:00,39N060855999000L,000035500084242956,0.0000,0.0000,,,igen
2026.08.17 13:00,2026.08.17 14:00,39N060878229000X,000003800029004033,0.0000,0.0000,,,igen
2026.08.17 13:00,2026.08.17 14:00,39N0609041660005,000003400035704397,0.0000,0.0000,,,nem
2026.08.17 13:00,2026.08.17 14:00,39N0609041660005,000006203403494604,0.8000,0.7682,,,nem
2026.08.17 13:00,2026.08.17 14:00,39N060905244000C,000000000005856271,0.0000,0.0000,,,nem
2026.08.17 13:00,2026.08.17 14:00,39N060907248000D,000028300000222218,0.0000,0.0000,,,nem
2026.08.17 13:00,2026.08.17 14:00,39N060909163000H,000017000000323118,4.4000,4.1787,,,nem
2026.08.17 13:00,2026.08.17 14:00,39N060909635000R,000011200000939880,0.0000,0.0000,,,nem
2026.08.17 13:00,2026.08.17 14:00,39N060909668000V,000003400029573718,0.0000,0.0000,,,nem
2026.08.17 13:00,2026.08.17 14:00,39N060909668000V,000028300000921860,0.1000,0.0971,,,nem
2026.08.17 13:00,2026.08.17 14:00,39N060910399000I,000000000015179098,0.0000,0.0000,,,nem
2026.08.17 13:00,2026.08.17 14:00,39N0609576930009,000036100035199133,0.0000,0.0000,,,nem
2026.08.17 13:00,2026.08.17 14:00,39N060957708000V,000016101400945632,0.0000,0.0000,,,nem
2026.08.17 13:00,2026.08.17 14:00,39N060957708000V,000035200035201443,0.0000,0.0000,,,nem
2026.08.17 13:00,2026.08.17 14:00,39N0609591810007,000017000000228833,0.7000,0.6796,,,nem
2026.08.17 13:00,2026.08.17 14:00,39N060959331000N,000028300000921876,0.0000,0.0000,,,nem
2026.08.17 13:00,2026.08.17 14:00,39N060959437000N,000011200001120693,0.0000,0.0000,,,nem
2026.08.17 13:00,2026.08.17 14:00,39N060959695000K,000011100000116018,7.7000,7.3935,,,nem
2026.08.17 13:00,2026.08.17 14:00,39N060960379000M,000033100035200070,0.0000,0.0000,,,nem
2026.08.17 13:00,2026.08.17 14:00,39N060960379000M,000035200035199870,3.1000,3.0098,,,nem
2026.08.17 13:00,2026.08.17 14:00,39N060961173000L,000000000035201061,0.1000,0.0971,,,nem
2026.08.17 13:00,2026.08.17 14:00,39N060961591000S,K3SC08000002382,0.0000,0.0000,,,nem
2026.08.17 13:00,2026.08.17 14:00,39N060963554000L,000000000015081701,5.2000,5.0487,,,nem
2026.08.17 13:00,2026.08.17 14:00,39N060972518000O,000052600000920115,1.0000,0.9709,,,nem
2026.08.17 13:00,2026.08.17 14:00,39N0610083130009,000036100035199130,0.0000,0.0000,,,nem
2026.08.17 13:00,2026.08.17 14:00,39N061011000000O,000017000000921883,0.0000,0.0000,,,nem
2026.08.17 13:00,2026.08.17 14:00,39N061011943000X,K3SC08000001974,0.0000,0.0000,,,nem
2026.08.17 13:00,2026.08.17 14:00,39N061014839000T,000011500000109645,0.0000,0.0000,,,nem
2026.08.17 13:00,2026.08.17 14:00,39N061030420000B,000028400084254048,0.7000,0.6648,,,nem
2026.08.17 13:00,2026.08.17 14:00,39N061033384000C,000000000035817692,0.0000,0.0000,,,nem
2026.08.17 13:00,2026.08.17 14:00,39N061033384000C,000017000000921900,0.0000,0.0000,,,nem
2026.08.17 13:00,2026.08.17 14:00,39N0610340960009,000033900029004124,0.7000,0.6796,,,nem
2026.08.17 13:00,2026.08.17 14:00,39N061059787000E,000004200032394437,0.0000,0.0000,,,nem
2026.08.17 13:00,2026.08.17 14:00,39N061059787000E,000017000009716405,0.0000,0.0000,,,nem
2026.08.17 13:00,2026.08.17 14:00,39N0610610180007,000000000035201000,4.0000,3.8836,,,nem
2026.08.17 13:00,2026.08.17 14:00,39N061061836000N,000000000700710745,0.0000,0.0000,,,nem
2026.08.17 13:00,2026.08.17 14:00,39N061061836000N,000016101501053013,0.0000,0.0000,,,nem
2026.08.17 13:00,2026.08.17 14:00,39N061061836000N,000033900028664501,0.0000,0.0000,,,nem
2026.08.17 13:00,2026.08.17 14:00,39N061061836000N,000054902500064724,0.0000,0.0000,,,nem
2026.08.17 13:00,2026.08.17 14:00,39N061063215000T,000006203403494595,0.0000,0.0000,,,nem
2026.08.17 13:00,2026.08.17 14:00,39N0610634430007,K11602346105776,3.0000,3.1200,,,nem
2026.08.17 13:00,2026.08.17 14:00,39N061064322000N,000017000000921927,0.0000,0.0000,,,nem
2026.08.17 13:00,2026.08.17 14:00,39N061065010000F,000016101300872121,0.0300,0.0294,,,nem
2026.08.17 13:00,2026.08.17 14:00,39N061065010000F,000052600000922077,2.4000,2.3302,,,nem
2026.08.17 13:00,2026.08.17 14:00,39N0610655730003,000033900029004198,0.0000,0.0000,,,nem
2026.08.17 13:00,2026.08.17 14:00,39N0610658850003,000036100006146191,0.2000,0.1942,,,nem
2026.08.17 13:00,2026.08.17 14:00,39N061111992000Z,000003400035704393,0.0000,0.0000,,,nem
2026.08.17 13:00,2026.08.17 14:00,39N061111992000Z,000036100006146095,0.8000,0.7767,,,nem
2026.08.17 13:00,2026.08.17 14:00,39N0611124530007,000003600005856462,0.0000,0.0000,,,nem
2026.08.17 13:00,2026.08.17 14:00,39N061113689000B,000000000005856294,0.0000,0.0000,,,igen
2026.08.17 13:00,2026.08.17 14:00,39N0611137880009,000000003404319296,2.9000,2.8156,,,nem
2026.08.17 13:00,2026.08.17 14:00,39N061114589000A,000006203404220198,1.4000,1.3593,,,nem
2026.08.17 13:00,2026.08.17 14:00,39N061116064000T,000028300000821328,0.0000,0.0000,,,nem
2026.08.17 13:00,2026.08.17 14:00,39N0611165530005,000000003404271788,0.0000,0.0000,,,nem
2026.08.17 13:00,2026.08.17 14:00,39N0611165530005,000028300021600966,0.0000,0.0000,,,nem
2026.08.17 13:00,2026.08.17 14:00,39N061117137000H,000000000033998448,0.0000,0.0000,,,nem
2026.08.17 13:00,2026.08.17 14:00,39N061117137000H,000037300035198695,0.1000,0.0971,,,nem
2026.08.17 13:00,2026.08.17 14:00,39N061128059000M,000017000000338640,0.0000,0.0000,,,nem
2026.08.17 13:00,2026.08.17 14:00,39N061163033000V,000000003404271784,1.6200,1.5729,,,nem
2026.08.17 13:00,2026.08.17 14:00,39N061164713000N,000016101400945331,0.0000,0.0000,,,nem
2026.08.17 13:00,2026.08.17 14:00,39N061164713000N,000017000000323144,0.0000,0.0000,,,nem
2026.08.17 13:00,2026.08.17 14:00,39N061165614000H,000028300001120580,0.0000,0.0000,,,nem
2026.08.17 13:00,2026.08.17 14:00,39N061166511000V,000028300001023276,0.2000,0.1942,,,nem
2026.08.17 13:00,2026.08.17 14:00,39N0611670050007,000003400031280543,0.0000,0.0000,,,nem
2026.08.17 13:00,2026.08.17 14:00,39N0611670050007,000051900015179291,0.0000,0.0000,,,nem
2026.08.17 13:00,2026.08.17 14:00,39N061167618000I,000011100000109538,0.0000,0.0000,,,nem
2026.08.17 13:00,2026.08.17 14:00,39N061168462000O,000000000021600956,0.0000,0.0000,,,nem
2026.08.17 13:00,2026.08.17 14:00,39N061168462000O,000016101501052057,0.0000,0.0000,,,nem
2026.08.17 13:00,2026.08.17 14:00,39N061177126000B,000003800033998439,0.2000,0.2004,,,nem
2026.08.17 13:00,2026.08.17 14:00,39N061177126000B,000016101400941206,0.0000,0.0000,,,nem
2026.08.17 13:00,2026.08.17 14:00,39N061177520000D,000000001701120781,0.0200,0.0192,,,nem
2026.08.17 13:00,2026.08.17 14:00,39N061177520000D,000011500000109643,3.0000,2.8806,,,nem
2026.08.17 13:00,2026.08.17 14:00,39N061177520000D,000035200035199236,0.5000,0.4801,,,nem
2026.08.17 13:00,2026.08.17 14:00,39N0613073350002,K3SC08000001972,5.0000,4.9220,,,igen
2026.08.17 13:00,2026.08.17 14:00,39N061422451000F,000000000006139400,0.7000,0.6721,,,nem
2026.08.17 13:00,2026.08.17 14:00,39N061426021000T,000000000000732191,0.0000,0.0000,,,nem
2026.08.17 13:00,2026.08.17 14:00,39N061429480000K,000017000000323128,0.0000,0.0000,,,nem
2026.08.17 13:00,2026.08.17 14:00,39N0614301610000,000028300021600959,0.5000,0.4801,,,nem
2026.08.17 13:00,2026.08.17 14:00,39N061432774000W,000000003404319313,0.1000,0.0971,,,nem
2026.08.17 13:00,2026.08.17 14:00,39N061434278000V,000000000027360271,0.5000,0.4855,,,nem
2026.08.17 13:00,2026.08.17 14:00,39N0614360320009,000003400028663807,0.0000,0.0000,,,nem
2026.08.17 13:00,2026.08.17 14:00,39N0614360330004,000003400029003972,0.0000,0.0000,,,nem
2026.08.17 13:00,2026.08.17 14:00,39N061436035000V,000003400028663901,0.0000,0.0000,,,nem
2026.08.17 13:00,2026.08.17 14:00,39N0614385900006,000003400028663783,0.0000,0.0000,,,nem
2026.08.17 13:00,2026.08.17 14:00,39N061442443000U,000036100006146087,0.0000,0.0000,,,nem
2026.08.17 14:00,2026.08.17 15:00,39N060000175000F,000011200000338683,0.0000,0.0000,,,nem
2026.08.17 14:00,2026.08.17 15:00,39N060001073000O,000000000006139414,13.4000,12.8667,,,nem
2026.08.17 14:00,2026.08.17 15:00,39N060001129000H,000017000001023298,16.3000,15.6513,,,nem
2026.08.17 14:00,2026.08.17 15:00,39N060005807000W,000011200000127418,0.0000,0.0000,,,nem
2026.08.17 14:00,2026.08.17 15:00,39N060005816000V,000017000009949791,9.5000,9.2236,,,nem
2026.08.17 14:00,2026.08.17 15:00,39N060005888000G,000011200000338692,0.0000,0.0000,,,nem
2026.08.17 14:00,2026.08.17 15:00,39N060005917000J,000006203403494571,2.9000,2.8156,,,nem
2026.08.17 14:00,2026.08.17 15:00,39N0600059220001,000028300000546980,0.4000,0.3799,,,nem
2026.08.17 14:00,2026.08.17 15:00,39N060005935000H,000000000000338639,4.6000,4.4661,,,nem
2026.08.17 14:00,2026.08.17 15:00,39N060005969000G,000000000021600969,0.0000,0.0000,,,nem
2026.08.17 14:00,2026.08.17 15:00,39N0600059720008,000011200009929313,0.0000,0.0000,,,nem
2026.08.17 14:00,2026.08.17 15:00,39N0600061150003,SC07000002018,1.0000,0.9710,,,nem
2026.08.17 14:00,2026.08.17 15:00,39N060006119000K,K114000009/2025,0.0000,0.0000,,,nem
2026.08.17 14:00,2026.08.17 15:00,39N0600061830008,K10300002009/14,3.1520,3.0000,,,nem
2026.08.17 14:00,2026.08.17 15:00,39N060006194000Y,K11200002014/40,7.9210,11.0000,,,nem
2026.08.17 14:00,2026.08.17 15:00,39N060006457000M,K3SC03403923059,0.0000,0.0000,,,nem
2026.08.17 14:00,2026.08.17 15:00,39N0600064860009,K3SC03403701666,0.0000,0.0000,,,nem
2026.08.17 14:00,2026.08.17 15:00,39N060006533000A,000011200000050026,3.0000,2.9127,,,nem
2026.08.17 14:00,2026.08.17 15:00,39N060008259000A,000011100000109546,0.0000,0.0000,,,nem
2026.08.17 14:00,2026.08.17 15:00,39N060008259000A,000033100035200420,0.0000,0.0000,,,nem
2026.08.17 14:00,2026.08.17 15:00,39N0600182680000,000028300000522181,0.0000,0.0000,,,nem
2026.08.17 14:00,2026.08.17 15:00,39N0600416330007,000003800032476907,0.0000,0.0000,,,igen
2026.08.17 14:00,2026.08.17 15:00,39N060056860000F,000052600000920561,0.0000,0.0000,,,nem
2026.08.17 14:00,2026.08.17 15:00,39N060735330000O,000000000029004173,1.0000,0.9497,,,nem
2026.08.17 14:00,2026.08.17 15:00,39N060735731000S,000051303403421788,0.0000,0.0000,,,nem
2026.08.17 14:00,2026.08.17 15:00,39N060735761000A,000052600000920734,0.0000,0.0000,,,nem
2026.08.17 14:00,2026.08.17 15:00,39N060735799000Q,000052600000922844,0.0000,0.0000,,,nem
2026.08.17 14:00,2026.08.17 15:00,39N0607556590002,000051900015179178,5.4000,5.2429,,,nem
2026.08.17 14:00,2026.08.17 15:00,39N060760989000V,000000003401922868,4.9400,18.6930,,,nem
2026.08.17 14:00,2026.08.17 15:00,39N060760989000V,000051400032414003,0.3500,0.3547,,,nem
2026.08.17 14:00,2026.08.17 15:00,39N060781564000X,000033900035704540,0.0000,0.0000,,,nem
2026.08.17 14:00,2026.08.17 15:00,39N060796913000S,000052600000924363,1.0000,0.9497,,,nem
2026.08.17 14:00,2026.08.17 15:00,39N060800931000Y,000000000033799349,0.0000,0.0000,,,nem
2026.08.17 14:00,2026.08.17 15:00,39N060800984000Q,000017000001120640,0.0000,0.0000,,,nem
2026.08.17 14:00,2026.08.17 15:00,39N060801557000C,000036100006146062,0.0000,0.0000,,,nem
2026.08.17 14:00,2026.08.17 15:00,39N060801582000J,000033900028664638,0.5000,0.4855,,,nem
2026.08.17 14:00,2026.08.17 15:00,39N060802666000X,000000000006139331,0.8000,0.7767,,,nem
2026.08.17 14:00,2026.08.17 15:00,39N060803151000H,000017000000034192,2.0000,1.9418,,,nem
2026.08.17 14:00,2026.08.17 15:00,39N060804167000A,000006201754706015,0.0000,0.0000,,,nem
2026.08.17 14:00,2026.08.17 15:00,39N060813408000J,000028400084254045,0.0000,0.0000,,,nem
2026.08.17 14:00,2026.08.17 15:00,39N0608168850008,000033900035704532,0.0000,0.0000,,,nem
2026.08.17 14:00,2026.08.17 15:00,39N060828512000O,K11602346105795,3.0000,3.0700,,,nem
2026.08.17 14:00,2026.08.17 15:00,39N060850045000Q,000017000000338654,5.2000,4.9930,,,igen
2026.08.17 14:00,2026.08.17 15:00,39N060850088000O,000000000027360225,0.6000,0.5761,,,nem
2026.08.17 14:00,2026.08.17 15:00,39N060851079000H,000016100500642248,0.0000,0.0000,,,nem
2026.08.17 14:00,2026.08.17 15:00,39N060851079000H,000016101400950739,0.0000,0.0000,,,nem
2026.08.17 14:00,2026.08.17 15:00,39N060851079000H,000016101501060302,0.0000,0.0000,,,nem
2026.08.17 14:00,2026.08.17 15:00,39N060851079000H,000033900028664722,0.0000,0.0000,,,nem
2026.08.17 14:00,2026.08.17 15:00,39N060851838000R,000033900028664566,0.0000,0.0000,,,nem
2026.08.17 14:00,2026.08.17 15:00,39N060852035000G,000000000005856541,0.0000,0.0000,,,nem
2026.08.17 14:00,2026.08.17 15:00,39N060852647000W,000000000000099523,0.0000,0.0000,,,nem
2026.08.17 14:00,2026.08.17 15:00,39N060854045000V,000036100035199036,0.1000,0.0971,,,nem
2026.08.17 14:00,2026.08.17 15:00,39N060855999000L,000035500084242956,0.0000,0.0000,,,igen
2026.08.17 14:00,2026.08.17 15:00,39N060878229000X,000003800029004033,0.1000,0.0960,,,igen
2026.08.17 14:00,2026.08.17 15:00,39N0609041660005,000003400035704397,0.0000,0.0000,,,nem
2026.08.17 14:00,2026.08.17 15:00,39N0609041660005,000006203403494604,0.7000,0.6721,,,nem
2026.08.17 14:00,2026.08.17 15:00,39N060905244000C,000000000005856271,0.0000,0.0000,,,nem
2026.08.17 14:00,2026.08.17 15:00,39N060907248000D,000028300000222218,0.0000,0.0000,,,nem
2026.08.17 14:00,2026.08.17 15:00,39N060909163000H,000017000000323118,0.0000,0.0000,,,nem
2026.08.17 14:00,2026.08.17 15:00,39N060909635000R,000011200000939880,0.0000,0.0000,,,nem
2026.08.17 14:00,2026.08.17 15:00,39N060909668000V,000003400029573718,0.0000,0.0000,,,nem
2026.08.17 14:00,2026.08.17 15:00,39N060909668000V,000028300000921860,0.0000,0.0000,,,nem
2026.08.17 14:00,2026.08.17 15:00,39N060910399000I,000000000015179098,0.0000,0.0000,,,nem
2026.08.17 14:00,2026.08.17 15:00,39N0609576930009,000036100035199133,0.0000,0.0000,,,nem
2026.08.17 14:00,2026.08.17 15:00,39N060957708000V,000016101400945632,0.0000,0.0000,,,nem
2026.08.17 14:00,2026.08.17 15:00,39N060957708000V,000035200035201443,1.4000,1.4188,,,nem
2026.08.17 14:00,2026.08.17 15:00,39N0609591810007,000017000000228833,1.4000,1.3593,,,nem
2026.08.17 14:00,2026.08.17 15:00,39N060959331000N,000028300000921876,0.0000,0.0000,,,nem
2026.08.17 14:00,2026.08.17 15:00,39N060959437000N,000011200001120693,0.0000,0.0000,,,nem
2026.08.17 14:00,2026.08.17 15:00,39N060959695000K,000011100000116018,7.8000,7.4896,,,nem
2026.08.17 14:00,2026.08.17 15:00,39N060960379000M,000033100035200070,0.0000,0.0000,,,nem
2026.08.17 14:00,2026.08.17 15:00,39N060960379000M,000035200035199870,1.4000,1.3593,,,nem
2026.08.17 14:00,2026.08.17 15:00,39N060961173000L,000000000035201061,0.0000,0.0000,,,nem
2026.08.17 14:00,2026.08.17 15:00,39N060961591000S,K3SC08000002382,0.0000,0.0000,,,nem
2026.08.17 14:00,2026.08.17 15:00,39N060963554000L,000000000015081701,3.6000,3.4952,,,nem
2026.08.17 14:00,2026.08.17 15:00,39N060972518000O,000052600000920115,0.9000,0.8738,,,nem
2026.08.17 14:00,2026.08.17 15:00,39N0610083130009,000036100035199130,0.0000,0.0000,,,nem
2026.08.17 14:00,2026.08.17 15:00,39N061011000000O,000017000000921883,0.0000,0.0000,,,nem
2026.08.17 14:00,2026.08.17 15:00,39N061011943000X,K3SC08000001974,0.0000,0.0000,,,nem
2026.08.17 14:00,2026.08.17 15:00,39N061014839000T,000011500000109645,0.5000,0.6102,,,nem
2026.08.17 14:00,2026.08.17 15:00,39N061030420000B,000028400084254048,0.0000,0.0000,,,nem
2026.08.17 14:00,2026.08.17 15:00,39N061033384000C,000000000035817692,0.0000,0.0000,,,nem
2026.08.17 14:00,2026.08.17 15:00,39N061033384000C,000017000000921900,1.0000,0.9709,,,nem
2026.08.17 14:00,2026.08.17 15:00,39N0610340960009,000033900029004124,0.4000,0.3884,,,nem
2026.08.17 14:00,2026.08.17 15:00,39N061059787000E,000004200032394437,0.0000,0.0000,,,nem
2026.08.17 14:00,2026.08.17 15:00,39N061059787000E,000017000009716405,0.0000,0.0000,,,nem
2026.08.17 14:00,2026.08.17 15:00,39N0610610180007,000000000035201000,2.6000,2.5243,,,nem
2026.08.17 14:00,2026.08.17 15:00,39N061061836000N,000000000700710745,0.0000,0.0000,,,nem
2026.08.17 14:00,2026.08.17 15:00,39N061061836000N,000016101501053013,0.0000,0.0000,,,nem
2026.08.17 14:00,2026.08.17 15:00,39N061061836000N,000033900028664501,0.0000,0.0000,,,nem
2026.08.17 14:00,2026.08.17 15:00,39N061061836000N,000054902500064724,0.0000,0.0000,,,nem
2026.08.17 14:00,2026.08.17 15:00,39N061063215000T,000006203403494595,0.0000,0.0000,,,nem
2026.08.17 14:00,2026.08.17 15:00,39N0610634430007,K11602346105776,8.0000,8.2700,,,nem
2026.08.17 14:00,2026.08.17 15:00,39N061064322000N,000017000000921927,0.0000,0.0000,,,nem
2026.08.17 14:00,2026.08.17 15:00,39N061065010000F,000016101300872121,0.0500,0.0489,,,nem
2026.08.17 14:00,2026.08.17 15:00,39N061065010000F,000052600000922077,0.3000,0.2913,,,nem
2026.08.17 14:00,2026.08.17 15:00,39N0610655730003,000033900029004198,0.0000,0.0000,,,nem
2026.08.17 14:00,2026.08.17 15:00,39N0610658850003,000036100006146191,0.9000,0.8738,,,nem
2026.08.17 14:00,2026.08.17 15:00,39N061111992000Z,000003400035704393,0.0000,0.0000,,,nem
2026.08.17 14:00,2026.08.17 15:00,39N061111992000Z,000036100006146095,0.5000,0.4855,,,nem
2026.08.17 14:00,2026.08.17 15:00,39N0611124530007,000003600005856462,0.0000,0.0000,,,nem
2026.08.17 14:00,2026.08.17 15:00,39N061113689000B,000000000005856294,0.0000,0.0000,,,igen
2026.08.17 14:00,2026.08.17 15:00,39N0611137880009,000000003404319296,3.4000,3.3011,,,nem
2026.08.17 14:00,2026.08.17 15:00,39N061114589000A,000006203404220198,1.2000,1.1651,,,nem
2026.08.17 14:00,2026.08.17 15:00,39N061116064000T,000028300000821328,0.1000,0.0971,,,nem
2026.08.17 14:00,2026.08.17 15:00,39N0611165530005,000000003404271788,0.0000,0.0000,,,nem
2026.08.17 14:00,2026.08.17 15:00,39N0611165530005,000028300021600966,0.0000,0.0000,,,nem
2026.08.17 14:00,2026.08.17 15:00,39N061117137000H,000000000033998448,0.0000,0.0000,,,nem
2026.08.17 14:00,2026.08.17 15:00,39N061117137000H,000037300035198695,0.1000,0.0971,,,nem
2026.08.17 14:00,2026.08.17 15:00,39N061128059000M,000017000000338640,0.0000,0.0000,,,nem
2026.08.17 14:00,2026.08.17 15:00,39N061163033000V,000000003404271784,0.0500,0.0485,,,nem
2026.08.17 14:00,2026.08.17 15:00,39N061164713000N,000016101400945331,0.0000,0.0000,,,nem
2026.08.17 14:00,2026.08.17 15:00,39N061164713000N,000017000000323144,0.0000,0.0000,,,nem
2026.08.17 14:00,2026.08.17 15:00,39N061165614000H,000028300001120580,0.0000,0.0000,,,nem
2026.08.17 14:00,2026.08.17 15:00,39N061166511000V,000028300001023276,0.0000,0.0000,,,nem
2026.08.17 14:00,2026.08.17 15:00,39N0611670050007,000003400031280543,0.0000,0.0000,,,nem
2026.08.17 14:00,2026.08.17 15:00,39N0611670050007,000051900015179291,0.0000,0.0000,,,nem
2026.08.17 14:00,2026.08.17 15:00,39N061167618000I,000011100000109538,0.0000,0.0000,,,nem
2026.08.17 14:00,2026.08.17 15:00,39N061168462000O,000000000021600956,0.0000,0.0000,,,nem
2026.08.17 14:00,2026.08.17 15:00,39N061168462000O,000016101501052057,0.0000,0.0000,,,nem
2026.08.17 14:00,2026.08.17 15:00,39N061177126000B,000003800033998439,0.3000,0.3007,,,nem
2026.08.17 14:00,2026.08.17 15:00,39N061177126000B,000016101400941206,0.0000,0.0000,,,nem
2026.08.17 14:00,2026.08.17 15:00,39N061177520000D,000000001701120781,0.0100,0.0096,,,nem
2026.08.17 14:00,2026.08.17 15:00,39N061177520000D,000011500000109643,2.5000,2.4005,,,nem
2026.08.17 14:00,2026.08.17 15:00,39N061177520000D,000035200035199236,0.2000,0.1920,,,nem
2026.08.17 14:00,2026.08.17 15:00,39N0613073350002,K3SC08000001972,5.0000,4.9190,,,igen
2026.08.17 14:00,2026.08.17 15:00,39N061422451000F,000000000006139400,2.1000,2.0164,,,nem
2026.08.17 14:00,2026.08.17 15:00,39N061426021000T,000000000000732191,0.0000,0.0000,,,nem
2026.08.17 14:00,2026.08.17 15:00,39N061429480000K,000017000000323128,0.0000,0.0000,,,nem
2026.08.17 14:00,2026.08.17 15:00,39N0614301610000,000028300021600959,0.8000,0.7682,,,nem
2026.08.17 14:00,2026.08.17 15:00,39N061432774000W,000000003404319313,0.1000,0.0971,,,nem
2026.08.17 14:00,2026.08.17 15:00,39N061434278000V,000000000027360271,1.0000,0.9709,,,nem
2026.08.17 14:00,2026.08.17 15:00,39N0614360320009,000003400028663807,0.0000,0.0000,,,nem
2026.08.17 14:00,2026.08.17 15:00,39N0614360330004,000003400029003972,0.0000,0.0000,,,nem
2026.08.17 14:00,2026.08.17 15:00,39N061436035000V,000003400028663901,0.0000,0.0000,,,nem
2026.08.17 14:00,2026.08.17 15:00,39N0614385900006,000003400028663783,0.0000,0.0000,,,nem
2026.08.17 14:00,2026.08.17 15:00,39N061442443000U,000036100006146087,0.0000,0.0000,,,nem
2026.08.17 15:00,2026.08.17 16:00,39N060000175000F,000011200000338683,0.0000,0.0000,,,nem
2026.08.17 15:00,2026.08.17 16:00,39N060001073000O,000000000006139414,13.2000,12.6746,,,nem
2026.08.17 15:00,2026.08.17 16:00,39N060001129000H,000017000001023298,8.5000,8.1617,,,nem
2026.08.17 15:00,2026.08.17 16:00,39N060005807000W,000011200000127418,0.0000,0.0000,,,nem
2026.08.17 15:00,2026.08.17 16:00,39N060005816000V,000017000009949791,2.1000,2.0389,,,nem
2026.08.17 15:00,2026.08.17 16:00,39N060005888000G,000011200000338692,0.0000,0.0000,,,nem
2026.08.17 15:00,2026.08.17 16:00,39N060005917000J,000006203403494571,2.7000,2.6214,,,nem
2026.08.17 15:00,2026.08.17 16:00,39N0600059220001,000028300000546980,0.2000,0.1899,,,nem
2026.08.17 15:00,2026.08.17 16:00,39N060005935000H,000000000000338639,2.7000,2.6214,,,nem
2026.08.17 15:00,2026.08.17 16:00,39N060005969000G,000000000021600969,0.0000,0.0000,,,nem
2026.08.17 15:00,2026.08.17 16:00,39N0600059720008,000011200009929313,0.0000,0.0000,,,nem
2026.08.17 15:00,2026.08.17 16:00,39N0600061150003,SC07000002018,2.0000,1.9400,,,nem
2026.08.17 15:00,2026.08.17 16:00,39N060006119000K,K114000009/2025,0.0000,0.0000,,,nem
2026.08.17 15:00,2026.08.17 16:00,39N0600061830008,K10300002009/14,2.0930,2.0000,,,nem
2026.08.17 15:00,2026.08.17 16:00,39N060006194000Y,K11200002014/40,7.9050,11.0000,,,nem
2026.08.17 15:00,2026.08.17 16:00,39N060006457000M,K3SC03403923059,0.0000,0.0000,,,nem
2026.08.17 15:00,2026.08.17 16:00,39N0600064860009,K3SC03403701666,0.0000,0.0000,,,nem
2026.08.17 15:00,2026.08.17 16:00,39N060006533000A,000011200000050026,2.0000,1.9418,,,nem
2026.08.17 15:00,2026.08.17 16:00,39N060008259000A,000011100000109546,0.0000,0.0000,,,nem
2026.08.17 15:00,2026.08.17 16:00,39N060008259000A,000033100035200420,0.0000,0.0000,,,nem
2026.08.17 15:00,2026.08.17 16:00,39N0600182680000,000028300000522181,0.0000,0.0000,,,nem
2026.08.17 15:00,2026.08.17 16:00,39N0600416330007,000003800032476907,0.0000,0.0000,,,igen
2026.08.17 15:00,2026.08.17 16:00,39N060056860000F,000052600000920561,0.0000,0.0000,,,nem
2026.08.17 15:00,2026.08.17 16:00,39N060735330000O,000000000029004173,0.4000,0.3799,,,nem
2026.08.17 15:00,2026.08.17 16:00,39N060735731000S,000051303403421788,0.0000,0.0000,,,nem
2026.08.17 15:00,2026.08.17 16:00,39N060735761000A,000052600000920734,0.0000,0.0000,,,nem
2026.08.17 15:00,2026.08.17 16:00,39N060735799000Q,000052600000922844,0.0000,0.0000,,,nem
2026.08.17 15:00,2026.08.17 16:00,39N0607556590002,000051900015179178,9.7000,9.4177,,,nem
2026.08.17 15:00,2026.08.17 16:00,39N060760989000V,000000003401922868,3.7100,14.0386,,,nem
2026.08.17 15:00,2026.08.17 16:00,39N060760989000V,000051400032414003,0.3400,0.3446,,,nem
2026.08.17 15:00,2026.08.17 16:00,39N060781564000X,000033900035704540,0.0000,0.0000,,,nem
2026.08.17 15:00,2026.08.17 16:00,39N060796913000S,000052600000924363,1.7000,1.6145,,,nem
2026.08.17 15:00,2026.08.17 16:00,39N060800931000Y,000000000033799349,0.0000,0.0000,,,nem
2026.08.17 15:00,2026.08.17 16:00,39N060800984000Q,000017000001120640,0.0000,0.0000,,,nem
2026.08.17 15:00,2026.08.17 16:00,39N060801557000C,000036100006146062,0.0000,0.0000,,,nem
2026.08.17 15:00,2026.08.17 16:00,39N060801582000J,000033900028664638,0.4000,0.3884,,,nem
2026.08.17 15:00,2026.08.17 16:00,39N060802666000X,000000000006139331,1.6000,1.5534,,,nem
2026.08.17 15:00,2026.08.17 16:00,39N060803151000H,000017000000034192,0.6000,0.5825,,,nem
2026.08.17 15:00,2026.08.17 16:00,39N060804167000A,000006201754706015,0.7000,0.7218,,,nem
2026.08.17 15:00,2026.08.17 16:00,39N060813408000J,000028400084254045,0.0000,0.0000,,,nem
2026.08.17 15:00,2026.08.17 16:00,39N0608168850008,000033900035704532,0.0000,0.0000,,,nem
2026.08.17 15:00,2026.08.17 16:00,39N060828512000O,K11602346105795,1.0000,1.0200,,,nem
2026.08.17 15:00,2026.08.17 16:00,39N060850045000Q,000017000000338654,0.4000,0.3841,,,igen
2026.08.17 15:00,2026.08.17 16:00,39N060850088000O,000000000027360225,0.6000,0.5761,,,nem
2026.08.17 15:00,2026.08.17 16:00,39N060851079000H,000016100500642248,0.0000,0.0000,,,nem
2026.08.17 15:00,2026.08.17 16:00,39N060851079000H,000016101400950739,0.0000,0.0000,,,nem
2026.08.17 15:00,2026.08.17 16:00,39N060851079000H,000016101501060302,0.0200,0.0194,,,nem
2026.08.17 15:00,2026.08.17 16:00,39N060851079000H,000033900028664722,0.0000,0.0000,,,nem
2026.08.17 15:00,2026.08.17 16:00,39N060851838000R,000033900028664566,0.0000,0.0000,,,nem
2026.08.17 15:00,2026.08.17 16:00,39N060852035000G,000000000005856541,0.0000,0.0000,,,nem
2026.08.17 15:00,2026.08.17 16:00,39N060852647000W,000000000000099523,0.3000,0.2913,,,nem
2026.08.17 15:00,2026.08.17 16:00,39N060854045000V,000036100035199036,1.3000,1.2622,,,nem
2026.08.17 15:00,2026.08.17 16:00,39N060855999000L,000035500084242956,0.0000,0.0000,,,igen
2026.08.17 15:00,2026.08.17 16:00,39N060878229000X,000003800029004033,0.0000,0.0000,,,igen
2026.08.17 15:00,2026.08.17 16:00,39N0609041660005,000003400035704397,0.0000,0.0000,,,nem
2026.08.17 15:00,2026.08.17 16:00,39N0609041660005,000006203403494604,0.8000,0.7682,,,nem
2026.08.17 15:00,2026.08.17 16:00,39N060905244000C,000000000005856271,0.0000,0.0000,,,nem
2026.08.17 15:00,2026.08.17 16:00,39N060907248000D,000028300000222218,0.0000,0.0000,,,nem
2026.08.17 15:00,2026.08.17 16:00,39N060909163000H,000017000000323118,4.5000,4.2737,,,nem
2026.08.17 15:00,2026.08.17 16:00,39N060909635000R,000011200000939880,0.0000,0.0000,,,nem
2026.08.17 15:00,2026.08.17 16:00,39N060909668000V,000003400029573718,0.0000,0.0000,,,nem
2026.08.17 15:00,2026.08.17 16:00,39N060909668000V,000028300000921860,0.1000,0.0971,,,nem
2026.08.17 15:00,2026.08.17 16:00,39N060910399000I,000000000015179098,0.0000,0.0000,,,nem
2026.08.17 15:00,2026.08.17 16:00,39N0609576930009,000036100035199133,0.0000,0.0000,,,nem
2026.08.17 15:00,2026.08.17 16:00,39N060957708000V,000016101400945632,0.0000,0.0000,,,nem
2026.08.17 15:00,2026.08.17 16:00,39N060957708000V,000035200035201443,0.0000,0.0000,,,nem
2026.08.17 15:00,2026.08.17 16:00,39N0609591810007,000017000000228833,2.2000,2.1360,,,nem
2026.08.17 15:00,2026.08.17 16:00,39N060959331000N,000028300000921876,0.0000,0.0000,,,nem
2026.08.17 15:00,2026.08.17 16:00,39N060959437000N,000011200001120693,0.0000,0.0000,,,nem
2026.08.17 15:00,2026.08.17 16:00,39N060959695000K,000011100000116018,10.9000,10.4662,,,nem
2026.08.17 15:00,2026.08.17 16:00,39N060960379000M,000033100035200070,0.0000,0.0000,,,nem
2026.08.17 15:00,2026.08.17 16:00,39N060960379000M,000035200035199870,1.9000,1.8590,,,nem
2026.08.17 15:00,2026.08.17 16:00,39N060961173000L,000000000035201061,0.0000,0.0000,,,nem
2026.08.17 15:00,2026.08.17 16:00,39N060961591000S,K3SC08000002382,0.0000,0.0000,,,nem
2026.08.17 15:00,2026.08.17 16:00,39N060963554000L,000000000015081701,1.0000,0.9709,,,nem
2026.08.17 15:00,2026.08.17 16:00,39N060972518000O,000052600000920115,0.8000,0.7767,,,nem
2026.08.17 15:00,2026.08.17 16:00,39N0610083130009,000036100035199130,0.0000,0.0000,,,nem
2026.08.17 15:00,2026.08.17 16:00,39N061011000000O,000017000000921883,0.0000,0.0000,,,nem
2026.08.17 15:00,2026.08.17 16:00,39N061011943000X,K3SC08000001974,5.0000,5.0850,,,nem
2026.08.17 15:00,2026.08.17 16:00,39N061014839000T,000011500000109645,0.0000,0.0000,,,nem
2026.08.17 15:00,2026.08.17 16:00,39N061030420000B,000028400084254048,0.6000,0.5741,,,nem
2026.08.17 15:00,2026.08.17 16:00,39N061033384000C,000000000035817692,0.0000,0.0000,,,nem
2026.08.17 15:00,2026.08.17 16:00,39N061033384000C,000017000000921900,1.0000,0.9709,,,nem
2026.08.17 15:00,2026.08.17 16:00,39N0610340960009,000033900029004124,0.7000,0.6796,,,nem
2026.08.17 15:00,2026.08.17 16:00,39N061059787000E,000004200032394437,0.0000,0.0000,,,nem
2026.08.17 15:00,2026.08.17 16:00,39N061059787000E,000017000009716405,0.0000,0.0000,,,nem
2026.08.17 15:00,2026.08.17 16:00,39N0610610180007,000000000035201000,0.2000,0.1942,,,nem
2026.08.17 15:00,2026.08.17 16:00,39N061061836000N,000000000700710745,0.0000,0.0000,,,nem
2026.08.17 15:00,2026.08.17 16:00,39N061061836000N,000016101501053013,0.0000,0.0000,,,nem
2026.08.17 15:00,2026.08.17 16:00,39N061061836000N,000033900028664501,0.0000,0.0000,,,nem
2026.08.17 15:00,2026.08.17 16:00,39N061061836000N,000054902500064724,0.0000,0.0000,,,nem
2026.08.17 15:00,2026.08.17 16:00,39N061063215000T,000006203403494595,0.0000,0.0000,,,nem
2026.08.17 15:00,2026.08.17 16:00,39N0610634430007,K11602346105776,3.0000,3.1000,,,nem
2026.08.17 15:00,2026.08.17 16:00,39N061064322000N,000017000000921927,0.0000,0.0000,,,nem
2026.08.17 15:00,2026.08.17 16:00,39N061065010000F,000016101300872121,0.0300,0.0294,,,nem
2026.08.17 15:00,2026.08.17 16:00,39N061065010000F,000052600000922077,0.2000,0.1942,,,nem
2026.08.17 15:00,2026.08.17 16:00,39N0610655730003,000033900029004198,0.0000,0.0000,,,nem
2026.08.17 15:00,2026.08.17 16:00,39N0610658850003,000036100006146191,1.1000,1.0680,,,nem
2026.08.17 15:00,2026.08.17 16:00,39N061111992000Z,000003400035704393,0.0000,0.0000,,,nem
2026.08.17 15:00,2026.08.17 16:00,39N061111992000Z,000036100006146095,0.0000,0.0000,,,nem
2026.08.17 15:00,2026.08.17 16:00,39N0611124530007,000003600005856462,0.0000,0.0000,,,nem
2026.08.17 15:00,2026.08.17 16:00,39N061113689000B,000000000005856294,0.0000,0.0000,,,igen
2026.08.17 15:00,2026.08.17 16:00,39N0611137880009,000000003404319296,4.5000,4.3691,,,nem
2026.08.17 15:00,2026.08.17 16:00,39N061114589000A,000006203404220198,1.2000,1.1651,,,nem
2026.08.17 15:00,2026.08.17 16:00,39N061116064000T,000028300000821328,0.0000,0.0000,,,nem
2026.08.17 15:00,2026.08.17 16:00,39N0611165530005,000000003404271788,0.0000,0.0000,,,nem
2026.08.17 15:00,2026.08.17 16:00,39N0611165530005,000028300021600966,0.0000,0.0000,,,nem
2026.08.17 15:00,2026.08.17 16:00,39N061117137000H,000000000033998448,0.0000,0.0000,,,nem
2026.08.17 15:00,2026.08.17 16:00,39N061117137000H,000037300035198695,0.0000,0.0000,,,nem
2026.08.17 15:00,2026.08.17 16:00,39N061128059000M,000017000000338640,0.0000,0.0000,,,nem
2026.08.17 15:00,2026.08.17 16:00,39N061163033000V,000000003404271784,0.0000,0.0000,,,nem
2026.08.17 15:00,2026.08.17 16:00,39N061164713000N,000016101400945331,0.0000,0.0000,,,nem
2026.08.17 15:00,2026.08.17 16:00,39N061164713000N,000017000000323144,0.0000,0.0000,,,nem
2026.08.17 15:00,2026.08.17 16:00,39N061165614000H,000028300001120580,13.5000,13.1072,,,nem
2026.08.17 15:00,2026.08.17 16:00,39N061166511000V,000028300001023276,0.5000,0.4855,,,nem
2026.08.17 15:00,2026.08.17 16:00,39N0611670050007,000003400031280543,0.0000,0.0000,,,nem
2026.08.17 15:00,2026.08.17 16:00,39N0611670050007,000051900015179291,0.0000,0.0000,,,nem
2026.08.17 15:00,2026.08.17 16:00,39N061167618000I,000011100000109538,0.0000,0.0000,,,nem
2026.08.17 15:00,2026.08.17 16:00,39N061168462000O,000000000021600956,0.0000,0.0000,,,nem
2026.08.17 15:00,2026.08.17 16:00,39N061168462000O,000016101501052057,0.0000,0.0000,,,nem
2026.08.17 15:00,2026.08.17 16:00,39N061177126000B,000003800033998439,0.9000,0.8986,,,nem
2026.08.17 15:00,2026.08.17 16:00,39N061177126000B,000016101400941206,0.0000,0.0000,,,nem
2026.08.17 15:00,2026.08.17 16:00,39N061177520000D,000000001701120781,0.0200,0.0192,,,nem
2026.08.17 15:00,2026.08.17 16:00,39N061177520000D,000011500000109643,2.9000,2.7846,,,nem
2026.08.17 15:00,2026.08.17 16:00,39N061177520000D,000035200035199236,0.2000,0.1920,,,nem
2026.08.17 15:00,2026.08.17 16:00,39N0613073350002,K3SC08000001972,5.0000,4.9170,,,igen
2026.08.17 15:00,2026.08.17 16:00,39N061422451000F,000000000006139400,0.2000,0.1920,,,nem
2026.08.17 15:00,2026.08.17 16:00,39N061426021000T,000000000000732191,0.0000,0.0000,,,nem
2026.08.17 15:00,2026.08.17 16:00,39N061429480000K,000017000000323128,0.0000,0.0000,,,nem
2026.08.17 15:00,2026.08.17 16:00,39N0614301610000,000028300021600959,0.5000,0.4801,,,nem
2026.08.17 15:00,2026.08.17 16:00,39N061432774000W,000000003404319313,0.2000,0.1942,,,nem
2026.08.17 15:00,2026.08.17 16:00,39N061434278000V,000000000027360271,0.6000,0.5825,,,nem
2026.08.17 15:00,2026.08.17 16:00,39N0614360320009,000003400028663807,0.0000,0.0000,,,nem
2026.08.17 15:00,2026.08.17 16:00,39N0614360330004,000003400029003972,0.0000,0.0000,,,nem
2026.08.17 15:00,2026.08.17 16:00,39N061436035000V,000003400028663901,0.0000,0.0000,,,nem
2026.08.17 15:00,2026.08.17 16:00,39N0614385900006,000003400028663783,0.0000,0.0000,,,nem
2026.08.17 15:00,2026.08.17 16:00,39N061442443000U,000036100006146087,0.0000,0.0000,,,nem
2026.08.17 16:00,2026.08.17 17:00,39N060000175000F,000011200000338683,0.0000,0.0000,,,nem
2026.08.17 16:00,2026.08.17 17:00,39N060001073000O,000000000006139414,2.1000,2.0164,,,nem
2026.08.17 16:00,2026.08.17 17:00,39N060001129000H,000017000001023298,12.3000,11.8105,,,nem
2026.08.17 16:00,2026.08.17 17:00,39N060005807000W,000011200000127418,0.0000,0.0000,,,nem
2026.08.17 16:00,2026.08.17 17:00,39N060005816000V,000017000009949791,1.6000,1.5534,,,nem
2026.08.17 16:00,2026.08.17 17:00,39N060005888000G,000011200000338692,0.0000,0.0000,,,nem
2026.08.17 16:00,2026.08.17 17:00,39N060005917000J,000006203403494571,2.8000,2.7185,,,nem
2026.08.17 16:00,2026.08.17 17:00,39N0600059220001,000028300000546980,2.0000,1.8994,,,nem
2026.08.17 16:00,2026.08.17 17:00,39N060005935000H,000000000000338639,1.9000,1.8447,,,nem
2026.08.17 16:00,2026.08.17 17:00,39N060005969000G,000000000021600969,0.0000,0.0000,,,nem
2026.08.17 16:00,2026.08.17 17:00,39N0600059720008,000011200009929313,0.0000,0.0000,,,nem
2026.08.17 16:00,2026.08.17 17:00,39N0600061150003,SC07000002018,1.0000,0.9690,,,nem
2026.08.17 16:00,2026.08.17 17:00,39N060006119000K,K114000009/2025,0.0000,0.0000,,,nem
2026.08.17 16:00,2026.08.17 17:00,39N0600061830008,K10300002009/14,3.1500,3.0246,,,nem
2026.08.17 16:00,2026.08.17 17:00,39N060006194000Y,K11200002014/40,9.2930,13.0000,,,nem
2026.08.17 16:00,2026.08.17 17:00,39N060006457000M,K3SC03403923059,0.0000,0.0000,,,nem
2026.08.17 16:00,2026.08.17 17:00,39N0600064860009,K3SC03403701666,0.0000,0.0000,,,nem
2026.08.17 16:00,2026.08.17 17:00,39N060006533000A,000011200000050026,2.0000,1.9418,,,nem
2026.08.17 16:00,2026.08.17 17:00,39N060008259000A,000011100000109546,0.0000,0.0000,,,nem
2026.08.17 16:00,2026.08.17 17:00,39N060008259000A,000033100035200420,0.0000,0.0000,,,nem
2026.08.17 16:00,2026.08.17 17:00,39N0600182680000,000028300000522181,0.0000,0.0000,,,nem
2026.08.17 16:00,2026.08.17 17:00,39N0600416330007,000003800032476907,0.0000,0.0000,,,igen
2026.08.17 16:00,2026.08.17 17:00,39N060056860000F,000052600000920561,0.6000,0.5825,,,nem
2026.08.17 16:00,2026.08.17 17:00,39N060735330000O,000000000029004173,1.0000,0.9497,,,nem
2026.08.17 16:00,2026.08.17 17:00,39N060735731000S,000051303403421788,0.0000,0.0000,,,nem
2026.08.17 16:00,2026.08.17 17:00,39N060735761000A,000052600000920734,0.0000,0.0000,,,nem
2026.08.17 16:00,2026.08.17 17:00,39N060735799000Q,000052600000922844,0.0000,0.0000,,,nem
2026.08.17 16:00,2026.08.17 17:00,39N0607556590002,000051900015179178,9.4000,9.1265,,,nem
2026.08.17 16:00,2026.08.17 17:00,39N060760989000V,000000003401922868,1.3700,5.1841,,,nem
2026.08.17 16:00,2026.08.17 17:00,39N060760989000V,000051400032414003,0.2300,0.2331,,,nem
2026.08.17 16:00,2026.08.17 17:00,39N060781564000X,000033900035704540,0.0000,0.0000,,,nem
2026.08.17 16:00,2026.08.17 17:00,39N060796913000S,000052600000924363,2.3000,2.1843,,,nem
2026.08.17 16:00,2026.08.17 17:00,39N060800931000Y,000000000033799349,0.0000,0.0000,,,nem
2026.08.17 16:00,2026.08.17 17:00,39N060800984000Q,000017000001120640,0.0000,0.0000,,,nem
2026.08.17 16:00,2026.08.17 17:00,39N060801557000C,000036100006146062,0.0000,0.0000,,,nem
2026.08.17 16:00,2026.08.17 17:00,39N060801582000J,000033900028664638,0.6000,0.5825,,,nem
2026.08.17 16:00,2026.08.17 17:00,39N060802666000X,000000000006139331,0.8000,0.7767,,,nem
2026.08.17 16:00,2026.08.17 17:00,39N060803151000H,000017000000034192,0.9000,0.8738,,,nem
2026.08.17 16:00,2026.08.17 17:00,39N060804167000A,000006201754706015,0.0000,0.0000,,,nem
2026.08.17 16:00,2026.08.17 17:00,39N060813408000J,000028400084254045,0.1000,0.0957,,,nem
2026.08.17 16:00,2026.08.17 17:00,39N0608168850008,000033900035704532,0.0000,0.0000,,,nem
2026.08.17 16:00,2026.08.17 17:00,39N060828512000O,K11602346105795,2.0000,2.0500,,,nem
2026.08.17 16:00,2026.08.17 17:00,39N060850045000Q,000017000000338654,2.1000,2.0164,,,igen
2026.08.17 16:00,2026.08.17 17:00,39N060850088000O,000000000027360225,0.8000,0.7682,,,nem
2026.08.17 16:00,2026.08.17 17:00,39N060851079000H,000016100500642248,0.0000,0.0000,,,nem
2026.08.17 16:00,2026.08.17 17:00,39N060851079000H,000016101400950739,0.0000,0.0000,,,nem
2026.08.17 16:00,2026.08.17 17:00,39N060851079000H,000016101501060302,0.0100,0.0097,,,nem
2026.08.17 16:00,2026.08.17 17:00,39N060851079000H,000033900028664722,0.0000,0.0000,,,nem
2026.08.17 16:00,2026.08.17 17:00,39N060851838000R,000033900028664566,0.0000,0.0000,,,nem
2026.08.17 16:00,2026.08.17 17:00,39N060852035000G,000000000005856541,0.0000,0.0000,,,nem
2026.08.17 16:00,2026.08.17 17:00,39N060852647000W,000000000000099523,0.4000,0.3884,,,nem
2026.08.17 16:00,2026.08.17 17:00,39N060854045000V,000036100035199036,0.2000,0.1942,,,nem
2026.08.17 16:00,2026.08.17 17:00,39N060855999000L,000035500084242956,0.0000,0.0000,,,igen
2026.08.17 16:00,2026.08.17 17:00,39N060878229000X,000003800029004033,0.0000,0.0000,,,igen
2026.08.17 16:00,2026.08.17 17:00,39N0609041660005,000003400035704397,0.0000,0.0000,,,nem
2026.08.17 16:00,2026.08.17 17:00,39N0609041660005,000006203403494604,0.8000,0.7682,,,nem
2026.08.17 16:00,2026.08.17 17:00,39N060905244000C,000000000005856271,0.0000,0.0000,,,nem
2026.08.17 16:00,2026.08.17 17:00,39N060907248000D,000028300000222218,0.0000,0.0000,,,nem
2026.08.17 16:00,2026.08.17 17:00,39N060909163000H,000017000000323118,0.0000,0.0000,,,nem
2026.08.17 16:00,2026.08.17 17:00,39N060909635000R,000011200000939880,0.0000,0.0000,,,nem
2026.08.17 16:00,2026.08.17 17:00,39N060909668000V,000003400029573718,0.0000,0.0000,,,nem
2026.08.17 16:00,2026.08.17 17:00,39N060909668000V,000028300000921860,0.0000,0.0000,,,nem
2026.08.17 16:00,2026.08.17 17:00,39N060910399000I,000000000015179098,0.0000,0.0000,,,nem
2026.08.17 16:00,2026.08.17 17:00,39N0609576930009,000036100035199133,0.0000,0.0000,,,nem
2026.08.17 16:00,2026.08.17 17:00,39N060957708000V,000016101400945632,0.1000,0.1010,,,nem
2026.08.17 16:00,2026.08.17 17:00,39N060957708000V,000035200035201443,0.0000,0.0000,,,nem
2026.08.17 16:00,2026.08.17 17:00,39N0609591810007,000017000000228833,2.2000,2.1360,,,nem
2026.08.17 16:00,2026.08.17 17:00,39N060959331000N,000028300000921876,0.0000,0.0000,,,nem
2026.08.17 16:00,2026.08.17 17:00,39N060959437000N,000011200001120693,0.0000,0.0000,,,nem
2026.08.17 16:00,2026.08.17 17:00,39N060959695000K,000011100000116018,4.8000,4.6090,,,nem
2026.08.17 16:00,2026.08.17 17:00,39N060960379000M,000033100035200070,0.0000,0.0000,,,nem
2026.08.17 16:00,2026.08.17 17:00,39N060960379000M,000035200035199870,0.9000,0.8806,,,nem
2026.08.17 16:00,2026.08.17 17:00,39N060961173000L,000000000035201061,0.0000,0.0000,,,nem
2026.08.17 16:00,2026.08.17 17:00,39N060961591000S,K3SC08000002382,0.0000,0.0000,,,nem
2026.08.17 16:00,2026.08.17 17:00,39N060963554000L,000000000015081701,1.1000,1.0680,,,nem
2026.08.17 16:00,2026.08.17 17:00,39N060972518000O,000052600000920115,0.7000,0.6796,,,nem
2026.08.17 16:00,2026.08.17 17:00,39N0610083130009,000036100035199130,0.0000,0.0000,,,nem
2026.08.17 16:00,2026.08.17 17:00,39N061011000000O,000017000000921883,0.0000,0.0000,,,nem
2026.08.17 16:00,2026.08.17 17:00,39N061011943000X,K3SC08000001974,1.0000,1.0230,,,nem
2026.08.17 16:00,2026.08.17 17:00,39N061014839000T,000011500000109645,0.0000,0.0000,,,nem
2026.08.17 16:00,2026.08.17 17:00,39N061030420000B,000028400084254048,0.0000,0.0000,,,nem
2026.08.17 16:00,2026.08.17 17:00,39N061033384000C,000000000035817692,0.0000,0.0000,,,nem
2026.08.17 16:00,2026.08.17 17:00,39N061033384000C,000017000000921900,0.0000,0.0000,,,nem
2026.08.17 16:00,2026.08.17 17:00,39N0610340960009,000033900029004124,0.4000,0.3884,,,nem
2026.08.17 16:00,2026.08.17 17:00,39N061059787000E,000004200032394437,0.0000,0.0000,,,nem
2026.08.17 16:00,2026.08.17 17:00,39N061059787000E,000017000009716405,0.0000,0.0000,,,nem
2026.08.17 16:00,2026.08.17 17:00,39N0610610180007,000000000035201000,0.1000,0.0971,,,nem
2026.08.17 16:00,2026.08.17 17:00,39N061061836000N,000000000700710745,0.0000,0.0000,,,nem
2026.08.17 16:00,2026.08.17 17:00,39N061061836000N,000016101501053013,0.0000,0.0000,,,nem
2026.08.17 16:00,2026.08.17 17:00,39N061061836000N,000033900028664501,0.0000,0.0000,,,nem
2026.08.17 16:00,2026.08.17 17:00,39N061061836000N,000054902500064724,0.0000,0.0000,,,nem
2026.08.17 16:00,2026.08.17 17:00,39N061063215000T,000006203403494595,0.0000,0.0000,,,nem
2026.08.17 16:00,2026.08.17 17:00,39N0610634430007,K11602346105776,0.0000,0.0000,,,nem
2026.08.17 16:00,2026.08.17 17:00,39N061064322000N,000017000000921927,0.0000,0.0000,,,nem
2026.08.17 16:00,2026.08.17 17:00,39N061065010000F,000016101300872121,0.0900,0.0881,,,nem
2026.08.17 16:00,2026.08.17 17:00,39N061065010000F,000052600000922077,0.2000,0.1942,,,nem
2026.08.17 16:00,2026.08.17 17:00,39N0610655730003,000033900029004198,3.8000,3.6488,,,nem
2026.08.17 16:00,2026.08.17 17:00,39N0610658850003,000036100006146191,0.4000,0.3884,,,nem
2026.08.17 16:00,2026.08.17 17:00,39N061111992000Z,000003400035704393,0.0000,0.0000,,,nem
2026.08.17 16:00,2026.08.17 17:00,39N061111992000Z,000036100006146095,0.5000,0.4855,,,nem
2026.08.17 16:00,2026.08.17 17:00,39N0611124530007,000003600005856462,0.0000,0.0000,,,nem
2026.08.17 16:00,2026.08.17 17:00,39N061113689000B,000000000005856294,0.0000,0.0000,,,igen
2026.08.17 16:00,2026.08.17 17:00,39N0611137880009,000000003404319296,2.5000,2.4273,,,nem
2026.08.17 16:00,2026.08.17 17:00,39N061114589000A,000006203404220198,1.3000,1.2622,,,nem
2026.08.17 16:00,2026.08.17 17:00,39N061116064000T,000028300000821328,0.0000,0.0000,,,nem
2026.08.17 16:00,2026.08.17 17:00,39N0611165530005,000000003404271788,0.0000,0.0000,,,nem
2026.08.17 16:00,2026.08.17 17:00,39N0611165530005,000028300021600966,0.0000,0.0000,,,nem
2026.08.17 16:00,2026.08.17 17:00,39N061117137000H,000000000033998448,0.0000,0.0000,,,nem
2026.08.17 16:00,2026.08.17 17:00,39N061117137000H,000037300035198695,0.1000,0.0971,,,nem
2026.08.17 16:00,2026.08.17 17:00,39N061128059000M,000017000000338640,0.0000,0.0000,,,nem
2026.08.17 16:00,2026.08.17 17:00,39N061163033000V,000000003404271784,1.6100,1.5631,,,nem
2026.08.17 16:00,2026.08.17 17:00,39N061164713000N,000016101400945331,0.0000,0.0000,,,nem
2026.08.17 16:00,2026.08.17 17:00,39N061164713000N,000017000000323144,0.0000,0.0000,,,nem
2026.08.17 16:00,2026.08.17 17:00,39N061165614000H,000028300001120580,4.6000,4.4661,,,nem
2026.08.17 16:00,2026.08.17 17:00,39N061166511000V,000028300001023276,0.0000,0.0000,,,nem
2026.08.17 16:00,2026.08.17 17:00,39N0611670050007,000003400031280543,0.0000,0.0000,,,nem
2026.08.17 16:00,2026.08.17 17:00,39N0611670050007,000051900015179291,0.0000,0.0000,,,nem
2026.08.17 16:00,2026.08.17 17:00,39N061167618000I,000011100000109538,0.0000,0.0000,,,nem
2026.08.17 16:00,2026.08.17 17:00,39N061168462000O,000000000021600956,0.0000,0.0000,,,nem
2026.08.17 16:00,2026.08.17 17:00,39N061168462000O,000016101501052057,0.0000,0.0000,,,nem
2026.08.17 16:00,2026.08.17 17:00,39N061177126000B,000003800033998439,0.6000,0.5990,,,nem
2026.08.17 16:00,2026.08.17 17:00,39N061177126000B,000016101400941206,0.0000,0.0000,,,nem
2026.08.17 16:00,2026.08.17 17:00,39N061177520000D,000000001701120781,0.0200,0.0192,,,nem
2026.08.17 16:00,2026.08.17 17:00,39N061177520000D,000011500000109643,0.0000,0.0000,,,nem
2026.08.17 16:00,2026.08.17 17:00,39N061177520000D,000035200035199236,0.0000,0.0000,,,nem
2026.08.17 16:00,2026.08.17 17:00,39N0613073350002,K3SC08000001972,3.0000,2.9480,,,igen
2026.08.17 16:00,2026.08.17 17:00,39N061422451000F,000000000006139400,1.6000,1.5363,,,nem
2026.08.17 16:00,2026.08.17 17:00,39N061426021000T,000000000000732191,0.0000,0.0000,,,nem
2026.08.17 16:00,2026.08.17 17:00,39N061429480000K,000017000000323128,0.0000,0.0000,,,nem
2026.08.17 16:00,2026.08.17 17:00,39N0614301610000,000028300021600959,0.5000,0.4801,,,nem
2026.08.17 16:00,2026.08.17 17:00,39N061432774000W,000000003404319313,0.1000,0.0971,,,nem
2026.08.17 16:00,2026.08.17 17:00,39N061434278000V,000000000027360271,0.9000,0.8738,,,nem
2026.08.17 16:00,2026.08.17 17:00,39N0614360320009,000003400028663807,0.0000,0.0000,,,nem
2026.08.17 16:00,2026.08.17 17:00,39N0614360330004,000003400029003972,0.0000,0.0000,,,nem
2026.08.17 16:00,2026.08.17 17:00,39N061436035000V,000003400028663901,0.0000,0.0000,,,nem
2026.08.17 16:00,2026.08.17 17:00,39N0614385900006,000003400028663783,0.0000,0.0000,,,nem
2026.08.17 16:00,2026.08.17 17:00,39N061442443000U,000036100006146087,0.0000,0.0000,,,nem
2026.08.17 17:00,2026.08.17 18:00,39N060000175000F,000011200000338683,0.0000,0.0000,,,nem
2026.08.17 17:00,2026.08.17 18:00,39N060001073000O,000000000006139414,0.3000,0.2881,,,nem
2026.08.17 17:00,2026.08.17 18:00,39N060001129000H,000017000001023298,13.8000,13.2508,,,nem
2026.08.17 17:00,2026.08.17 18:00,39N060005807000W,000011200000127418,0.0000,0.0000,,,nem
2026.08.17 17:00,2026.08.17 18:00,39N060005816000V,000017000009949791,1.4000,1.3593,,,nem
2026.08.17 17:00,2026.08.17 18:00,39N060005888000G,000011200000338692,0.0000,0.0000,,,nem
2026.08.17 17:00,2026.08.17 18:00,39N060005917000J,000006203403494571,2.6000,2.5243,,,nem
2026.08.17 17:00,2026.08.17 18:00,39N0600059220001,000028300000546980,0.3000,0.2849,,,nem
2026.08.17 17:00,2026.08.17 18:00,39N060005935000H,000000000000338639,4.5000,4.3691,,,nem
2026.08.17 17:00,2026.08.17 18:00,39N060005969000G,000000000021600969,0.0000,0.0000,,,nem
2026.08.17 17:00,2026.08.17 18:00,39N0600059720008,000011200009929313,0.0000,0.0000,,,nem
2026.08.17 17:00,2026.08.17 18:00,39N0600061150003,SC07000002018,2.0000,1.9380,,,nem
2026.08.17 17:00,2026.08.17 18:00,39N060006119000K,K114000009/2025,0.0000,0.0000,,,nem
2026.08.17 17:00,2026.08.17 18:00,39N0600061830008,K10300002009/14,0.0000,0.0000,,,nem
2026.08.17 17:00,2026.08.17 18:00,39N060006194000Y,K11200002014/40,6.3940,9.0000,,,nem
2026.08.17 17:00,2026.08.17 18:00,39N060006457000M,K3SC03403923059,0.0000,0.0000,,,nem
2026.08.17 17:00,2026.08.17 18:00,39N0600064860009,K3SC03403701666,0.0000,0.0000,,,nem
2026.08.17 17:00,2026.08.17 18:00,39N060006533000A,000011200000050026,2.0000,1.9418,,,nem
2026.08.17 17:00,2026.08.17 18:00,39N060008259000A,000011100000109546,0.0000,0.0000,,,nem
2026.08.17 17:00,2026.08.17 18:00,39N060008259000A,000033100035200420,0.0000,0.0000,,,nem
2026.08.17 17:00,2026.08.17 18:00,39N0600182680000,000028300000522181,0.0000,0.0000,,,nem
2026.08.17 17:00,2026.08.17 18:00,39N0600416330007,000003800032476907,0.0000,0.0000,,,igen
2026.08.17 17:00,2026.08.17 18:00,39N060056860000F,000052600000920561,0.0000,0.0000,,,nem
2026.08.17 17:00,2026.08.17 18:00,39N060735330000O,000000000029004173,1.7000,1.6145,,,nem
2026.08.17 17:00,2026.08.17 18:00,39N060735731000S,000051303403421788,0.0000,0.0000,,,nem
2026.08.17 17:00,2026.08.17 18:00,39N060735761000A,000052600000920734,0.0000,0.0000,,,nem
2026.08.17 17:00,2026.08.17 18:00,39N060735799000Q,000052600000922844,0.0000,0.0000,,,nem
2026.08.17 17:00,2026.08.17 18:00,39N0607556590002,000051900015179178,8.2000,7.9614,,,nem
2026.08.17 17:00,2026.08.17 18:00,39N060760989000V,000000003401922868,4.9700,18.8065,,,nem
2026.08.17 17:00,2026.08.17 18:00,39N060760989000V,000051400032414003,0.0000,0.0000,,,nem
2026.08.17 17:00,2026.08.17 18:00,39N060781564000X,000033900035704540,0.0000,0.0000,,,nem
2026.08.17 17:00,2026.08.17 18:00,39N060796913000S,000052600000924363,1.7000,1.6145,,,nem
2026.08.17 17:00,2026.08.17 18:00,39N060800931000Y,000000000033799349,0.0000,0.0000,,,nem
2026.08.17 17:00,2026.08.17 18:00,39N060800984000Q,000017000001120640,0.0000,0.0000,,,nem
2026.08.17 17:00,2026.08.17 18:00,39N060801557000C,000036100006146062,0.0000,0.0000,,,nem
2026.08.17 17:00,2026.08.17 18:00,39N060801582000J,000033900028664638,0.5000,0.4855,,,nem
2026.08.17 17:00,2026.08.17 18:00,39N060802666000X,000000000006139331,1.3000,1.2622,,,nem
2026.08.17 17:00,2026.08.17 18:00,39N060803151000H,000017000000034192,0.3000,0.2913,,,nem
2026.08.17 17:00,2026.08.17 18:00,39N060804167000A,000006201754706015,0.0000,0.0000,,,nem
2026.08.17 17:00,2026.08.17 18:00,39N060813408000J,000028400084254045,0.0000,0.0000,,,nem
2026.08.17 17:00,2026.08.17 18:00,39N0608168850008,000033900035704532,0.0000,0.0000,,,nem
2026.08.17 17:00,2026.08.17 18:00,39N060828512000O,K11602346105795,0.0000,0.0000,,,nem
2026.08.17 17:00,2026.08.17 18:00,39N060850045000Q,000017000000338654,3.1000,2.9766,,,igen
2026.08.17 17:00,2026.08.17 18:00,39N060850088000O,000000000027360225,0.2000,0.1920,,,nem
2026.08.17 17:00,2026.08.17 18:00,39N060851079000H,000016100500642248,0.0000,0.0000,,,nem
2026.08.17 17:00,2026.08.17 18:00,39N060851079000H,000016101400950739,0.0000,0.0000,,,nem
2026.08.17 17:00,2026.08.17 18:00,39N060851079000H,000016101501060302,0.0000,0.0000,,,nem
2026.08.17 17:00,2026.08.17 18:00,39N060851079000H,000033900028664722,0.0000,0.0000,,,nem
2026.08.17 17:00,2026.08.17 18:00,39N060851838000R,000033900028664566,0.0000,0.0000,,,nem
2026.08.17 17:00,2026.08.17 18:00,39N060852035000G,000000000005856541,1.1000,1.0680,,,nem
2026.08.17 17:00,2026.08.17 18:00,39N060852647000W,000000000000099523,0.3000,0.2913,,,nem
2026.08.17 17:00,2026.08.17 18:00,39N060854045000V,000036100035199036,1.8000,1.7476,,,nem
2026.08.17 17:00,2026.08.17 18:00,39N060855999000L,000035500084242956,0.0000,0.0000,,,igen
2026.08.17 17:00,2026.08.17 18:00,39N060878229000X,000003800029004033,0.0000,0.0000,,,igen
2026.08.17 17:00,2026.08.17 18:00,39N0609041660005,000003400035704397,0.0000,0.0000,,,nem
2026.08.17 17:00,2026.08.17 18:00,39N0609041660005,000006203403494604,0.8000,0.7682,,,nem
2026.08.17 17:00,2026.08.17 18:00,39N060905244000C,000000000005856271,0.0000,0.0000,,,nem
2026.08.17 17:00,2026.08.17 18:00,39N060907248000D,000028300000222218,0.0000,0.0000,,,nem
2026.08.17 17:00,2026.08.17 18:00,39N060909163000H,000017000000323118,0.3000,0.2849,,,nem
2026.08.17 17:00,2026.08.17 18:00,39N060909635000R,000011200000939880,0.0000,0.0000,,,nem
2026.08.17 17:00,2026.08.17 18:00,39N060909668000V,000003400029573718,0.0000,0.0000,,,nem
2026.08.17 17:00,2026.08.17 18:00,39N060909668000V,000028300000921860,0.0000,0.0000,,,nem
2026.08.17 17:00,2026.08.17 18:00,39N060910399000I,000000000015179098,0.0000,0.0000,,,nem
2026.08.17 17:00,2026.08.17 18:00,39N0609576930009,000036100035199133,0.0000,0.0000,,,nem
2026.08.17 17:00,2026.08.17 18:00,39N060957708000V,000016101400945632,0.0600,0.0606,,,nem
2026.08.17 17:00,2026.08.17 18:00,39N060957708000V,000035200035201443,0.7000,0.7067,,,nem
2026.08.17 17:00,2026.08.17 18:00,39N0609591810007,000017000000228833,1.1000,1.0680,,,nem
2026.08.17 17:00,2026.08.17 18:00,39N060959331000N,000028300000921876,0.0000,0.0000,,,nem
2026.08.17 17:00,2026.08.17 18:00,39N060959437000N,000011200001120693,0.0000,0.0000,,,nem
2026.08.17 17:00,2026.08.17 18:00,39N060959695000K,000011100000116018,7.6000,7.2975,,,nem
2026.08.17 17:00,2026.08.17 18:00,39N060960379000M,000033100035200070,0.0000,0.0000,,,nem
2026.08.17 17:00,2026.08.17 18:00,39N060960379000M,000035200035199870,1.9000,1.8590,,,nem
2026.08.17 17:00,2026.08.17 18:00,39N060961173000L,000000000035201061,0.0000,0.0000,,,nem
2026.08.17 17:00,2026.08.17 18:00,39N060961591000S,K3SC08000002382,0.0000,0.0000,,,nem
2026.08.17 17:00,2026.08.17 18:00,39N060963554000L,000000000015081701,1.0000,0.9709,,,nem
2026.08.17 17:00,2026.08.17 18:00,39N060972518000O,000052600000920115,1.0000,0.9709,,,nem
2026.08.17 17:00,2026.08.17 18:00,39N0610083130009,000036100035199130,0.0000,0.0000,,,nem
2026.08.17 17:00,2026.08.17 18:00,39N061011000000O,000017000000921883,0.0000,0.0000,,,nem
2026.08.17 17:00,2026.08.17 18:00,39N061011943000X,K3SC08000001974,2.0000,2.0590,,,nem
2026.08.17 17:00,2026.08.17 18:00,39N061014839000T,000011500000109645,0.0000,0.0000,,,nem
2026.08.17 17:00,2026.08.17 18:00,39N061030420000B,000028400084254048,0.5000,0.4784,,,nem
2026.08.17 17:00,2026.08.17 18:00,39N061033384000C,000000000035817692,0.0000,0.0000,,,nem
2026.08.17 17:00,2026.08.17 18:00,39N061033384000C,000017000000921900,0.2000,0.1942,,,nem
2026.08.17 17:00,2026.08.17 18:00,39N0610340960009,000033900029004124,0.7000,0.6849,,,nem
2026.08.17 17:00,2026.08.17 18:00,39N061059787000E,000004200032394437,0.0000,0.0000,,,nem
2026.08.17 17:00,2026.08.17 18:00,39N061059787000E,000017000009716405,0.0000,0.0000,,,nem
2026.08.17 17:00,2026.08.17 18:00,39N0610610180007,000000000035201000,13.0000,12.6217,,,nem
2026.08.17 17:00,2026.08.17 18:00,39N061061836000N,000000000700710745,0.0000,0.0000,,,nem
2026.08.17 17:00,2026.08.17 18:00,39N061061836000N,000016101501053013,0.0000,0.0000,,,nem
2026.08.17 17:00,2026.08.17 18:00,39N061061836000N,000033900028664501,0.0000,0.0000,,,nem
2026.08.17 17:00,2026.08.17 18:00,39N061061836000N,000054902500064724,0.0000,0.0000,,,nem
2026.08.17 17:00,2026.08.17 18:00,39N061063215000T,000006203403494595,0.0000,0.0000,,,nem
2026.08.17 17:00,2026.08.17 18:00,39N0610634430007,K11602346105776,0.0000,0.0000,,,nem
2026.08.17 17:00,2026.08.17 18:00,39N061064322000N,000017000000921927,0.0000,0.0000,,,nem
2026.08.17 17:00,2026.08.17 18:00,39N061065010000F,000016101300872121,0.0500,0.0489,,,nem
2026.08.17 17:00,2026.08.17 18:00,39N061065010000F,000052600000922077,10.6000,10.3710,,,nem
2026.08.17 17:00,2026.08.17 18:00,39N0610655730003,000033900029004198,0.0000,0.0000,,,nem
2026.08.17 17:00,2026.08.17 18:00,39N0610658850003,000036100006146191,0.9000,0.8738,,,nem
2026.08.17 17:00,2026.08.17 18:00,39N061111992000Z,000003400035704393,0.0000,0.0000,,,nem
2026.08.17 17:00,2026.08.17 18:00,39N061111992000Z,000036100006146095,0.4000,0.3884,,,nem
2026.08.17 17:00,2026.08.17 18:00,39N0611124530007,000003600005856462,0.0000,0.0000,,,nem
2026.08.17 17:00,2026.08.17 18:00,39N061113689000B,000000000005856294,0.0000,0.0000,,,igen
2026.08.17 17:00,2026.08.17 18:00,39N0611137880009,000000003404319296,3.9000,3.7865,,,nem
2026.08.17 17:00,2026.08.17 18:00,39N061114589000A,000006203404220198,1.4000,1.3593,,,nem
2026.08.17 17:00,2026.08.17 18:00,39N061116064000T,000028300000821328,0.0000,0.0000,,,nem
2026.08.17 17:00,2026.08.17 18:00,39N0611165530005,000000003404271788,0.0000,0.0000,,,nem
2026.08.17 17:00,2026.08.17 18:00,39N0611165530005,000028300021600966,0.0000,0.0000,,,nem
2026.08.17 17:00,2026.08.17 18:00,39N061117137000H,000000000033998448,0.0000,0.0000,,,nem
2026.08.17 17:00,2026.08.17 18:00,39N061117137000H,000037300035198695,0.1000,0.0971,,,nem
2026.08.17 17:00,2026.08.17 18:00,39N061128059000M,000017000000338640,0.0000,0.0000,,,nem
2026.08.17 17:00,2026.08.17 18:00,39N061163033000V,000000003404271784,0.0000,0.0000,,,nem
2026.08.17 17:00,2026.08.17 18:00,39N061164713000N,000016101400945331,0.0000,0.0000,,,nem
2026.08.17 17:00,2026.08.17 18:00,39N061164713000N,000017000000323144,0.0000,0.0000,,,nem
2026.08.17 17:00,2026.08.17 18:00,39N061165614000H,000028300001120580,3.2000,3.1069,,,nem
2026.08.17 17:00,2026.08.17 18:00,39N061166511000V,000028300001023276,0.1000,0.0971,,,nem
2026.08.17 17:00,2026.08.17 18:00,39N0611670050007,000003400031280543,0.0000,0.0000,,,nem
2026.08.17 17:00,2026.08.17 18:00,39N0611670050007,000051900015179291,0.0000,0.0000,,,nem
2026.08.17 17:00,2026.08.17 18:00,39N061167618000I,000011100000109538,0.0000,0.0000,,,nem
2026.08.17 17:00,2026.08.17 18:00,39N061168462000O,000000000021600956,0.0000,0.0000,,,nem
2026.08.17 17:00,2026.08.17 18:00,39N061168462000O,000016101501052057,0.0000,0.0000,,,nem
2026.08.17 17:00,2026.08.17 18:00,39N061177126000B,000003800033998439,0.3000,0.2995,,,nem
2026.08.17 17:00,2026.08.17 18:00,39N061177126000B,000016101400941206,0.0000,0.0000,,,nem
2026.08.17 17:00,2026.08.17 18:00,39N061177520000D,000000001701120781,0.0100,0.0096,,,nem
2026.08.17 17:00,2026.08.17 18:00,39N061177520000D,000011500000109643,3.0000,2.8806,,,nem
2026.08.17 17:00,2026.08.17 18:00,39N061177520000D,000035200035199236,0.0000,0.0000,,,nem
2026.08.17 17:00,2026.08.17 18:00,39N0613073350002,K3SC08000001972,6.0000,5.8990,,,igen
2026.08.17 17:00,2026.08.17 18:00,39N061422451000F,000000000006139400,2.4000,2.3045,,,nem
2026.08.17 17:00,2026.08.17 18:00,39N061426021000T,000000000000732191,0.0000,0.0000,,,nem
2026.08.17 17:00,2026.08.17 18:00,39N061429480000K,000017000000323128,0.0000,0.0000,,,nem
2026.08.17 17:00,2026.08.17 18:00,39N0614301610000,000028300021600959,0.6000,0.5761,,,nem
2026.08.17 17:00,2026.08.17 18:00,39N061432774000W,000000003404319313,0.1000,0.0971,,,nem
2026.08.17 17:00,2026.08.17 18:00,39N061434278000V,000000000027360271,0.0000,0.0000,,,nem
2026.08.17 17:00,2026.08.17 18:00,39N0614360320009,000003400028663807,0.0000,0.0000,,,nem
2026.08.17 17:00,2026.08.17 18:00,39N0614360330004,000003400029003972,0.0000,0.0000,,,nem
2026.08.17 17:00,2026.08.17 18:00,39N061436035000V,000003400028663901,0.0000,0.0000,,,nem
2026.08.17 17:00,2026.08.17 18:00,39N0614385900006,000003400028663783,0.0000,0.0000,,,nem
2026.08.17 17:00,2026.08.17 18:00,39N061442443000U,000036100006146087,0.0000,0.0000,,,nem
2026.08.17 18:00,2026.08.17 19:00,39N060000175000F,000011200000338683,0.0000,0.0000,,,nem
2026.08.17 18:00,2026.08.17 19:00,39N060001073000O,000000000006139414,0.2000,0.1920,,,nem
2026.08.17 18:00,2026.08.17 19:00,39N060001129000H,000017000001023298,10.9000,10.4662,,,nem
2026.08.17 18:00,2026.08.17 19:00,39N060005807000W,000011200000127418,0.0000,0.0000,,,nem
2026.08.17 18:00,2026.08.17 19:00,39N060005816000V,000017000009949791,0.0000,0.0000,,,nem
2026.08.17 18:00,2026.08.17 19:00,39N060005888000G,000011200000338692,0.0000,0.0000,,,nem
2026.08.17 18:00,2026.08.17 19:00,39N060005917000J,000006203403494571,2.2000,2.1360,,,nem
2026.08.17 18:00,2026.08.17 19:00,39N0600059220001,000028300000546980,0.0000,0.0000,,,nem
2026.08.17 18:00,2026.08.17 19:00,39N060005935000H,000000000000338639,3.5000,3.3982,,,nem
2026.08.17 18:00,2026.08.17 19:00,39N060005969000G,000000000021600969,0.0000,0.0000,,,nem
2026.08.17 18:00,2026.08.17 19:00,39N0600059720008,000011200009929313,0.0000,0.0000,,,nem
2026.08.17 18:00,2026.08.17 19:00,39N0600061150003,SC07000002018,1.0000,0.9680,,,nem
2026.08.17 18:00,2026.08.17 19:00,39N060006119000K,K114000009/2025,0.0000,0.0000,,,nem
2026.08.17 18:00,2026.08.17 19:00,39N0600061830008,K10300002009/14,3.1460,3.0208,,,nem
2026.08.17 18:00,2026.08.17 19:00,39N060006194000Y,K11200002014/40,8.4610,12.0000,,,nem
2026.08.17 18:00,2026.08.17 19:00,39N060006457000M,K3SC03403923059,0.0000,0.0000,,,nem
2026.08.17 18:00,2026.08.17 19:00,39N0600064860009,K3SC03403701666,0.0000,0.0000,,,nem
2026.08.17 18:00,2026.08.17 19:00,39N060006533000A,000011200000050026,2.0000,1.9418,,,nem
2026.08.17 18:00,2026.08.17 19:00,39N060008259000A,000011100000109546,0.0000,0.0000,,,nem
2026.08.17 18:00,2026.08.17 19:00,39N060008259000A,000033100035200420,0.0000,0.0000,,,nem
2026.08.17 18:00,2026.08.17 19:00,39N0600182680000,000028300000522181,0.0000,0.0000,,,nem
2026.08.17 18:00,2026.08.17 19:00,39N0600416330007,000003800032476907,0.0000,0.0000,,,igen
2026.08.17 18:00,2026.08.17 19:00,39N060056860000F,000052600000920561,0.6000,0.5825,,,nem
2026.08.17 18:00,2026.08.17 19:00,39N060735330000O,000000000029004173,0.0000,0.0000,,,nem
2026.08.17 18:00,2026.08.17 19:00,39N060735731000S,000051303403421788,0.0000,0.0000,,,nem
2026.08.17 18:00,2026.08.17 19:00,39N060735761000A,000052600000920734,0.0000,0.0000,,,nem
2026.08.17 18:00,2026.08.17 19:00,39N060735799000Q,000052600000922844,0.0000,0.0000,,,nem
2026.08.17 18:00,2026.08.17 19:00,39N0607556590002,000051900015179178,9.6000,9.3206,,,nem
2026.08.17 18:00,2026.08.17 19:00,39N060760989000V,000000003401922868,4.9300,18.6551,,,nem
2026.08.17 18:00,2026.08.17 19:00,39N060760989000V,000051400032414003,0.4600,0.4662,,,nem
2026.08.17 18:00,2026.08.17 19:00,39N060781564000X,000033900035704540,0.0000,0.0000,,,nem
2026.08.17 18:00,2026.08.17 19:00,39N060796913000S,000052600000924363,1.6000,1.5195,,,nem
2026.08.17 18:00,2026.08.17 19:00,39N060800931000Y,000000000033799349,0.0000,0.0000,,,nem
2026.08.17 18:00,2026.08.17 19:00,39N060800984000Q,000017000001120640,0.0000,0.0000,,,nem
2026.08.17 18:00,2026.08.17 19:00,39N060801557000C,000036100006146062,0.0000,0.0000,,,nem
2026.08.17 18:00,2026.08.17 19:00,39N060801582000J,000033900028664638,0.6000,0.5825,,,nem
2026.08.17 18:00,2026.08.17 19:00,39N060802666000X,000000000006139331,1.1000,1.0680,,,nem
2026.08.17 18:00,2026.08.17 19:00,39N060803151000H,000017000000034192,1.1000,1.0680,,,nem
2026.08.17 18:00,2026.08.17 19:00,39N060804167000A,000006201754706015,0.0000,0.0000,,,nem
2026.08.17 18:00,2026.08.17 19:00,39N060813408000J,000028400084254045,0.0000,0.0000,,,nem
2026.08.17 18:00,2026.08.17 19:00,39N0608168850008,000033900035704532,0.0000,0.0000,,,nem
2026.08.17 18:00,2026.08.17 19:00,39N060828512000O,K11602346105795,4.0000,4.1000,,,nem
2026.08.17 18:00,2026.08.17 19:00,39N060850045000Q,000017000000338654,3.7000,3.5527,,,igen
2026.08.17 18:00,2026.08.17 19:00,39N060850088000O,000000000027360225,1.2000,1.1522,,,nem
2026.08.17 18:00,2026.08.17 19:00,39N060851079000H,000016100500642248,0.0000,0.0000,,,nem
2026.08.17 18:00,2026.08.17 19:00,39N060851079000H,000016101400950739,0.0000,0.0000,,,nem
2026.08.17 18:00,2026.08.17 19:00,39N060851079000H,000016101501060302,0.0000,0.0000,,,nem
2026.08.17 18:00,2026.08.17 19:00,39N060851079000H,000033900028664722,0.0000,0.0000,,,nem
2026.08.17 18:00,2026.08.17 19:00,39N060851838000R,000033900028664566,0.0000,0.0000,,,nem
2026.08.17 18:00,2026.08.17 19:00,39N060852035000G,000000000005856541,0.1000,0.0971,,,nem
2026.08.17 18:00,2026.08.17 19:00,39N060852647000W,000000000000099523,0.3000,0.2913,,,nem
2026.08.17 18:00,2026.08.17 19:00,39N060854045000V,000036100035199036,1.3000,1.2622,,,nem
2026.08.17 18:00,2026.08.17 19:00,39N060855999000L,000035500084242956,0.0000,0.0000,,,igen
2026.08.17 18:00,2026.08.17 19:00,39N060878229000X,000003800029004033,0.0000,0.0000,,,igen
2026.08.17 18:00,2026.08.17 19:00,39N0609041660005,000003400035704397,0.0000,0.0000,,,nem
2026.08.17 18:00,2026.08.17 19:00,39N0609041660005,000006203403494604,0.8000,0.7682,,,nem
2026.08.17 18:00,2026.08.17 19:00,39N060905244000C,000000000005856271,0.0000,0.0000,,,nem
2026.08.17 18:00,2026.08.17 19:00,39N060907248000D,000028300000222218,0.0000,0.0000,,,nem
2026.08.17 18:00,2026.08.17 19:00,39N060909163000H,000017000000323118,4.5000,4.2737,,,nem
2026.08.17 18:00,2026.08.17 19:00,39N060909635000R,000011200000939880,0.0000,0.0000,,,nem
2026.08.17 18:00,2026.08.17 19:00,39N060909668000V,000003400029573718,0.0000,0.0000,,,nem
2026.08.17 18:00,2026.08.17 19:00,39N060909668000V,000028300000921860,0.2000,0.1942,,,nem
2026.08.17 18:00,2026.08.17 19:00,39N060910399000I,000000000015179098,0.0000,0.0000,,,nem
2026.08.17 18:00,2026.08.17 19:00,39N0609576930009,000036100035199133,0.0000,0.0000,,,nem
2026.08.17 18:00,2026.08.17 19:00,39N060957708000V,000016101400945632,0.0000,0.0000,,,nem
2026.08.17 18:00,2026.08.17 19:00,39N060957708000V,000035200035201443,1.5000,1.5144,,,nem
2026.08.17 18:00,2026.08.17 19:00,39N0609591810007,000017000000228833,2.4000,2.3302,,,nem
2026.08.17 18:00,2026.08.17 19:00,39N060959331000N,000028300000921876,0.0000,0.0000,,,nem
2026.08.17 18:00,2026.08.17 19:00,39N060959437000N,000011200001120693,0.0000,0.0000,,,nem
2026.08.17 18:00,2026.08.17 19:00,39N060959695000K,000011100000116018,10.8000,10.3702,,,nem
2026.08.17 18:00,2026.08.17 19:00,39N060960379000M,000033100035200070,0.0000,0.0000,,,nem
2026.08.17 18:00,2026.08.17 19:00,39N060960379000M,000035200035199870,1.0000,0.9784,,,nem
2026.08.17 18:00,2026.08.17 19:00,39N060961173000L,000000000035201061,1.4000,1.3593,,,nem
2026.08.17 18:00,2026.08.17 19:00,39N060961591000S,K3SC08000002382,0.0000,0.0000,,,nem
2026.08.17 18:00,2026.08.17 19:00,39N060963554000L,000000000015081701,1.1000,1.0680,,,nem
2026.08.17 18:00,2026.08.17 19:00,39N060972518000O,000052600000920115,0.8000,0.7767,,,nem
2026.08.17 18:00,2026.08.17 19:00,39N0610083130009,000036100035199130,0.0000,0.0000,,,nem
2026.08.17 18:00,2026.08.17 19:00,39N061011000000O,000017000000921883,0.0000,0.0000,,,nem
2026.08.17 18:00,2026.08.17 19:00,39N061011943000X,K3SC08000001974,0.0000,0.0000,,,nem
2026.08.17 18:00,2026.08.17 19:00,39N061014839000T,000011500000109645,0.0000,0.0000,,,nem
2026.08.17 18:00,2026.08.17 19:00,39N061030420000B,000028400084254048,0.0000,0.0000,,,nem
2026.08.17 18:00,2026.08.17 19:00,39N061033384000C,000000000035817692,0.0000,0.0000,,,nem
2026.08.17 18:00,2026.08.17 19:00,39N061033384000C,000017000000921900,0.9000,0.8738,,,nem
2026.08.17 18:00,2026.08.17 19:00,39N0610340960009,000033900029004124,0.6000,0.5870,,,nem
2026.08.17 18:00,2026.08.17 19:00,39N061059787000E,000004200032394437,0.0000,0.0000,,,nem
2026.08.17 18:00,2026.08.17 19:00,39N061059787000E,000017000009716405,0.0000,0.0000,,,nem
2026.08.17 18:00,2026.08.17 19:00,39N0610610180007,000000000035201000,13.2000,12.8159,,,nem
2026.08.17 18:00,2026.08.17 19:00,39N061061836000N,000000000700710745,0.0000,0.0000,,,nem
2026.08.17 18:00,2026.08.17 19:00,39N061061836000N,000016101501053013,0.0000,0.0000,,,nem
2026.08.17 18:00,2026.08.17 19:00,39N061061836000N,000033900028664501,0.0000,0.0000,,,nem
2026.08.17 18:00,2026.08.17 19:00,39N061061836000N,000054902500064724,0.0000,0.0000,,,nem
2026.08.17 18:00,2026.08.17 19:00,39N061063215000T,000006203403494595,0.0000,0.0000,,,nem
2026.08.17 18:00,2026.08.17 19:00,39N0610634430007,K11602346105776,0.0000,0.0000,,,nem
2026.08.17 18:00,2026.08.17 19:00,39N061064322000N,000017000000921927,0.0000,0.0000,,,nem
2026.08.17 18:00,2026.08.17 19:00,39N061065010000F,000016101300872121,0.0200,0.0196,,,nem
2026.08.17 18:00,2026.08.17 19:00,39N061065010000F,000052600000922077,16.7000,16.3393,,,nem
2026.08.17 18:00,2026.08.17 19:00,39N0610655730003,000033900029004198,0.0000,0.0000,,,nem
2026.08.17 18:00,2026.08.17 19:00,39N0610658850003,000036100006146191,2.2000,2.1360,,,nem
2026.08.17 18:00,2026.08.17 19:00,39N061111992000Z,000003400035704393,0.0000,0.0000,,,nem
2026.08.17 18:00,2026.08.17 19:00,39N061111992000Z,000036100006146095,0.0000,0.0000,,,nem
2026.08.17 18:00,2026.08.17 19:00,39N0611124530007,000003600005856462,0.0000,0.0000,,,nem
2026.08.17 18:00,2026.08.17 19:00,39N061113689000B,000000000005856294,0.0000,0.0000,,,igen
2026.08.17 18:00,2026.08.17 19:00,39N0611137880009,000000003404319296,3.4000,3.3011,,,nem
2026.08.17 18:00,2026.08.17 19:00,39N061114589000A,000006203404220198,1.1000,1.0680,,,nem
2026.08.17 18:00,2026.08.17 19:00,39N061116064000T,000028300000821328,0.0000,0.0000,,,nem
2026.08.17 18:00,2026.08.17 19:00,39N0611165530005,000000003404271788,0.0000,0.0000,,,nem
2026.08.17 18:00,2026.08.17 19:00,39N0611165530005,000028300021600966,0.0000,0.0000,,,nem
2026.08.17 18:00,2026.08.17 19:00,39N061117137000H,000000000033998448,0.0000,0.0000,,,nem
2026.08.17 18:00,2026.08.17 19:00,39N061117137000H,000037300035198695,0.0000,0.0000,,,nem
2026.08.17 18:00,2026.08.17 19:00,39N061128059000M,000017000000338640,0.0000,0.0000,,,nem
2026.08.17 18:00,2026.08.17 19:00,39N061163033000V,000000003404271784,1.5000,1.4564,,,nem
2026.08.17 18:00,2026.08.17 19:00,39N061164713000N,000016101400945331,0.0000,0.0000,,,nem
2026.08.17 18:00,2026.08.17 19:00,39N061164713000N,000017000000323144,0.0000,0.0000,,,nem
2026.08.17 18:00,2026.08.17 19:00,39N061165614000H,000028300001120580,4.5000,4.3691,,,nem
2026.08.17 18:00,2026.08.17 19:00,39N061166511000V,000028300001023276,0.0000,0.0000,,,nem
2026.08.17 18:00,2026.08.17 19:00,39N0611670050007,000003400031280543,0.0000,0.0000,,,nem
2026.08.17 18:00,2026.08.17 19:00,39N0611670050007,000051900015179291,0.0000,0.0000,,,nem
2026.08.17 18:00,2026.08.17 19:00,39N061167618000I,000011100000109538,0.0000,0.0000,,,nem
2026.08.17 18:00,2026.08.17 19:00,39N061168462000O,000000000021600956,0.0000,0.0000,,,nem
2026.08.17 18:00,2026.08.17 19:00,39N061168462000O,000016101501052057,0.0000,0.0000,,,nem
2026.08.17 18:00,2026.08.17 19:00,39N061177126000B,000003800033998439,0.8000,0.7987,,,nem
2026.08.17 18:00,2026.08.17 19:00,39N061177126000B,000016101400941206,0.0000,0.0000,,,nem
2026.08.17 18:00,2026.08.17 19:00,39N061177520000D,000000001701120781,0.0200,0.0192,,,nem
2026.08.17 18:00,2026.08.17 19:00,39N061177520000D,000011500000109643,1.8000,1.7284,,,nem
2026.08.17 18:00,2026.08.17 19:00,39N061177520000D,000035200035199236,0.0000,0.0000,,,nem
2026.08.17 18:00,2026.08.17 19:00,39N0613073350002,K3SC08000001972,5.0000,4.9140,,,igen
2026.08.17 18:00,2026.08.17 19:00,39N061422451000F,000000000006139400,0.0000,0.0000,,,nem
2026.08.17 18:00,2026.08.17 19:00,39N061426021000T,000000000000732191,0.0000,0.0000,,,nem
2026.08.17 18:00,2026.08.17 19:00,39N061429480000K,000017000000323128,0.0000,0.0000,,,nem
2026.08.17 18:00,2026.08.17 19:00,39N0614301610000,000028300021600959,0.7000,0.6721,,,nem
2026.08.17 18:00,2026.08.17 19:00,39N061432774000W,000000003404319313,0.1000,0.0971,,,nem
2026.08.17 18:00,2026.08.17 19:00,39N061434278000V,000000000027360271,1.7000,1.6505,,,nem
2026.08.17 18:00,2026.08.17 19:00,39N0614360320009,000003400028663807,0.0000,0.0000,,,nem
2026.08.17 18:00,2026.08.17 19:00,39N0614360330004,000003400029003972,0.0000,0.0000,,,nem
2026.08.17 18:00,2026.08.17 19:00,39N061436035000V,000003400028663901,0.0000,0.0000,,,nem
2026.08.17 18:00,2026.08.17 19:00,39N0614385900006,000003400028663783,0.0000,0.0000,,,nem
2026.08.17 18:00,2026.08.17 19:00,39N061442443000U,000036100006146087,0.4000,0.3914,,,nem
2026.08.17 19:00,2026.08.17 20:00,39N060000175000F,000011200000338683,0.0000,0.0000,,,nem
2026.08.17 19:00,2026.08.17 20:00,39N060001073000O,000000000006139414,0.2000,0.1920,,,nem
2026.08.17 19:00,2026.08.17 20:00,39N060001129000H,000017000001023298,10.2000,9.7940,,,nem
2026.08.17 19:00,2026.08.17 20:00,39N060005807000W,000011200000127418,0.0000,0.0000,,,nem
2026.08.17 19:00,2026.08.17 20:00,39N060005816000V,000017000009949791,0.0000,0.0000,,,nem
2026.08.17 19:00,2026.08.17 20:00,39N060005888000G,000011200000338692,0.0000,0.0000,,,nem
2026.08.17 19:00,2026.08.17 20:00,39N060005917000J,000006203403494571,2.2000,2.1360,,,nem
2026.08.17 19:00,2026.08.17 20:00,39N0600059220001,000028300000546980,0.4000,0.3799,,,nem
2026.08.17 19:00,2026.08.17 20:00,39N060005935000H,000000000000338639,1.1000,1.0680,,,nem
2026.08.17 19:00,2026.08.17 20:00,39N060005969000G,000000000021600969,0.0000,0.0000,,,nem
2026.08.17 19:00,2026.08.17 20:00,39N0600059720008,000011200009929313,0.0000,0.0000,,,nem
2026.08.17 19:00,2026.08.17 20:00,39N0600061150003,SC07000002018,2.0000,1.9370,,,nem
2026.08.17 19:00,2026.08.17 20:00,39N060006119000K,K114000009/2025,0.0000,0.0000,,,nem
2026.08.17 19:00,2026.08.17 20:00,39N0600061830008,K10300002009/14,2.0980,2.0145,,,nem
2026.08.17 19:00,2026.08.17 20:00,39N060006194000Y,K11200002014/40,7.7050,11.0000,,,nem
2026.08.17 19:00,2026.08.17 20:00,39N060006457000M,K3SC03403923059,0.0000,0.0000,,,nem
2026.08.17 19:00,2026.08.17 20:00,39N0600064860009,K3SC03403701666,0.0000,0.0000,,,nem
2026.08.17 19:00,2026.08.17 20:00,39N060006533000A,000011200000050026,2.0000,1.9418,,,nem
2026.08.17 19:00,2026.08.17 20:00,39N060008259000A,000011100000109546,0.0000,0.0000,,,nem
2026.08.17 19:00,2026.08.17 20:00,39N060008259000A,000033100035200420,0.0000,0.0000,,,nem
2026.08.17 19:00,2026.08.17 20:00,39N0600182680000,000028300000522181,0.0000,0.0000,,,nem
2026.08.17 19:00,2026.08.17 20:00,39N0600416330007,000003800032476907,0.0000,0.0000,,,igen
2026.08.17 19:00,2026.08.17 20:00,39N060056860000F,000052600000920561,0.0000,0.0000,,,nem
2026.08.17 19:00,2026.08.17 20:00,39N060735330000O,000000000029004173,1.4000,1.3296,,,nem
2026.08.17 19:00,2026.08.17 20:00,39N060735731000S,000051303403421788,0.0000,0.0000,,,nem
2026.08.17 19:00,2026.08.17 20:00,39N060735761000A,000052600000920734,0.0000,0.0000,,,nem
2026.08.17 19:00,2026.08.17 20:00,39N060735799000Q,000052600000922844,0.0000,0.0000,,,nem
2026.08.17 19:00,2026.08.17 20:00,39N0607556590002,000051900015179178,12.6000,12.2333,,,nem
2026.08.17 19:00,2026.08.17 20:00,39N060760989000V,000000003401922868,2.4600,9.3086,,,nem
2026.08.17 19:00,2026.08.17 20:00,39N060760989000V,000051400032414003,0.4100,0.4155,,,nem
2026.08.17 19:00,2026.08.17 20:00,39N060781564000X,000033900035704540,0.0000,0.0000,,,nem
2026.08.17 19:00,2026.08.17 20:00,39N060796913000S,000052600000924363,0.9000,0.8547,,,nem
2026.08.17 19:00,2026.08.17 20:00,39N060800931000Y,000000000033799349,0.0000,0.0000,,,nem
2026.08.17 19:00,2026.08.17 20:00,39N060800984000Q,000017000001120640,0.0000,0.0000,,,nem
2026.08.17 19:00,2026.08.17 20:00,39N060801557000C,000036100006146062,0.0000,0.0000,,,nem
2026.08.17 19:00,2026.08.17 20:00,39N060801582000J,000033900028664638,0.5000,0.4855,,,nem
2026.08.17 19:00,2026.08.17 20:00,39N060802666000X,000000000006139331,0.9000,0.8738,,,nem
2026.08.17 19:00,2026.08.17 20:00,39N060803151000H,000017000000034192,1.0000,0.9709,,,nem
2026.08.17 19:00,2026.08.17 20:00,39N060804167000A,000006201754706015,0.0000,0.0000,,,nem
2026.08.17 19:00,2026.08.17 20:00,39N060813408000J,000028400084254045,0.0000,0.0000,,,nem
2026.08.17 19:00,2026.08.17 20:00,39N0608168850008,000033900035704532,0.0000,0.0000,,,nem
2026.08.17 19:00,2026.08.17 20:00,39N060828512000O,K11602346105795,0.0000,0.0000,,,nem
2026.08.17 19:00,2026.08.17 20:00,39N060850045000Q,000017000000338654,1.4000,1.3443,,,igen
2026.08.17 19:00,2026.08.17 20:00,39N060850088000O,000000000027360225,0.6000,0.5761,,,nem
2026.08.17 19:00,2026.08.17 20:00,39N060851079000H,000016100500642248,0.0000,0.0000,,,nem
2026.08.17 19:00,2026.08.17 20:00,39N060851079000H,000016101400950739,0.0000,0.0000,,,nem
2026.08.17 19:00,2026.08.17 20:00,39N060851079000H,000016101501060302,0.0000,0.0000,,,nem
2026.08.17 19:00,2026.08.17 20:00,39N060851079000H,000033900028664722,0.0000,0.0000,,,nem
2026.08.17 19:00,2026.08.17 20:00,39N060851838000R,000033900028664566,0.0000,0.0000,,,nem
2026.08.17 19:00,2026.08.17 20:00,39N060852035000G,000000000005856541,0.0000,0.0000,,,nem
2026.08.17 19:00,2026.08.17 20:00,39N060852647000W,000000000000099523,2.5000,2.4273,,,nem
2026.08.17 19:00,2026.08.17 20:00,39N060854045000V,000036100035199036,0.2000,0.1942,,,nem
2026.08.17 19:00,2026.08.17 20:00,39N060855999000L,000035500084242956,0.0000,0.0000,,,igen
2026.08.17 19:00,2026.08.17 20:00,39N060878229000X,000003800029004033,0.0000,0.0000,,,igen
2026.08.17 19:00,2026.08.17 20:00,39N0609041660005,000003400035704397,0.0000,0.0000,,,nem
2026.08.17 19:00,2026.08.17 20:00,39N0609041660005,000006203403494604,0.8000,0.7682,,,nem
2026.08.17 19:00,2026.08.17 20:00,39N060905244000C,000000000005856271,0.0000,0.0000,,,nem
2026.08.17 19:00,2026.08.17 20:00,39N060907248000D,000028300000222218,0.0000,0.0000,,,nem
2026.08.17 19:00,2026.08.17 20:00,39N060909163000H,000017000000323118,0.0000,0.0000,,,nem
2026.08.17 19:00,2026.08.17 20:00,39N060909635000R,000011200000939880,0.0000,0.0000,,,nem
2026.08.17 19:00,2026.08.17 20:00,39N060909668000V,000003400029573718,0.0000,0.0000,,,nem
2026.08.17 19:00,2026.08.17 20:00,39N060909668000V,000028300000921860,0.4000,0.3884,,,nem
2026.08.17 19:00,2026.08.17 20:00,39N060910399000I,000000000015179098,0.0000,0.0000,,,nem
2026.08.17 19:00,2026.08.17 20:00,39N0609576930009,000036100035199133,0.0000,0.0000,,,nem
2026.08.17 19:00,2026.08.17 20:00,39N060957708000V,000016101400945632,0.0000,0.0000,,,nem
2026.08.17 19:00,2026.08.17 20:00,39N060957708000V,000035200035201443,0.0000,0.0000,,,nem
2026.08.17 19:00,2026.08.17 20:00,39N0609591810007,000017000000228833,1.4000,1.3593,,,nem
2026.08.17 19:00,2026.08.17 20:00,39N060959331000N,000028300000921876,0.0000,0.0000,,,nem
2026.08.17 19:00,2026.08.17 20:00,39N060959437000N,000011200001120693,0.0000,0.0000,,,nem
2026.08.17 19:00,2026.08.17 20:00,39N060959695000K,000011100000116018,5.4000,5.1851,,,nem
2026.08.17 19:00,2026.08.17 20:00,39N060960379000M,000033100035200070,0.0000,0.0000,,,nem
2026.08.17 19:00,2026.08.17 20:00,39N060960379000M,000035200035199870,1.9000,1.8590,,,nem
2026.08.17 19:00,2026.08.17 20:00,39N060961173000L,000000000035201061,0.0000,0.0000,,,nem
2026.08.17 19:00,2026.08.17 20:00,39N060961591000S,K3SC08000002382,0.0000,0.0000,,,nem
2026.08.17 19:00,2026.08.17 20:00,39N060963554000L,000000000015081701,0.0000,0.0000,,,nem
2026.08.17 19:00,2026.08.17 20:00,39N060972518000O,000052600000920115,0.8000,0.7767,,,nem
2026.08.17 19:00,2026.08.17 20:00,39N0610083130009,000036100035199130,0.0000,0.0000,,,nem
2026.08.17 19:00,2026.08.17 20:00,39N061011000000O,000017000000921883,0.0000,0.0000,,,nem
2026.08.17 19:00,2026.08.17 20:00,39N061011943000X,K3SC08000001974,0.0000,0.0000,,,nem
2026.08.17 19:00,2026.08.17 20:00,39N061014839000T,000011500000109645,0.0000,0.0000,,,nem
2026.08.17 19:00,2026.08.17 20:00,39N061030420000B,000028400084254048,0.0000,0.0000,,,nem
2026.08.17 19:00,2026.08.17 20:00,39N061033384000C,000000000035817692,0.0000,0.0000,,,nem
2026.08.17 19:00,2026.08.17 20:00,39N061033384000C,000017000000921900,0.0000,0.0000,,,nem
2026.08.17 19:00,2026.08.17 20:00,39N0610340960009,000033900029004124,0.6000,0.5870,,,nem
2026.08.17 19:00,2026.08.17 20:00,39N061059787000E,000004200032394437,0.0000,0.0000,,,nem
2026.08.17 19:00,2026.08.17 20:00,39N061059787000E,000017000009716405,0.0000,0.0000,,,nem
2026.08.17 19:00,2026.08.17 20:00,39N0610610180007,000000000035201000,9.9000,9.6119,,,nem
2026.08.17 19:00,2026.08.17 20:00,39N061061836000N,000000000700710745,0.0000,0.0000,,,nem
2026.08.17 19:00,2026.08.17 20:00,39N061061836000N,000016101501053013,0.0000,0.0000,,,nem
2026.08.17 19:00,2026.08.17 20:00,39N061061836000N,000033900028664501,0.0000,0.0000,,,nem
2026.08.17 19:00,2026.08.17 20:00,39N061061836000N,000054902500064724,0.0000,0.0000,,,nem
2026.08.17 19:00,2026.08.17 20:00,39N061063215000T,000006203403494595,0.0000,0.0000,,,nem
2026.08.17 19:00,2026.08.17 20:00,39N0610634430007,K11602346105776,1.0000,1.0400,,,nem
2026.08.17 19:00,2026.08.17 20:00,39N061064322000N,000017000000921927,0.0000,0.0000,,,nem
2026.08.17 19:00,2026.08.17 20:00,39N061065010000F,000016101300872121,0.0000,0.0000,,,nem
2026.08.17 19:00,2026.08.17 20:00,39N061065010000F,000052600000922077,10.1000,9.8818,,,nem
2026.08.17 19:00,2026.08.17 20:00,39N0610655730003,000033900029004198,1.2000,1.1522,,,nem
2026.08.17 19:00,2026.08.17 20:00,39N0610658850003,000036100006146191,1.1000,1.0680,,,nem
2026.08.17 19:00,2026.08.17 20:00,39N061111992000Z,000003400035704393,0.0000,0.0000,,,nem
2026.08.17 19:00,2026.08.17 20:00,39N061111992000Z,000036100006146095,0.0000,0.0000,,,nem
2026.08.17 19:00,2026.08.17 20:00,39N0611124530007,000003600005856462,0.0000,0.0000,,,nem
2026.08.17 19:00,2026.08.17 20:00,39N061113689000B,000000000005856294,0.0000,0.0000,,,igen
2026.08.17 19:00,2026.08.17 20:00,39N0611137880009,000000003404319296,3.8000,3.6894,,,nem
2026.08.17 19:00,2026.08.17 20:00,39N061114589000A,000006203404220198,1.4000,1.3593,,,nem
2026.08.17 19:00,2026.08.17 20:00,39N061116064000T,000028300000821328,0.0000,0.0000,,,nem
2026.08.17 19:00,2026.08.17 20:00,39N0611165530005,000000003404271788,0.0000,0.0000,,,nem
2026.08.17 19:00,2026.08.17 20:00,39N0611165530005,000028300021600966,0.0000,0.0000,,,nem
2026.08.17 19:00,2026.08.17 20:00,39N061117137000H,000000000033998448,0.0000,0.0000,,,nem
2026.08.17 19:00,2026.08.17 20:00,39N061117137000H,000037300035198695,0.1000,0.0971,,,nem
2026.08.17 19:00,2026.08.17 20:00,39N061128059000M,000017000000338640,0.0000,0.0000,,,nem
2026.08.17 19:00,2026.08.17 20:00,39N061163033000V,000000003404271784,0.0000,0.0000,,,nem
2026.08.17 19:00,2026.08.17 20:00,39N061164713000N,000016101400945331,0.0000,0.0000,,,nem
2026.08.17 19:00,2026.08.17 20:00,39N061164713000N,000017000000323144,0.0000,0.0000,,,nem
2026.08.17 19:00,2026.08.17 20:00,39N061165614000H,000028300001120580,8.2000,7.9614,,,nem
2026.08.17 19:00,2026.08.17 20:00,39N061166511000V,000028300001023276,0.0000,0.0000,,,nem
2026.08.17 19:00,2026.08.17 20:00,39N0611670050007,000003400031280543,0.0000,0.0000,,,nem
2026.08.17 19:00,2026.08.17 20:00,39N0611670050007,000051900015179291,0.0000,0.0000,,,nem
2026.08.17 19:00,2026.08.17 20:00,39N061167618000I,000011100000109538,0.0000,0.0000,,,nem
2026.08.17 19:00,2026.08.17 20:00,39N061168462000O,000000000021600956,0.0000,0.0000,,,nem
2026.08.17 19:00,2026.08.17 20:00,39N061168462000O,000016101501052057,0.0000,0.0000,,,nem
2026.08.17 19:00,2026.08.17 20:00,39N061177126000B,000003800033998439,0.3000,0.2995,,,nem
2026.08.17 19:00,2026.08.17 20:00,39N061177126000B,000016101400941206,0.0000,0.0000,,,nem
2026.08.17 19:00,2026.08.17 20:00,39N061177520000D,000000001701120781,0.0200,0.0192,,,nem
2026.08.17 19:00,2026.08.17 20:00,39N061177520000D,000011500000109643,0.0000,0.0000,,,nem
2026.08.17 19:00,2026.08.17 20:00,39N061177520000D,000035200035199236,0.0000,0.0000,,,nem
2026.08.17 19:00,2026.08.17 20:00,39N0613073350002,K3SC08000001972,3.0000,2.9127,,,igen
2026.08.17 19:00,2026.08.17 20:00,39N061422451000F,000000000006139400,0.0000,0.0000,,,nem
2026.08.17 19:00,2026.08.17 20:00,39N061426021000T,000000000000732191,0.0000,0.0000,,,nem
2026.08.17 19:00,2026.08.17 20:00,39N061429480000K,000017000000323128,0.0000,0.0000,,,nem
2026.08.17 19:00,2026.08.17 20:00,39N0614301610000,000028300021600959,0.7000,0.6721,,,nem
2026.08.17 19:00,2026.08.17 20:00,39N061432774000W,000000003404319313,0.1000,0.0971,,,nem
2026.08.17 19:00,2026.08.17 20:00,39N061434278000V,000000000027360271,0.0000,0.0000,,,nem
2026.08.17 19:00,2026.08.17 20:00,39N0614360320009,000003400028663807,0.0000,0.0000,,,nem
2026.08.17 19:00,2026.08.17 20:00,39N0614360330004,000003400029003972,0.0000,0.0000,,,nem
2026.08.17 19:00,2026.08.17 20:00,39N061436035000V,000003400028663901,0.0000,0.0000,,,nem
2026.08.17 19:00,2026.08.17 20:00,39N0614385900006,000003400028663783,0.0000,0.0000,,,nem
2026.08.17 19:00,2026.08.17 20:00,39N061442443000U,000036100006146087,0.5000,0.4892,,,nem
2026.08.17 20:00,2026.08.17 21:00,39N060000175000F,000011200000338683,0.0000,0.0000,,,nem
2026.08.17 20:00,2026.08.17 21:00,39N060001073000O,000000000006139414,0.2000,0.1920,,,nem
2026.08.17 20:00,2026.08.17 21:00,39N060001129000H,000017000001023298,12.7000,12.1945,,,nem
2026.08.17 20:00,2026.08.17 21:00,39N060005807000W,000011200000127418,0.0000,0.0000,,,nem
2026.08.17 20:00,2026.08.17 21:00,39N060005816000V,000017000009949791,0.0000,0.0000,,,nem
2026.08.17 20:00,2026.08.17 21:00,39N060005888000G,000011200000338692,0.0000,0.0000,,,nem
2026.08.17 20:00,2026.08.17 21:00,39N060005917000J,000006203403494571,2.6000,2.5243,,,nem
2026.08.17 20:00,2026.08.17 21:00,39N0600059220001,000028300000546980,0.0000,0.0000,,,nem
2026.08.17 20:00,2026.08.17 21:00,39N060005935000H,000000000000338639,3.8000,3.6894,,,nem
2026.08.17 20:00,2026.08.17 21:00,39N060005969000G,000000000021600969,0.0000,0.0000,,,nem
2026.08.17 20:00,2026.08.17 21:00,39N0600059720008,000011200009929313,0.0000,0.0000,,,nem
2026.08.17 20:00,2026.08.17 21:00,39N0600061150003,SC07000002018,1.0000,0.9690,,,nem
2026.08.17 20:00,2026.08.17 21:00,39N060006119000K,K114000009/2025,0.0000,0.0000,,,nem
2026.08.17 20:00,2026.08.17 21:00,39N0600061830008,K10300002009/14,0.0000,0.0000,,,nem
2026.08.17 20:00,2026.08.17 21:00,39N060006194000Y,K11200002014/40,8.3660,12.0000,,,nem
2026.08.17 20:00,2026.08.17 21:00,39N060006457000M,K3SC03403923059,0.0000,0.0000,,,nem
2026.08.17 20:00,2026.08.17 21:00,39N0600064860009,K3SC03403701666,0.0000,0.0000,,,nem
2026.08.17 20:00,2026.08.17 21:00,39N060006533000A,000011200000050026,3.0000,2.9127,,,nem
2026.08.17 20:00,2026.08.17 21:00,39N060008259000A,000011100000109546,0.0000,0.0000,,,nem
2026.08.17 20:00,2026.08.17 21:00,39N060008259000A,000033100035200420,0.0000,0.0000,,,nem
2026.08.17 20:00,2026.08.17 21:00,39N0600182680000,000028300000522181,0.0000,0.0000,,,nem
2026.08.17 20:00,2026.08.17 21:00,39N0600416330007,000003800032476907,0.0000,0.0000,,,igen
2026.08.17 20:00,2026.08.17 21:00,39N060056860000F,000052600000920561,0.7000,0.6796,,,nem
2026.08.17 20:00,2026.08.17 21:00,39N060735330000O,000000000029004173,1.5000,1.4246,,,nem
2026.08.17 20:00,2026.08.17 21:00,39N060735731000S,000051303403421788,0.0000,0.0000,,,nem
2026.08.17 20:00,2026.08.17 21:00,39N060735761000A,000052600000920734,0.0000,0.0000,,,nem
2026.08.17 20:00,2026.08.17 21:00,39N060735799000Q,000052600000922844,0.0000,0.0000,,,nem
2026.08.17 20:00,2026.08.17 21:00,39N0607556590002,000051900015179178,12.4000,12.0392,,,nem
2026.08.17 20:00,2026.08.17 21:00,39N060760989000V,000000003401922868,0.0000,0.0000,,,nem
2026.08.17 20:00,2026.08.17 21:00,39N060760989000V,000051400032414003,0.2900,0.2939,,,nem
2026.08.17 20:00,2026.08.17 21:00,39N060781564000X,000033900035704540,0.0000,0.0000,,,nem
2026.08.17 20:00,2026.08.17 21:00,39N060796913000S,000052600000924363,1.9000,1.8044,,,nem
2026.08.17 20:00,2026.08.17 21:00,39N060800931000Y,000000000033799349,0.0000,0.0000,,,nem
2026.08.17 20:00,2026.08.17 21:00,39N060800984000Q,000017000001120640,0.0000,0.0000,,,nem
2026.08.17 20:00,2026.08.17 21:00,39N060801557000C,000036100006146062,0.0000,0.0000,,,nem
2026.08.17 20:00,2026.08.17 21:00,39N060801582000J,000033900028664638,0.0000,0.0000,,,nem
2026.08.17 20:00,2026.08.17 21:00,39N060802666000X,000000000006139331,0.8000,0.7767,,,nem
2026.08.17 20:00,2026.08.17 21:00,39N060803151000H,000017000000034192,0.5000,0.4855,,,nem
2026.08.17 20:00,2026.08.17 21:00,39N060804167000A,000006201754706015,0.7000,0.7218,,,nem
2026.08.17 20:00,2026.08.17 21:00,39N060813408000J,000028400084254045,0.0000,0.0000,,,nem
2026.08.17 20:00,2026.08.17 21:00,39N0608168850008,000033900035704532,1.1000,1.0680,,,nem
2026.08.17 20:00,2026.08.17 21:00,39N060828512000O,K11602346105795,1.0000,1.0400,,,nem
2026.08.17 20:00,2026.08.17 21:00,39N060850045000Q,000017000000338654,0.4000,0.3841,,,igen
2026.08.17 20:00,2026.08.17 21:00,39N060850088000O,000000000027360225,0.7000,0.6721,,,nem
2026.08.17 20:00,2026.08.17 21:00,39N060851079000H,000016100500642248,0.0000,0.0000,,,nem
2026.08.17 20:00,2026.08.17 21:00,39N060851079000H,000016101400950739,0.0000,0.0000,,,nem
2026.08.17 20:00,2026.08.17 21:00,39N060851079000H,000016101501060302,0.0200,0.0194,,,nem
2026.08.17 20:00,2026.08.17 21:00,39N060851079000H,000033900028664722,0.0000,0.0000,,,nem
2026.08.17 20:00,2026.08.17 21:00,39N060851838000R,000033900028664566,0.0000,0.0000,,,nem
2026.08.17 20:00,2026.08.17 21:00,39N060852035000G,000000000005856541,0.0000,0.0000,,,nem
2026.08.17 20:00,2026.08.17 21:00,39N060852647000W,000000000000099523,3.0000,2.9127,,,nem
2026.08.17 20:00,2026.08.17 21:00,39N060854045000V,000036100035199036,1.6000,1.5534,,,nem
2026.08.17 20:00,2026.08.17 21:00,39N060855999000L,000035500084242956,0.0000,0.0000,,,igen
2026.08.17 20:00,2026.08.17 21:00,39N060878229000X,000003800029004033,0.0000,0.0000,,,igen
2026.08.17 20:00,2026.08.17 21:00,39N0609041660005,000003400035704397,0.0000,0.0000,,,nem
2026.08.17 20:00,2026.08.17 21:00,39N0609041660005,000006203403494604,0.9000,0.8642,,,nem
2026.08.17 20:00,2026.08.17 21:00,39N060905244000C,000000000005856271,0.0000,0.0000,,,nem
2026.08.17 20:00,2026.08.17 21:00,39N060907248000D,000028300000222218,0.0000,0.0000,,,nem
2026.08.17 20:00,2026.08.17 21:00,39N060909163000H,000017000000323118,4.9000,4.6535,,,nem
2026.08.17 20:00,2026.08.17 21:00,39N060909635000R,000011200000939880,0.0000,0.0000,,,nem
2026.08.17 20:00,2026.08.17 21:00,39N060909668000V,000003400029573718,0.0000,0.0000,,,nem
2026.08.17 20:00,2026.08.17 21:00,39N060909668000V,000028300000921860,0.0000,0.0000,,,nem
2026.08.17 20:00,2026.08.17 21:00,39N060910399000I,000000000015179098,0.0000,0.0000,,,nem
2026.08.17 20:00,2026.08.17 21:00,39N0609576930009,000036100035199133,0.0000,0.0000,,,nem
2026.08.17 20:00,2026.08.17 21:00,39N060957708000V,000016101400945632,0.0000,0.0000,,,nem
2026.08.17 20:00,2026.08.17 21:00,39N060957708000V,000035200035201443,0.0000,0.0000,,,nem
2026.08.17 20:00,2026.08.17 21:00,39N0609591810007,000017000000228833,1.1000,1.0680,,,nem
2026.08.17 20:00,2026.08.17 21:00,39N060959331000N,000028300000921876,0.0000,0.0000,,,nem
2026.08.17 20:00,2026.08.17 21:00,39N060959437000N,000011200001120693,0.0000,0.0000,,,nem
2026.08.17 20:00,2026.08.17 21:00,39N060959695000K,000011100000116018,3.9000,3.7448,,,nem
2026.08.17 20:00,2026.08.17 21:00,39N060960379000M,000033100035200070,0.0000,0.0000,,,nem
2026.08.17 20:00,2026.08.17 21:00,39N060960379000M,000035200035199870,1.0000,0.9784,,,nem
2026.08.17 20:00,2026.08.17 21:00,39N060961173000L,000000000035201061,0.1000,0.0971,,,nem
2026.08.17 20:00,2026.08.17 21:00,39N060961591000S,K3SC08000002382,0.0000,0.0000,,,nem
2026.08.17 20:00,2026.08.17 21:00,39N060963554000L,000000000015081701,1.0000,0.9709,,,nem
2026.08.17 20:00,2026.08.17 21:00,39N060972518000O,000052600000920115,0.8000,0.7767,,,nem
2026.08.17 20:00,2026.08.17 21:00,39N0610083130009,000036100035199130,0.0000,0.0000,,,nem
2026.08.17 20:00,2026.08.17 21:00,39N061011000000O,000017000000921883,0.0000,0.0000,,,nem
2026.08.17 20:00,2026.08.17 21:00,39N061011943000X,K3SC08000001974,0.0000,0.0000,,,nem
2026.08.17 20:00,2026.08.17 21:00,39N061014839000T,000011500000109645,0.0000,0.0000,,,nem
2026.08.17 20:00,2026.08.17 21:00,39N061030420000B,000028400084254048,0.6000,0.5741,,,nem
2026.08.17 20:00,2026.08.17 21:00,39N061033384000C,000000000035817692,0.0000,0.0000,,,nem
2026.08.17 20:00,2026.08.17 21:00,39N061033384000C,000017000000921900,0.0000,0.0000,,,nem
2026.08.17 20:00,2026.08.17 21:00,39N0610340960009,000033900029004124,0.7000,0.6849,,,nem
2026.08.17 20:00,2026.08.17 21:00,39N061059787000E,000004200032394437,0.0000,0.0000,,,nem
2026.08.17 20:00,2026.08.17 21:00,39N061059787000E,000017000009716405,0.0000,0.0000,,,nem
2026.08.17 20:00,2026.08.17 21:00,39N0610610180007,000000000035201000,9.5000,9.2236,,,nem
2026.08.17 20:00,2026.08.17 21:00,39N061061836000N,000000000700710745,0.0000,0.0000,,,nem
2026.08.17 20:00,2026.08.17 21:00,39N061061836000N,000016101501053013,0.0000,0.0000,,,nem
2026.08.17 20:00,2026.08.17 21:00,39N061061836000N,000033900028664501,0.0000,0.0000,,,nem
2026.08.17 20:00,2026.08.17 21:00,39N061061836000N,000054902500064724,0.0000,0.0000,,,nem
2026.08.17 20:00,2026.08.17 21:00,39N061063215000T,000006203403494595,0.0000,0.0000,,,nem
2026.08.17 20:00,2026.08.17 21:00,39N0610634430007,K11602346105776,0.0000,0.0000,,,nem
2026.08.17 20:00,2026.08.17 21:00,39N061064322000N,000017000000921927,0.0000,0.0000,,,nem
2026.08.17 20:00,2026.08.17 21:00,39N061065010000F,000016101300872121,0.0000,0.0000,,,nem
2026.08.17 20:00,2026.08.17 21:00,39N061065010000F,000052600000922077,15.8000,15.4587,,,nem
2026.08.17 20:00,2026.08.17 21:00,39N0610655730003,000033900029004198,0.9000,0.8642,,,nem
2026.08.17 20:00,2026.08.17 21:00,39N0610658850003,000036100006146191,1.5000,1.4564,,,nem
2026.08.17 20:00,2026.08.17 21:00,39N061111992000Z,000003400035704393,0.0000,0.0000,,,nem
2026.08.17 20:00,2026.08.17 21:00,39N061111992000Z,000036100006146095,0.0000,0.0000,,,nem
2026.08.17 20:00,2026.08.17 21:00,39N0611124530007,000003600005856462,0.0000,0.0000,,,nem
2026.08.17 20:00,2026.08.17 21:00,39N061113689000B,000000000005856294,0.0000,0.0000,,,igen
2026.08.17 20:00,2026.08.17 21:00,39N0611137880009,000000003404319296,3.4000,3.3011,,,nem
2026.08.17 20:00,2026.08.17 21:00,39N061114589000A,000006203404220198,1.3000,1.2622,,,nem
2026.08.17 20:00,2026.08.17 21:00,39N061116064000T,000028300000821328,0.0000,0.0000,,,nem
2026.08.17 20:00,2026.08.17 21:00,39N0611165530005,000000003404271788,0.0000,0.0000,,,nem
2026.08.17 20:00,2026.08.17 21:00,39N0611165530005,000028300021600966,0.0000,0.0000,,,nem
2026.08.17 20:00,2026.08.17 21:00,39N061117137000H,000000000033998448,0.0000,0.0000,,,nem
2026.08.17 20:00,2026.08.17 21:00,39N061117137000H,000037300035198695,0.0000,0.0000,,,nem
2026.08.17 20:00,2026.08.17 21:00,39N061128059000M,000017000000338640,0.0000,0.0000,,,nem
2026.08.17 20:00,2026.08.17 21:00,39N061163033000V,000000003404271784,1.4200,1.3787,,,nem
2026.08.17 20:00,2026.08.17 21:00,39N061164713000N,000016101400945331,0.0000,0.0000,,,nem
2026.08.17 20:00,2026.08.17 21:00,39N061164713000N,000017000000323144,0.0000,0.0000,,,nem
2026.08.17 20:00,2026.08.17 21:00,39N061165614000H,000028300001120580,7.7000,7.5337,,,nem
2026.08.17 20:00,2026.08.17 21:00,39N061166511000V,000028300001023276,0.0000,0.0000,,,nem
2026.08.17 20:00,2026.08.17 21:00,39N0611670050007,000003400031280543,0.0000,0.0000,,,nem
2026.08.17 20:00,2026.08.17 21:00,39N0611670050007,000051900015179291,0.0000,0.0000,,,nem
2026.08.17 20:00,2026.08.17 21:00,39N061167618000I,000011100000109538,0.0000,0.0000,,,nem
2026.08.17 20:00,2026.08.17 21:00,39N061168462000O,000000000021600956,0.0000,0.0000,,,nem
2026.08.17 20:00,2026.08.17 21:00,39N061168462000O,000016101501052057,0.0000,0.0000,,,nem
2026.08.17 20:00,2026.08.17 21:00,39N061177126000B,000003800033998439,0.3000,0.2995,,,nem
2026.08.17 20:00,2026.08.17 21:00,39N061177126000B,000016101400941206,0.0000,0.0000,,,nem
2026.08.17 20:00,2026.08.17 21:00,39N061177520000D,000000001701120781,0.0100,0.0096,,,nem
2026.08.17 20:00,2026.08.17 21:00,39N061177520000D,000011500000109643,3.0000,2.8806,,,nem
2026.08.17 20:00,2026.08.17 21:00,39N061177520000D,000035200035199236,0.0000,0.0000,,,nem
2026.08.17 20:00,2026.08.17 21:00,39N0613073350002,K3SC08000001972,5.0000,4.9180,,,igen
2026.08.17 20:00,2026.08.17 21:00,39N061422451000F,000000000006139400,1.6000,1.5363,,,nem
2026.08.17 20:00,2026.08.17 21:00,39N061426021000T,000000000000732191,0.0000,0.0000,,,nem
2026.08.17 20:00,2026.08.17 21:00,39N061429480000K,000017000000323128,0.0000,0.0000,,,nem
2026.08.17 20:00,2026.08.17 21:00,39N0614301610000,000028300021600959,0.4000,0.3841,,,nem
2026.08.17 20:00,2026.08.17 21:00,39N061432774000W,000000003404319313,0.2000,0.1942,,,nem
2026.08.17 20:00,2026.08.17 21:00,39N061434278000V,000000000027360271,1.2000,1.1651,,,nem
2026.08.17 20:00,2026.08.17 21:00,39N0614360320009,000003400028663807,0.0000,0.0000,,,nem
2026.08.17 20:00,2026.08.17 21:00,39N0614360330004,000003400029003972,0.0000,0.0000,,,nem
2026.08.17 20:00,2026.08.17 21:00,39N061436035000V,000003400028663901,0.0000,0.0000,,,nem
2026.08.17 20:00,2026.08.17 21:00,39N0614385900006,000003400028663783,0.0000,0.0000,,,nem
2026.08.17 20:00,2026.08.17 21:00,39N061442443000U,000036100006146087,0.0000,0.0000,,,nem
2026.08.17 21:00,2026.08.17 22:00,39N060000175000F,000011200000338683,0.0000,0.0000,,,nem
2026.08.17 21:00,2026.08.17 22:00,39N060001073000O,000000000006139414,0.0000,0.0000,,,nem
2026.08.17 21:00,2026.08.17 22:00,39N060001129000H,000017000001023298,15.8000,15.1712,,,nem
2026.08.17 21:00,2026.08.17 22:00,39N060005807000W,000011200000127418,0.0000,0.0000,,,nem
2026.08.17 21:00,2026.08.17 22:00,39N060005816000V,000017000009949791,0.0000,0.0000,,,nem
2026.08.17 21:00,2026.08.17 22:00,39N060005888000G,000011200000338692,0.0000,0.0000,,,nem
2026.08.17 21:00,2026.08.17 22:00,39N060005917000J,000006203403494571,2.8000,2.7185,,,nem
2026.08.17 21:00,2026.08.17 22:00,39N0600059220001,000028300000546980,0.3000,0.2849,,,nem
2026.08.17 21:00,2026.08.17 22:00,39N060005935000H,000000000000338639,4.3000,4.1749,,,nem
2026.08.17 21:00,2026.08.17 22:00,39N060005969000G,000000000021600969,0.0000,0.0000,,,nem
2026.08.17 21:00,2026.08.17 22:00,39N0600059720008,000011200009929313,0.0000,0.0000,,,nem
2026.08.17 21:00,2026.08.17 22:00,39N0600061150003,SC07000002018,2.0000,1.9380,,,nem
2026.08.17 21:00,2026.08.17 22:00,39N060006119000K,K114000009/2025,0.0000,0.0000,,,nem
2026.08.17 21:00,2026.08.17 22:00,39N0600061830008,K10300002009/14,1.0440,1.0024,,,nem
2026.08.17 21:00,2026.08.17 22:00,39N060006194000Y,K11200002014/40,7.6300,10.8354,,,nem
2026.08.17 21:00,2026.08.17 22:00,39N060006457000M,K3SC03403923059,0.0000,0.0000,,,nem
2026.08.17 21:00,2026.08.17 22:00,39N0600064860009,K3SC03403701666,0.0000,0.0000,,,nem
2026.08.17 21:00,2026.08.17 22:00,39N060006533000A,000011200000050026,2.0000,1.9418,,,nem
2026.08.17 21:00,2026.08.17 22:00,39N060008259000A,000011100000109546,0.0000,0.0000,,,nem
2026.08.17 21:00,2026.08.17 22:00,39N060008259000A,000033100035200420,0.0000,0.0000,,,nem
2026.08.17 21:00,2026.08.17 22:00,39N0600182680000,000028300000522181,0.0000,0.0000,,,nem
2026.08.17 21:00,2026.08.17 22:00,39N0600416330007,000003800032476907,0.0000,0.0000,,,igen
2026.08.17 21:00,2026.08.17 22:00,39N060056860000F,000052600000920561,0.0000,0.0000,,,nem
2026.08.17 21:00,2026.08.17 22:00,39N060735330000O,000000000029004173,0.0000,0.0000,,,nem
2026.08.17 21:00,2026.08.17 22:00,39N060735731000S,000051303403421788,0.0000,0.0000,,,nem
2026.08.17 21:00,2026.08.17 22:00,39N060735761000A,000052600000920734,0.0000,0.0000,,,nem
2026.08.17 21:00,2026.08.17 22:00,39N060735799000Q,000052600000922844,0.0000,0.0000,,,nem
2026.08.17 21:00,2026.08.17 22:00,39N0607556590002,000051900015179178,8.6000,8.3497,,,nem
2026.08.17 21:00,2026.08.17 22:00,39N060760989000V,000000003401922868,0.0000,0.0000,,,nem
2026.08.17 21:00,2026.08.17 22:00,39N060760989000V,000051400032414003,0.1100,0.1115,,,nem
2026.08.17 21:00,2026.08.17 22:00,39N060781564000X,000033900035704540,0.0000,0.0000,,,nem
2026.08.17 21:00,2026.08.17 22:00,39N060796913000S,000052600000924363,0.5000,0.4749,,,nem
2026.08.17 21:00,2026.08.17 22:00,39N060800931000Y,000000000033799349,0.0000,0.0000,,,nem
2026.08.17 21:00,2026.08.17 22:00,39N060800984000Q,000017000001120640,0.0000,0.0000,,,nem
2026.08.17 21:00,2026.08.17 22:00,39N060801557000C,000036100006146062,0.0000,0.0000,,,nem
2026.08.17 21:00,2026.08.17 22:00,39N060801582000J,000033900028664638,0.0000,0.0000,,,nem
2026.08.17 21:00,2026.08.17 22:00,39N060802666000X,000000000006139331,0.0000,0.0000,,,nem
2026.08.17 21:00,2026.08.17 22:00,39N060803151000H,000017000000034192,0.3000,0.2913,,,nem
2026.08.17 21:00,2026.08.17 22:00,39N060804167000A,000006201754706015,0.5000,0.5156,,,nem
2026.08.17 21:00,2026.08.17 22:00,39N060813408000J,000028400084254045,0.0000,0.0000,,,nem
2026.08.17 21:00,2026.08.17 22:00,39N0608168850008,000033900035704532,1.5000,1.4564,,,nem
2026.08.17 21:00,2026.08.17 22:00,39N060828512000O,K11602346105795,1.0000,1.0400,,,nem
2026.08.17 21:00,2026.08.17 22:00,39N060850045000Q,000017000000338654,5.8000,5.5692,,,igen
2026.08.17 21:00,2026.08.17 22:00,39N060850088000O,000000000027360225,1.1000,1.0562,,,nem
2026.08.17 21:00,2026.08.17 22:00,39N060851079000H,000016100500642248,0.0000,0.0000,,,nem
2026.08.17 21:00,2026.08.17 22:00,39N060851079000H,000016101400950739,0.0000,0.0000,,,nem
2026.08.17 21:00,2026.08.17 22:00,39N060851079000H,000016101501060302,0.0000,0.0000,,,nem
2026.08.17 21:00,2026.08.17 22:00,39N060851079000H,000033900028664722,0.0000,0.0000,,,nem
2026.08.17 21:00,2026.08.17 22:00,39N060851838000R,000033900028664566,0.0000,0.0000,,,nem
2026.08.17 21:00,2026.08.17 22:00,39N060852035000G,000000000005856541,0.3000,0.2913,,,nem
2026.08.17 21:00,2026.08.17 22:00,39N060852647000W,000000000000099523,0.5000,0.4855,,,nem
2026.08.17 21:00,2026.08.17 22:00,39N060854045000V,000036100035199036,1.5000,1.4564,,,nem
2026.08.17 21:00,2026.08.17 22:00,39N060855999000L,000035500084242956,0.0000,0.0000,,,igen
2026.08.17 21:00,2026.08.17 22:00,39N060878229000X,000003800029004033,0.0000,0.0000,,,igen
2026.08.17 21:00,2026.08.17 22:00,39N0609041660005,000003400035704397,0.0000,0.0000,,,nem
2026.08.17 21:00,2026.08.17 22:00,39N0609041660005,000006203403494604,0.1000,0.0960,,,nem
2026.08.17 21:00,2026.08.17 22:00,39N060905244000C,000000000005856271,0.0000,0.0000,,,nem
2026.08.17 21:00,2026.08.17 22:00,39N060907248000D,000028300000222218,0.2000,0.1942,,,nem
2026.08.17 21:00,2026.08.17 22:00,39N060909163000H,000017000000323118,0.0000,0.0000,,,nem
2026.08.17 21:00,2026.08.17 22:00,39N060909635000R,000011200000939880,0.0000,0.0000,,,nem
2026.08.17 21:00,2026.08.17 22:00,39N060909668000V,000003400029573718,0.0000,0.0000,,,nem
2026.08.17 21:00,2026.08.17 22:00,39N060909668000V,000028300000921860,0.0000,0.0000,,,nem
2026.08.17 21:00,2026.08.17 22:00,39N060910399000I,000000000015179098,0.0000,0.0000,,,nem
2026.08.17 21:00,2026.08.17 22:00,39N0609576930009,000036100035199133,0.0000,0.0000,,,nem
2026.08.17 21:00,2026.08.17 22:00,39N060957708000V,000016101400945632,0.0000,0.0000,,,nem
2026.08.17 21:00,2026.08.17 22:00,39N060957708000V,000035200035201443,0.0000,0.0000,,,nem
2026.08.17 21:00,2026.08.17 22:00,39N0609591810007,000017000000228833,0.8000,0.7767,,,nem
2026.08.17 21:00,2026.08.17 22:00,39N060959331000N,000028300000921876,0.0000,0.0000,,,nem
2026.08.17 21:00,2026.08.17 22:00,39N060959437000N,000011200001120693,0.0000,0.0000,,,nem
2026.08.17 21:00,2026.08.17 22:00,39N060959695000K,000011100000116018,5.9000,5.6652,,,nem
2026.08.17 21:00,2026.08.17 22:00,39N060960379000M,000033100035200070,0.0000,0.0000,,,nem
2026.08.17 21:00,2026.08.17 22:00,39N060960379000M,000035200035199870,1.6000,1.5654,,,nem
2026.08.17 21:00,2026.08.17 22:00,39N060961173000L,000000000035201061,0.0000,0.0000,,,nem
2026.08.17 21:00,2026.08.17 22:00,39N060961591000S,K3SC08000002382,0.0000,0.0000,,,nem
2026.08.17 21:00,2026.08.17 22:00,39N060963554000L,000000000015081701,1.1000,1.0680,,,nem
2026.08.17 21:00,2026.08.17 22:00,39N060972518000O,000052600000920115,0.8000,0.7767,,,nem
2026.08.17 21:00,2026.08.17 22:00,39N0610083130009,000036100035199130,0.0000,0.0000,,,nem
2026.08.17 21:00,2026.08.17 22:00,39N061011000000O,000017000000921883,0.0000,0.0000,,,nem
2026.08.17 21:00,2026.08.17 22:00,39N061011943000X,K3SC08000001974,0.0000,0.0000,,,nem
2026.08.17 21:00,2026.08.17 22:00,39N061014839000T,000011500000109645,0.0000,0.0000,,,nem
2026.08.17 21:00,2026.08.17 22:00,39N061030420000B,000028400084254048,0.0000,0.0000,,,nem
2026.08.17 21:00,2026.08.17 22:00,39N061033384000C,000000000035817692,0.0000,0.0000,,,nem
2026.08.17 21:00,2026.08.17 22:00,39N061033384000C,000017000000921900,1.1000,1.0680,,,nem
2026.08.17 21:00,2026.08.17 22:00,39N0610340960009,000033900029004124,0.3000,0.2935,,,nem
2026.08.17 21:00,2026.08.17 22:00,39N061059787000E,000004200032394437,0.0000,0.0000,,,nem
2026.08.17 21:00,2026.08.17 22:00,39N061059787000E,000017000009716405,0.0000,0.0000,,,nem
2026.08.17 21:00,2026.08.17 22:00,39N0610610180007,000000000035201000,13.0000,12.6217,,,nem
2026.08.17 21:00,2026.08.17 22:00,39N061061836000N,000000000700710745,0.0000,0.0000,,,nem
2026.08.17 21:00,2026.08.17 22:00,39N061061836000N,000016101501053013,0.0000,0.0000,,,nem
2026.08.17 21:00,2026.08.17 22:00,39N061061836000N,000033900028664501,0.0000,0.0000,,,nem
2026.08.17 21:00,2026.08.17 22:00,39N061061836000N,000054902500064724,0.0000,0.0000,,,nem
2026.08.17 21:00,2026.08.17 22:00,39N061063215000T,000006203403494595,0.0000,0.0000,,,nem
2026.08.17 21:00,2026.08.17 22:00,39N0610634430007,K11602346105776,0.0000,0.0000,,,nem
2026.08.17 21:00,2026.08.17 22:00,39N061064322000N,000017000000921927,0.0000,0.0000,,,nem
2026.08.17 21:00,2026.08.17 22:00,39N061065010000F,000016101300872121,0.0000,0.0000,,,nem
2026.08.17 21:00,2026.08.17 22:00,39N061065010000F,000052600000922077,14.7000,14.3825,,,nem
2026.08.17 21:00,2026.08.17 22:00,39N0610655730003,000033900029004198,0.0000,0.0000,,,nem
2026.08.17 21:00,2026.08.17 22:00,39N0610658850003,000036100006146191,0.1000,0.0971,,,nem
2026.08.17 21:00,2026.08.17 22:00,39N061111992000Z,000003400035704393,0.0000,0.0000,,,nem
2026.08.17 21:00,2026.08.17 22:00,39N061111992000Z,000036100006146095,0.0000,0.0000,,,nem
2026.08.17 21:00,2026.08.17 22:00,39N0611124530007,000003600005856462,0.0000,0.0000,,,nem
2026.08.17 21:00,2026.08.17 22:00,39N061113689000B,000000000005856294,0.0000,0.0000,,,igen
2026.08.17 21:00,2026.08.17 22:00,39N0611137880009,000000003404319296,2.2000,2.1360,,,nem
2026.08.17 21:00,2026.08.17 22:00,39N061114589000A,000006203404220198,1.1000,1.0680,,,nem
2026.08.17 21:00,2026.08.17 22:00,39N061116064000T,000028300000821328,0.0000,0.0000,,,nem
2026.08.17 21:00,2026.08.17 22:00,39N0611165530005,000000003404271788,0.0000,0.0000,,,nem
2026.08.17 21:00,2026.08.17 22:00,39N0611165530005,000028300021600966,0.0000,0.0000,,,nem
2026.08.17 21:00,2026.08.17 22:00,39N061117137000H,000000000033998448,0.0000,0.0000,,,nem
2026.08.17 21:00,2026.08.17 22:00,39N061117137000H,000037300035198695,0.1000,0.0971,,,nem
2026.08.17 21:00,2026.08.17 22:00,39N061128059000M,000017000000338640,0.0000,0.0000,,,nem
2026.08.17 21:00,2026.08.17 22:00,39N061163033000V,000000003404271784,0.0000,0.0000,,,nem
2026.08.17 21:00,2026.08.17 22:00,39N061164713000N,000016101400945331,0.0000,0.0000,,,nem
2026.08.17 21:00,2026.08.17 22:00,39N061164713000N,000017000000323144,0.0000,0.0000,,,nem
2026.08.17 21:00,2026.08.17 22:00,39N061165614000H,000028300001120580,6.6000,6.4574,,,nem
2026.08.17 21:00,2026.08.17 22:00,39N061166511000V,000028300001023276,0.0000,0.0000,,,nem
2026.08.17 21:00,2026.08.17 22:00,39N0611670050007,000003400031280543,0.0000,0.0000,,,nem
2026.08.17 21:00,2026.08.17 22:00,39N0611670050007,000051900015179291,0.0000,0.0000,,,nem
2026.08.17 21:00,2026.08.17 22:00,39N061167618000I,000011100000109538,0.0000,0.0000,,,nem
2026.08.17 21:00,2026.08.17 22:00,39N061168462000O,000000000021600956,0.0000,0.0000,,,nem
2026.08.17 21:00,2026.08.17 22:00,39N061168462000O,000016101501052057,0.0000,0.0000,,,nem
2026.08.17 21:00,2026.08.17 22:00,39N061177126000B,000003800033998439,0.6000,0.5990,,,nem
2026.08.17 21:00,2026.08.17 22:00,39N061177126000B,000016101400941206,0.0000,0.0000,,,nem
2026.08.17 21:00,2026.08.17 22:00,39N061177520000D,000000001701120781,0.0200,0.0192,,,nem
2026.08.17 21:00,2026.08.17 22:00,39N061177520000D,000011500000109643,1.0000,0.9602,,,nem
2026.08.17 21:00,2026.08.17 22:00,39N061177520000D,000035200035199236,0.0000,0.0000,,,nem
2026.08.17 21:00,2026.08.17 22:00,39N0613073350002,K3SC08000001972,8.0000,7.8700,,,igen
2026.08.17 21:00,2026.08.17 22:00,39N061422451000F,000000000006139400,0.0000,0.0000,,,nem
2026.08.17 21:00,2026.08.17 22:00,39N061426021000T,000000000000732191,0.0000,0.0000,,,nem
2026.08.17 21:00,2026.08.17 22:00,39N061429480000K,000017000000323128,0.0000,0.0000,,,nem
2026.08.17 21:00,2026.08.17 22:00,39N0614301610000,000028300021600959,0.8000,0.7682,,,nem
2026.08.17 21:00,2026.08.17 22:00,39N061432774000W,000000003404319313,0.1000,0.0971,,,nem
2026.08.17 21:00,2026.08.17 22:00,39N061434278000V,000000000027360271,0.4000,0.3884,,,nem
2026.08.17 21:00,2026.08.17 22:00,39N0614360320009,000003400028663807,0.0000,0.0000,,,nem
2026.08.17 21:00,2026.08.17 22:00,39N0614360330004,000003400029003972,0.0000,0.0000,,,nem
2026.08.17 21:00,2026.08.17 22:00,39N061436035000V,000003400028663901,0.0000,0.0000,,,nem
2026.08.17 21:00,2026.08.17 22:00,39N0614385900006,000003400028663783,0.0000,0.0000,,,nem
2026.08.17 21:00,2026.08.17 22:00,39N061442443000U,000036100006146087,0.0000,0.0000,,,nem
2026.08.17 22:00,2026.08.17 23:00,39N060000175000F,000011200000338683,0.0000,0.0000,,,nem
2026.08.17 22:00,2026.08.17 23:00,39N060001073000O,000000000006139414,0.0000,0.0000,,,nem
2026.08.17 22:00,2026.08.17 23:00,39N060001129000H,000017000001023298,12.8000,12.2906,,,nem
2026.08.17 22:00,2026.08.17 23:00,39N060005807000W,000011200000127418,0.0000,0.0000,,,nem
2026.08.17 22:00,2026.08.17 23:00,39N060005816000V,000017000009949791,0.0000,0.0000,,,nem
2026.08.17 22:00,2026.08.17 23:00,39N060005888000G,000011200000338692,0.0000,0.0000,,,nem
2026.08.17 22:00,2026.08.17 23:00,39N060005917000J,000006203403494571,2.7000,2.6214,,,nem
2026.08.17 22:00,2026.08.17 23:00,39N0600059220001,000028300000546980,0.0000,0.0000,,,nem
2026.08.17 22:00,2026.08.17 23:00,39N060005935000H,000000000000338639,1.4000,1.3593,,,nem
2026.08.17 22:00,2026.08.17 23:00,39N060005969000G,000000000021600969,0.0000,0.0000,,,nem
2026.08.17 22:00,2026.08.17 23:00,39N0600059720008,000011200009929313,0.0000,0.0000,,,nem
2026.08.17 22:00,2026.08.17 23:00,39N0600061150003,SC07000002018,0.0000,0.0000,,,nem
2026.08.17 22:00,2026.08.17 23:00,39N060006119000K,K114000009/2025,0.0000,0.0000,,,nem
2026.08.17 22:00,2026.08.17 23:00,39N0600061830008,K10300002009/14,1.0380,0.9967,,,nem
2026.08.17 22:00,2026.08.17 23:00,39N060006194000Y,K11200002014/40,8.2660,12.0000,,,nem
2026.08.17 22:00,2026.08.17 23:00,39N060006457000M,K3SC03403923059,0.0000,0.0000,,,nem
2026.08.17 22:00,2026.08.17 23:00,39N0600064860009,K3SC03403701666,0.0000,0.0000,,,nem
2026.08.17 22:00,2026.08.17 23:00,39N060006533000A,000011200000050026,2.0000,1.9418,,,nem
2026.08.17 22:00,2026.08.17 23:00,39N060008259000A,000011100000109546,0.0000,0.0000,,,nem
2026.08.17 22:00,2026.08.17 23:00,39N060008259000A,000033100035200420,0.0000,0.0000,,,nem
2026.08.17 22:00,2026.08.17 23:00,39N0600182680000,000028300000522181,0.0000,0.0000,,,nem
2026.08.17 22:00,2026.08.17 23:00,39N0600416330007,000003800032476907,0.0000,0.0000,,,igen
2026.08.17 22:00,2026.08.17 23:00,39N060056860000F,000052600000920561,0.0000,0.0000,,,nem
2026.08.17 22:00,2026.08.17 23:00,39N060735330000O,000000000029004173,0.0000,0.0000,,,nem
2026.08.17 22:00,2026.08.17 23:00,39N060735731000S,000051303403421788,0.0000,0.0000,,,nem
2026.08.17 22:00,2026.08.17 23:00,39N060735761000A,000052600000920734,0.0000,0.0000,,,nem
2026.08.17 22:00,2026.08.17 23:00,39N060735799000Q,000052600000922844,0.0000,0.0000,,,nem
2026.08.17 22:00,2026.08.17 23:00,39N0607556590002,000051900015179178,6.6000,6.4079,,,nem
2026.08.17 22:00,2026.08.17 23:00,39N060760989000V,000000003401922868,0.0000,0.0000,,,nem
2026.08.17 22:00,2026.08.17 23:00,39N060760989000V,000051400032414003,0.1100,0.1115,,,nem
2026.08.17 22:00,2026.08.17 23:00,39N060781564000X,000033900035704540,0.0000,0.0000,,,nem
2026.08.17 22:00,2026.08.17 23:00,39N060796913000S,000052600000924363,1.9000,1.8044,,,nem
2026.08.17 22:00,2026.08.17 23:00,39N060800931000Y,000000000033799349,0.0000,0.0000,,,nem
2026.08.17 22:00,2026.08.17 23:00,39N060800984000Q,000017000001120640,0.0000,0.0000,,,nem
2026.08.17 22:00,2026.08.17 23:00,39N060801557000C,000036100006146062,0.0000,0.0000,,,nem
2026.08.17 22:00,2026.08.17 23:00,39N060801582000J,000033900028664638,0.0000,0.0000,,,nem
2026.08.17 22:00,2026.08.17 23:00,39N060802666000X,000000000006139331,0.0000,0.0000,,,nem
2026.08.17 22:00,2026.08.17 23:00,39N060803151000H,000017000000034192,0.6000,0.5825,,,nem
2026.08.17 22:00,2026.08.17 23:00,39N060804167000A,000006201754706015,0.5000,0.5156,,,nem
2026.08.17 22:00,2026.08.17 23:00,39N060813408000J,000028400084254045,0.0000,0.0000,,,nem
2026.08.17 22:00,2026.08.17 23:00,39N0608168850008,000033900035704532,1.4000,1.3593,,,nem
2026.08.17 22:00,2026.08.17 23:00,39N060828512000O,K11602346105795,0.0000,0.0000,,,nem
2026.08.17 22:00,2026.08.17 23:00,39N060850045000Q,000017000000338654,0.5000,0.4801,,,igen
2026.08.17 22:00,2026.08.17 23:00,39N060850088000O,000000000027360225,0.6000,0.5761,,,nem
2026.08.17 22:00,2026.08.17 23:00,39N060851079000H,000016100500642248,0.0000,0.0000,,,nem
2026.08.17 22:00,2026.08.17 23:00,39N060851079000H,000016101400950739,0.0000,0.0000,,,nem
2026.08.17 22:00,2026.08.17 23:00,39N060851079000H,000016101501060302,0.0500,0.0485,,,nem
2026.08.17 22:00,2026.08.17 23:00,39N060851079000H,000033900028664722,0.0000,0.0000,,,nem
2026.08.17 22:00,2026.08.17 23:00,39N060851838000R,000033900028664566,0.0000,0.0000,,,nem
2026.08.17 22:00,2026.08.17 23:00,39N060852035000G,000000000005856541,0.8000,0.7767,,,nem
2026.08.17 22:00,2026.08.17 23:00,39N060852647000W,000000000000099523,0.1000,0.0971,,,nem
2026.08.17 22:00,2026.08.17 23:00,39N060854045000V,000036100035199036,0.1000,0.0971,,,nem
2026.08.17 22:00,2026.08.17 23:00,39N060855999000L,000035500084242956,0.0000,0.0000,,,igen
2026.08.17 22:00,2026.08.17 23:00,39N060878229000X,000003800029004033,0.0000,0.0000,,,igen
2026.08.17 22:00,2026.08.17 23:00,39N0609041660005,000003400035704397,0.0000,0.0000,,,nem
2026.08.17 22:00,2026.08.17 23:00,39N0609041660005,000006203403494604,0.0000,0.0000,,,nem
2026.08.17 22:00,2026.08.17 23:00,39N060905244000C,000000000005856271,0.0000,0.0000,,,nem
2026.08.17 22:00,2026.08.17 23:00,39N060907248000D,000028300000222218,0.0000,0.0000,,,nem
2026.08.17 22:00,2026.08.17 23:00,39N060909163000H,000017000000323118,0.4000,0.3799,,,nem
2026.08.17 22:00,2026.08.17 23:00,39N060909635000R,000011200000939880,0.0000,0.0000,,,nem
2026.08.17 22:00,2026.08.17 23:00,39N060909668000V,000003400029573718,0.0000,0.0000,,,nem
2026.08.17 22:00,2026.08.17 23:00,39N060909668000V,000028300000921860,0.1000,0.0971,,,nem
2026.08.17 22:00,2026.08.17 23:00,39N060910399000I,000000000015179098,0.0000,0.0000,,,nem
2026.08.17 22:00,2026.08.17 23:00,39N0609576930009,000036100035199133,0.0000,0.0000,,,nem
2026.08.17 22:00,2026.08.17 23:00,39N060957708000V,000016101400945632,0.0000,0.0000,,,nem
2026.08.17 22:00,2026.08.17 23:00,39N060957708000V,000035200035201443,0.0000,0.0000,,,nem
2026.08.17 22:00,2026.08.17 23:00,39N0609591810007,000017000000228833,0.0000,0.0000,,,nem
2026.08.17 22:00,2026.08.17 23:00,39N060959331000N,000028300000921876,0.0000,0.0000,,,nem
2026.08.17 22:00,2026.08.17 23:00,39N060959437000N,000011200001120693,0.0000,0.0000,,,nem
2026.08.17 22:00,2026.08.17 23:00,39N060959695000K,000011100000116018,2.0000,1.9204,,,nem
2026.08.17 22:00,2026.08.17 23:00,39N060960379000M,000033100035200070,0.0000,0.0000,,,nem
2026.08.17 22:00,2026.08.17 23:00,39N060960379000M,000035200035199870,0.9000,0.8806,,,nem
2026.08.17 22:00,2026.08.17 23:00,39N060961173000L,000000000035201061,0.0000,0.0000,,,nem
2026.08.17 22:00,2026.08.17 23:00,39N060961591000S,K3SC08000002382,0.0000,0.0000,,,nem
2026.08.17 22:00,2026.08.17 23:00,39N060963554000L,000000000015081701,1.0000,0.9709,,,nem
2026.08.17 22:00,2026.08.17 23:00,39N060972518000O,000052600000920115,0.8000,0.7767,,,nem
2026.08.17 22:00,2026.08.17 23:00,39N0610083130009,000036100035199130,0.0000,0.0000,,,nem
2026.08.17 22:00,2026.08.17 23:00,39N061011000000O,000017000000921883,0.0000,0.0000,,,nem
2026.08.17 22:00,2026.08.17 23:00,39N061011943000X,K3SC08000001974,0.0000,0.0000,,,nem
2026.08.17 22:00,2026.08.17 23:00,39N061014839000T,000011500000109645,0.6000,0.7322,,,nem
2026.08.17 22:00,2026.08.17 23:00,39N061030420000B,000028400084254048,0.7000,0.6698,,,nem
2026.08.17 22:00,2026.08.17 23:00,39N061033384000C,000000000035817692,0.0000,0.0000,,,nem
2026.08.17 22:00,2026.08.17 23:00,39N061033384000C,000017000000921900,0.0000,0.0000,,,nem
2026.08.17 22:00,2026.08.17 23:00,39N0610340960009,000033900029004124,0.7000,0.6849,,,nem
2026.08.17 22:00,2026.08.17 23:00,39N061059787000E,000004200032394437,0.0000,0.0000,,,nem
2026.08.17 22:00,2026.08.17 23:00,39N061059787000E,000017000009716405,0.0000,0.0000,,,nem
2026.08.17 22:00,2026.08.17 23:00,39N0610610180007,000000000035201000,14.2000,13.7868,,,nem
2026.08.17 22:00,2026.08.17 23:00,39N061061836000N,000000000700710745,0.0000,0.0000,,,nem
2026.08.17 22:00,2026.08.17 23:00,39N061061836000N,000016101501053013,0.0000,0.0000,,,nem
2026.08.17 22:00,2026.08.17 23:00,39N061061836000N,000033900028664501,0.0000,0.0000,,,nem
2026.08.17 22:00,2026.08.17 23:00,39N061061836000N,000054902500064724,0.0000,0.0000,,,nem
2026.08.17 22:00,2026.08.17 23:00,39N061063215000T,000006203403494595,0.0000,0.0000,,,nem
2026.08.17 22:00,2026.08.17 23:00,39N0610634430007,K11602346105776,0.0000,0.0000,,,nem
2026.08.17 22:00,2026.08.17 23:00,39N061064322000N,000017000000921927,0.0000,0.0000,,,nem
2026.08.17 22:00,2026.08.17 23:00,39N061065010000F,000016101300872121,0.0000,0.0000,,,nem
2026.08.17 22:00,2026.08.17 23:00,39N061065010000F,000052600000922077,10.5000,10.2732,,,nem
2026.08.17 22:00,2026.08.17 23:00,39N0610655730003,000033900029004198,0.0000,0.0000,,,nem
2026.08.17 22:00,2026.08.17 23:00,39N0610658850003,000036100006146191,1.0000,0.9709,,,nem
2026.08.17 22:00,2026.08.17 23:00,39N061111992000Z,000003400035704393,0.0000,0.0000,,,nem
2026.08.17 22:00,2026.08.17 23:00,39N061111992000Z,000036100006146095,0.0000,0.0000,,,nem
2026.08.17 22:00,2026.08.17 23:00,39N0611124530007,000003600005856462,0.0000,0.0000,,,nem
2026.08.17 22:00,2026.08.17 23:00,39N061113689000B,000000000005856294,0.0000,0.0000,,,igen
2026.08.17 22:00,2026.08.17 23:00,39N0611137880009,000000003404319296,0.9000,0.8738,,,nem
2026.08.17 22:00,2026.08.17 23:00,39N061114589000A,000006203404220198,1.4000,1.3593,,,nem
2026.08.17 22:00,2026.08.17 23:00,39N061116064000T,000028300000821328,0.0000,0.0000,,,nem
2026.08.17 22:00,2026.08.17 23:00,39N0611165530005,000000003404271788,0.0000,0.0000,,,nem
2026.08.17 22:00,2026.08.17 23:00,39N0611165530005,000028300021600966,0.0000,0.0000,,,nem
2026.08.17 22:00,2026.08.17 23:00,39N061117137000H,000000000033998448,0.0000,0.0000,,,nem
2026.08.17 22:00,2026.08.17 23:00,39N061117137000H,000037300035198695,0.1000,0.0971,,,nem
2026.08.17 22:00,2026.08.17 23:00,39N061128059000M,000017000000338640,0.0000,0.0000,,,nem
2026.08.17 22:00,2026.08.17 23:00,39N061163033000V,000000003404271784,0.0000,0.0000,,,nem
2026.08.17 22:00,2026.08.17 23:00,39N061164713000N,000016101400945331,0.0000,0.0000,,,nem
2026.08.17 22:00,2026.08.17 23:00,39N061164713000N,000017000000323144,0.0000,0.0000,,,nem
2026.08.17 22:00,2026.08.17 23:00,39N061165614000H,000028300001120580,5.0000,4.8920,,,nem
2026.08.17 22:00,2026.08.17 23:00,39N061166511000V,000028300001023276,0.0000,0.0000,,,nem
2026.08.17 22:00,2026.08.17 23:00,39N0611670050007,000003400031280543,0.0000,0.0000,,,nem
2026.08.17 22:00,2026.08.17 23:00,39N0611670050007,000051900015179291,0.0000,0.0000,,,nem
2026.08.17 22:00,2026.08.17 23:00,39N061167618000I,000011100000109538,0.0000,0.0000,,,nem
2026.08.17 22:00,2026.08.17 23:00,39N061168462000O,000000000021600956,0.0000,0.0000,,,nem
2026.08.17 22:00,2026.08.17 23:00,39N061168462000O,000016101501052057,0.0000,0.0000,,,nem
2026.08.17 22:00,2026.08.17 23:00,39N061177126000B,000003800033998439,0.0000,0.0000,,,nem
2026.08.17 22:00,2026.08.17 23:00,39N061177126000B,000016101400941206,0.0000,0.0000,,,nem
2026.08.17 22:00,2026.08.17 23:00,39N061177520000D,000000001701120781,0.0100,0.0096,,,nem
2026.08.17 22:00,2026.08.17 23:00,39N061177520000D,000011500000109643,0.2000,0.1920,,,nem
2026.08.17 22:00,2026.08.17 23:00,39N061177520000D,000035200035199236,0.0000,0.0000,,,nem
2026.08.17 22:00,2026.08.17 23:00,39N0613073350002,K3SC08000001972,8.1069,7.8710,,,igen
2026.08.17 22:00,2026.08.17 23:00,39N061422451000F,000000000006139400,0.0000,0.0000,,,nem
2026.08.17 22:00,2026.08.17 23:00,39N061426021000T,000000000000732191,0.0000,0.0000,,,nem
2026.08.17 22:00,2026.08.17 23:00,39N061429480000K,000017000000323128,0.0000,0.0000,,,nem
2026.08.17 22:00,2026.08.17 23:00,39N0614301610000,000028300021600959,0.3000,0.2881,,,nem
2026.08.17 22:00,2026.08.17 23:00,39N061432774000W,000000003404319313,0.1000,0.0971,,,nem
2026.08.17 22:00,2026.08.17 23:00,39N061434278000V,000000000027360271,1.2000,1.1651,,,nem
2026.08.17 22:00,2026.08.17 23:00,39N0614360320009,000003400028663807,0.0000,0.0000,,,nem
2026.08.17 22:00,2026.08.17 23:00,39N0614360330004,000003400029003972,0.0000,0.0000,,,nem
2026.08.17 22:00,2026.08.17 23:00,39N061436035000V,000003400028663901,0.0000,0.0000,,,nem
2026.08.17 22:00,2026.08.17 23:00,39N0614385900006,000003400028663783,0.0000,0.0000,,,nem
2026.08.17 22:00,2026.08.17 23:00,39N061442443000U,000036100006146087,0.0000,0.0000,,,nem
2026.08.17 23:00,2026.08.18 00:00,39N060000175000F,000011200000338683,0.0000,0.0000,,,nem
2026.08.17 23:00,2026.08.18 00:00,39N060001073000O,000000000006139414,0.0000,0.0000,,,nem
2026.08.17 23:00,2026.08.18 00:00,39N060001129000H,000017000001023298,5.7000,5.4731,,,nem
2026.08.17 23:00,2026.08.18 00:00,39N060005807000W,000011200000127418,0.0000,0.0000,,,nem
2026.08.17 23:00,2026.08.18 00:00,39N060005816000V,000017000009949791,0.0000,0.0000,,,nem
2026.08.17 23:00,2026.08.18 00:00,39N060005888000G,000011200000338692,0.0000,0.0000,,,nem
2026.08.17 23:00,2026.08.18 00:00,39N060005917000J,000006203403494571,2.6000,2.5243,,,nem
2026.08.17 23:00,2026.08.18 00:00,39N0600059220001,000028300000546980,0.7000,0.6648,,,nem
2026.08.17 23:00,2026.08.18 00:00,39N060005935000H,000000000000338639,3.2000,3.1309,,,nem
2026.08.17 23:00,2026.08.18 00:00,39N060005969000G,000000000021600969,0.0000,0.0000,,,nem
2026.08.17 23:00,2026.08.18 00:00,39N0600059720008,000011200009929313,0.0000,0.0000,,,nem
2026.08.17 23:00,2026.08.18 00:00,39N0600061150003,SC07000002018,0.0000,0.0000,,,nem
2026.08.17 23:00,2026.08.18 00:00,39N060006119000K,K114000009/2025,0.0000,0.0000,,,nem
2026.08.17 23:00,2026.08.18 00:00,39N0600061830008,K10300002009/14,2.0780,1.9953,,,nem
2026.08.17 23:00,2026.08.18 00:00,39N060006194000Y,K11200002014/40,6.8520,10.0000,,,nem
2026.08.17 23:00,2026.08.18 00:00,39N060006457000M,K3SC03403923059,0.0000,0.0000,,,nem
2026.08.17 23:00,2026.08.18 00:00,39N0600064860009,K3SC03403701666,0.0000,0.0000,,,nem
2026.08.17 23:00,2026.08.18 00:00,39N060006533000A,000011200000050026,2.0000,1.9418,,,nem
2026.08.17 23:00,2026.08.18 00:00,39N060008259000A,000011100000109546,0.0000,0.0000,,,nem
2026.08.17 23:00,2026.08.18 00:00,39N060008259000A,000033100035200420,0.0000,0.0000,,,nem
2026.08.17 23:00,2026.08.18 00:00,39N0600182680000,000028300000522181,0.0000,0.0000,,,nem
2026.08.17 23:00,2026.08.18 00:00,39N0600416330007,000003800032476907,0.0000,0.0000,,,igen
2026.08.17 23:00,2026.08.18 00:00,39N060056860000F,000052600000920561,0.6000,0.5825,,,nem
2026.08.17 23:00,2026.08.18 00:00,39N060735330000O,000000000029004173,2.6000,2.4692,,,nem
2026.08.17 23:00,2026.08.18 00:00,39N060735731000S,000051303403421788,0.0000,0.0000,,,nem
2026.08.17 23:00,2026.08.18 00:00,39N060735761000A,000052600000920734,0.0000,0.0000,,,nem
2026.08.17 23:00,2026.08.18 00:00,39N060735799000Q,000052600000922844,0.0000,0.0000,,,nem
2026.08.17 23:00,2026.08.18 00:00,39N0607556590002,000051900015179178,0.6000,0.5825,,,nem
2026.08.17 23:00,2026.08.18 00:00,39N060760989000V,000000003401922868,0.0000,0.0000,,,nem
2026.08.17 23:00,2026.08.18 00:00,39N060760989000V,000051400032414003,0.1200,0.1216,,,nem
2026.08.17 23:00,2026.08.18 00:00,39N060781564000X,000033900035704540,0.0000,0.0000,,,nem
2026.08.17 23:00,2026.08.18 00:00,39N060796913000S,000052600000924363,1.8000,1.7095,,,nem
2026.08.17 23:00,2026.08.18 00:00,39N060800931000Y,000000000033799349,0.0000,0.0000,,,nem
2026.08.17 23:00,2026.08.18 00:00,39N060800984000Q,000017000001120640,0.0000,0.0000,,,nem
2026.08.17 23:00,2026.08.18 00:00,39N060801557000C,000036100006146062,0.0000,0.0000,,,nem
2026.08.17 23:00,2026.08.18 00:00,39N060801582000J,000033900028664638,0.0000,0.0000,,,nem
2026.08.17 23:00,2026.08.18 00:00,39N060802666000X,000000000006139331,0.0000,0.0000,,,nem
2026.08.17 23:00,2026.08.18 00:00,39N060803151000H,000017000000034192,0.6000,0.5825,,,nem
2026.08.17 23:00,2026.08.18 00:00,39N060804167000A,000006201754706015,0.1000,0.1031,,,nem
2026.08.17 23:00,2026.08.18 00:00,39N060813408000J,000028400084254045,0.0000,0.0000,,,nem
2026.08.17 23:00,2026.08.18 00:00,39N0608168850008,000033900035704532,0.0000,0.0000,,,nem
2026.08.17 23:00,2026.08.18 00:00,39N060828512000O,K11602346105795,5.0000,5.2400,,,nem
2026.08.17 23:00,2026.08.18 00:00,39N060850045000Q,000017000000338654,0.0000,0.0000,,,igen
2026.08.17 23:00,2026.08.18 00:00,39N060850088000O,000000000027360225,0.5000,0.4801,,,nem
2026.08.17 23:00,2026.08.18 00:00,39N060851079000H,000016100500642248,0.0000,0.0000,,,nem
2026.08.17 23:00,2026.08.18 00:00,39N060851079000H,000016101400950739,0.0000,0.0000,,,nem
2026.08.17 23:00,2026.08.18 00:00,39N060851079000H,000016101501060302,0.0500,0.0485,,,nem
2026.08.17 23:00,2026.08.18 00:00,39N060851079000H,000033900028664722,0.0000,0.0000,,,nem
2026.08.17 23:00,2026.08.18 00:00,39N060851838000R,000033900028664566,0.0000,0.0000,,,nem
2026.08.17 23:00,2026.08.18 00:00,39N060852035000G,000000000005856541,0.0000,0.0000,,,nem
2026.08.17 23:00,2026.08.18 00:00,39N060852647000W,000000000000099523,0.2000,0.1942,,,nem
2026.08.17 23:00,2026.08.18 00:00,39N060854045000V,000036100035199036,0.9000,0.8738,,,nem
2026.08.17 23:00,2026.08.18 00:00,39N060855999000L,000035500084242956,0.0000,0.0000,,,igen
2026.08.17 23:00,2026.08.18 00:00,39N060878229000X,000003800029004033,0.0000,0.0000,,,igen
2026.08.17 23:00,2026.08.18 00:00,39N0609041660005,000003400035704397,0.0000,0.0000,,,nem
2026.08.17 23:00,2026.08.18 00:00,39N0609041660005,000006203403494604,0.0000,0.0000,,,nem
2026.08.17 23:00,2026.08.18 00:00,39N060905244000C,000000000005856271,0.0000,0.0000,,,nem
2026.08.17 23:00,2026.08.18 00:00,39N060907248000D,000028300000222218,0.0000,0.0000,,,nem
2026.08.17 23:00,2026.08.18 00:00,39N060909163000H,000017000000323118,4.3000,4.0837,,,nem
2026.08.17 23:00,2026.08.18 00:00,39N060909635000R,000011200000939880,0.0000,0.0000,,,nem
2026.08.17 23:00,2026.08.18 00:00,39N060909668000V,000003400029573718,0.0000,0.0000,,,nem
2026.08.17 23:00,2026.08.18 00:00,39N060909668000V,000028300000921860,0.0000,0.0000,,,nem
2026.08.17 23:00,2026.08.18 00:00,39N060910399000I,000000000015179098,0.0000,0.0000,,,nem
2026.08.17 23:00,2026.08.18 00:00,39N0609576930009,000036100035199133,0.0000,0.0000,,,nem
2026.08.17 23:00,2026.08.18 00:00,39N060957708000V,000016101400945632,0.0000,0.0000,,,nem
2026.08.17 23:00,2026.08.18 00:00,39N060957708000V,000035200035201443,1.6000,1.6154,,,nem
2026.08.17 23:00,2026.08.18 00:00,39N0609591810007,000017000000228833,0.0000,0.0000,,,nem
2026.08.17 23:00,2026.08.18 00:00,39N060959331000N,000028300000921876,0.0000,0.0000,,,nem
2026.08.17 23:00,2026.08.18 00:00,39N060959437000N,000011200001120693,0.0000,0.0000,,,nem
2026.08.17 23:00,2026.08.18 00:00,39N060959695000K,000011100000116018,6.1000,5.8572,,,nem
2026.08.17 23:00,2026.08.18 00:00,39N060960379000M,000033100035200070,0.0000,0.0000,,,nem
2026.08.17 23:00,2026.08.18 00:00,39N060960379000M,000035200035199870,0.8000,0.7827,,,nem
2026.08.17 23:00,2026.08.18 00:00,39N060961173000L,000000000035201061,0.0000,0.0000,,,nem
2026.08.17 23:00,2026.08.18 00:00,39N060961591000S,K3SC08000002382,0.0000,0.0000,,,nem
2026.08.17 23:00,2026.08.18 00:00,39N060963554000L,000000000015081701,1.1000,1.0680,,,nem
2026.08.17 23:00,2026.08.18 00:00,39N060972518000O,000052600000920115,0.4000,0.3884,,,nem
2026.08.17 23:00,2026.08.18 00:00,39N0610083130009,000036100035199130,0.0000,0.0000,,,nem
2026.08.17 23:00,2026.08.18 00:00,39N061011000000O,000017000000921883,0.0000,0.0000,,,nem
2026.08.17 23:00,2026.08.18 00:00,39N061011943000X,K3SC08000001974,0.0000,0.0000,,,nem
2026.08.17 23:00,2026.08.18 00:00,39N061014839000T,000011500000109645,0.0000,0.0000,,,nem
2026.08.17 23:00,2026.08.18 00:00,39N061030420000B,000028400084254048,0.0000,0.0000,,,nem
2026.08.17 23:00,2026.08.18 00:00,39N061033384000C,000000000035817692,0.0000,0.0000,,,nem
2026.08.17 23:00,2026.08.18 00:00,39N061033384000C,000017000000921900,0.0000,0.0000,,,nem
2026.08.17 23:00,2026.08.18 00:00,39N0610340960009,000033900029004124,0.5000,0.4892,,,nem
2026.08.17 23:00,2026.08.18 00:00,39N061059787000E,000004200032394437,0.0000,0.0000,,,nem
2026.08.17 23:00,2026.08.18 00:00,39N061059787000E,000017000009716405,0.0000,0.0000,,,nem
2026.08.17 23:00,2026.08.18 00:00,39N0610610180007,000000000035201000,12.4000,12.0392,,,nem
2026.08.17 23:00,2026.08.18 00:00,39N061061836000N,000000000700710745,0.0000,0.0000,,,nem
2026.08.17 23:00,2026.08.18 00:00,39N061061836000N,000016101501053013,0.0000,0.0000,,,nem
2026.08.17 23:00,2026.08.18 00:00,39N061061836000N,000033900028664501,0.0000,0.0000,,,nem
2026.08.17 23:00,2026.08.18 00:00,39N061061836000N,000054902500064724,0.0000,0.0000,,,nem
2026.08.17 23:00,2026.08.18 00:00,39N061063215000T,000006203403494595,0.0000,0.0000,,,nem
2026.08.17 23:00,2026.08.18 00:00,39N0610634430007,K11602346105776,0.0000,0.0000,,,nem
2026.08.17 23:00,2026.08.18 00:00,39N061064322000N,000017000000921927,0.0000,0.0000,,,nem
2026.08.17 23:00,2026.08.18 00:00,39N061065010000F,000016101300872121,0.0000,0.0000,,,nem
2026.08.17 23:00,2026.08.18 00:00,39N061065010000F,000052600000922077,12.0000,11.7408,,,nem
2026.08.17 23:00,2026.08.18 00:00,39N0610655730003,000033900029004198,0.0000,0.0000,,,nem
2026.08.17 23:00,2026.08.18 00:00,39N0610658850003,000036100006146191,0.0000,0.0000,,,nem
2026.08.17 23:00,2026.08.18 00:00,39N061111992000Z,000003400035704393,0.0000,0.0000,,,nem
2026.08.17 23:00,2026.08.18 00:00,39N061111992000Z,000036100006146095,0.0000,0.0000,,,nem
2026.08.17 23:00,2026.08.18 00:00,39N0611124530007,000003600005856462,0.0000,0.0000,,,nem
2026.08.17 23:00,2026.08.18 00:00,39N061113689000B,000000000005856294,0.0000,0.0000,,,igen
2026.08.17 23:00,2026.08.18 00:00,39N0611137880009,000000003404319296,0.5000,0.4855,,,nem
2026.08.17 23:00,2026.08.18 00:00,39N061114589000A,000006203404220198,1.3000,1.2622,,,nem
2026.08.17 23:00,2026.08.18 00:00,39N061116064000T,000028300000821328,0.0000,0.0000,,,nem
2026.08.17 23:00,2026.08.18 00:00,39N0611165530005,000000003404271788,0.0000,0.0000,,,nem
2026.08.17 23:00,2026.08.18 00:00,39N0611165530005,000028300021600966,0.0000,0.0000,,,nem
2026.08.17 23:00,2026.08.18 00:00,39N061117137000H,000000000033998448,0.0000,0.0000,,,nem
2026.08.17 23:00,2026.08.18 00:00,39N061117137000H,000037300035198695,0.0000,0.0000,,,nem
2026.08.17 23:00,2026.08.18 00:00,39N061128059000M,000017000000338640,0.0000,0.0000,,,nem
2026.08.17 23:00,2026.08.18 00:00,39N061163033000V,000000003404271784,0.0000,0.0000,,,nem
2026.08.17 23:00,2026.08.18 00:00,39N061164713000N,000016101400945331,0.0000,0.0000,,,nem
2026.08.17 23:00,2026.08.18 00:00,39N061164713000N,000017000000323144,0.0000,0.0000,,,nem
2026.08.17 23:00,2026.08.18 00:00,39N061165614000H,000028300001120580,7.0000,6.8488,,,nem
2026.08.17 23:00,2026.08.18 00:00,39N061166511000V,000028300001023276,0.0000,0.0000,,,nem
2026.08.17 23:00,2026.08.18 00:00,39N0611670050007,000003400031280543,0.0000,0.0000,,,nem
2026.08.17 23:00,2026.08.18 00:00,39N0611670050007,000051900015179291,0.0000,0.0000,,,nem
2026.08.17 23:00,2026.08.18 00:00,39N061167618000I,000011100000109538,0.0000,0.0000,,,nem
2026.08.17 23:00,2026.08.18 00:00,39N061168462000O,000000000021600956,0.0000,0.0000,,,nem
2026.08.17 23:00,2026.08.18 00:00,39N061168462000O,000016101501052057,0.0000,0.0000,,,nem
2026.08.17 23:00,2026.08.18 00:00,39N061177126000B,000003800033998439,0.3000,0.2995,,,nem
2026.08.17 23:00,2026.08.18 00:00,39N061177126000B,000016101400941206,0.0000,0.0000,,,nem
2026.08.17 23:00,2026.08.18 00:00,39N061177520000D,000000001701120781,0.0200,0.0192,,,nem
2026.08.17 23:00,2026.08.18 00:00,39N061177520000D,000011500000109643,3.1000,2.9766,,,nem
2026.08.17 23:00,2026.08.18 00:00,39N061177520000D,000035200035199236,0.0000,0.0000,,,nem
2026.08.17 23:00,2026.08.18 00:00,39N0613073350002,K3SC08000001972,5.0000,4.9220,,,igen
2026.08.17 23:00,2026.08.18 00:00,39N061422451000F,000000000006139400,0.0000,0.0000,,,nem
2026.08.17 23:00,2026.08.18 00:00,39N061426021000T,000000000000732191,0.0000,0.0000,,,nem
2026.08.17 23:00,2026.08.18 00:00,39N061429480000K,000017000000323128,0.0000,0.0000,,,nem
2026.08.17 23:00,2026.08.18 00:00,39N0614301610000,000028300021600959,0.7000,0.6721,,,nem
2026.08.17 23:00,2026.08.18 00:00,39N061432774000W,000000003404319313,0.1000,0.0971,,,nem
2026.08.17 23:00,2026.08.18 00:00,39N061434278000V,000000000027360271,0.0000,0.0000,,,nem
2026.08.17 23:00,2026.08.18 00:00,39N0614360320009,000003400028663807,0.0000,0.0000,,,nem
2026.08.17 23:00,2026.08.18 00:00,39N0614360330004,000003400029003972,0.0000,0.0000,,,nem
2026.08.17 23:00,2026.08.18 00:00,39N061436035000V,000003400028663901,0.0000,0.0000,,,nem
2026.08.17 23:00,2026.08.18 00:00,39N0614385900006,000003400028663783,0.0000,0.0000,,,nem
2026.08.17 23:00,2026.08.18 00:00,39N061442443000U,000036100006146087,0.0000,0.0000,,,nem
2026.08.18 00:00,2026.08.18 01:00,39N060000175000F,000011200000338683,0.0000,0.0000,,,nem
2026.08.18 00:00,2026.08.18 01:00,39N060001073000O,000000000006139414,0.0000,0.0000,,,nem
2026.08.18 00:00,2026.08.18 01:00,39N060001129000H,000017000001023298,6.7000,6.4823,,,nem
2026.08.18 00:00,2026.08.18 01:00,39N060005807000W,000011200000127418,0.0000,0.0000,,,nem
2026.08.18 00:00,2026.08.18 01:00,39N060005816000V,000017000009949791,0.0000,0.0000,,,nem
2026.08.18 00:00,2026.08.18 01:00,39N060005888000G,000011200000338692,0.0000,0.0000,,,nem
2026.08.18 00:00,2026.08.18 01:00,39N060005917000J,000006203403494571,2.6000,2.5243,,,nem
2026.08.18 00:00,2026.08.18 01:00,39N0600059220001,000028300000546980,0.0000,0.0000,,,nem
2026.08.18 00:00,2026.08.18 01:00,39N060005935000H,000000000000338639,4.5000,4.4028,,,nem
2026.08.18 00:00,2026.08.18 01:00,39N060005969000G,000000000021600969,0.0000,0.0000,,,nem
2026.08.18 00:00,2026.08.18 01:00,39N0600059720008,000011200009929313,0.0000,0.0000,,,nem
2026.08.18 00:00,2026.08.18 01:00,39N0600061150003,SC07000002018,0.0000,0.0000,,,nem
2026.08.18 00:00,2026.08.18 01:00,39N060006119000K,K114000009/2025,0.0000,0.0000,,,nem
2026.08.18 00:00,2026.08.18 01:00,39N0600061830008,K10300002009/14,2.0780,1.9953,,,nem
2026.08.18 00:00,2026.08.18 01:00,39N060006194000Y,K11200002014/40,8.1940,12.0000,,,nem
2026.08.18 00:00,2026.08.18 01:00,39N060006457000M,K3SC03403923059,0.0000,0.0000,,,nem
2026.08.18 00:00,2026.08.18 01:00,39N0600064860009,K3SC03403701666,0.0000,0.0000,,,nem
2026.08.18 00:00,2026.08.18 01:00,39N060006533000A,000011200000050026,2.0000,1.9418,,,nem
2026.08.18 00:00,2026.08.18 01:00,39N060008259000A,000011100000109546,0.0000,0.0000,,,nem
2026.08.18 00:00,2026.08.18 01:00,39N060008259000A,000033100035200420,0.0000,0.0000,,,nem
2026.08.18 00:00,2026.08.18 01:00,39N0600182680000,000028300000522181,0.0000,0.0000,,,nem
2026.08.18 00:00,2026.08.18 01:00,39N0600416330007,000003800032476907,0.0000,0.0000,,,igen
2026.08.18 00:00,2026.08.18 01:00,39N060056860000F,000052600000920561,0.0000,0.0000,,,nem
2026.08.18 00:00,2026.08.18 01:00,39N060735330000O,000000000029004173,0.1000,0.0950,,,nem
2026.08.18 00:00,2026.08.18 01:00,39N060735731000S,000051303403421788,0.0000,0.0000,,,nem
2026.08.18 00:00,2026.08.18 01:00,39N060735761000A,000052600000920734,0.0000,0.0000,,,nem
2026.08.18 00:00,2026.08.18 01:00,39N060735799000Q,000052600000922844,0.0000,0.0000,,,nem
2026.08.18 00:00,2026.08.18 01:00,39N0607556590002,000051900015179178,0.0000,0.0000,,,nem
2026.08.18 00:00,2026.08.18 01:00,39N060760989000V,000000003401922868,0.0000,0.0000,,,nem
2026.08.18 00:00,2026.08.18 01:00,39N060760989000V,000051400032414003,0.1100,0.1115,,,nem
2026.08.18 00:00,2026.08.18 01:00,39N060781564000X,000033900035704540,0.0000,0.0000,,,nem
2026.08.18 00:00,2026.08.18 01:00,39N060796913000S,000052600000924363,2.0000,1.9136,,,nem
2026.08.18 00:00,2026.08.18 01:00,39N060800931000Y,000000000033799349,0.0000,0.0000,,,nem
2026.08.18 00:00,2026.08.18 01:00,39N060800984000Q,000017000001120640,0.0000,0.0000,,,nem
2026.08.18 00:00,2026.08.18 01:00,39N060801557000C,000036100006146062,0.0000,0.0000,,,nem
2026.08.18 00:00,2026.08.18 01:00,39N060801582000J,000033900028664638,0.0000,0.0000,,,nem
2026.08.18 00:00,2026.08.18 01:00,39N060802666000X,000000000006139331,0.0000,0.0000,,,nem
2026.08.18 00:00,2026.08.18 01:00,39N060803151000H,000017000000034192,0.9000,0.8738,,,nem
2026.08.18 00:00,2026.08.18 01:00,39N060804167000A,000006201754706015,0.8000,0.8250,,,nem
2026.08.18 00:00,2026.08.18 01:00,39N060813408000J,000028400084254045,0.0000,0.0000,,,nem
2026.08.18 00:00,2026.08.18 01:00,39N0608168850008,000033900035704532,0.0000,0.0000,,,nem
2026.08.18 00:00,2026.08.18 01:00,39N060828512000O,K11602346105795,1.0000,1.0600,,,nem
2026.08.18 00:00,2026.08.18 01:00,39N060850045000Q,000017000000338654,0.7000,0.6721,,,igen
2026.08.18 00:00,2026.08.18 01:00,39N060850088000O,000000000027360225,0.0000,0.0000,,,nem
2026.08.18 00:00,2026.08.18 01:00,39N060851079000H,000016100500642248,0.0000,0.0000,,,nem
2026.08.18 00:00,2026.08.18 01:00,39N060851079000H,000016101400950739,0.0000,0.0000,,,nem
2026.08.18 00:00,2026.08.18 01:00,39N060851079000H,000016101501060302,0.0000,0.0000,,,nem
2026.08.18 00:00,2026.08.18 01:00,39N060851079000H,000033900028664722,0.0000,0.0000,,,nem
2026.08.18 00:00,2026.08.18 01:00,39N060851838000R,000033900028664566,0.0000,0.0000,,,nem
2026.08.18 00:00,2026.08.18 01:00,39N060852035000G,000000000005856541,0.0000,0.0000,,,nem
2026.08.18 00:00,2026.08.18 01:00,39N060852647000W,000000000000099523,0.0000,0.0000,,,nem
2026.08.18 00:00,2026.08.18 01:00,39N060854045000V,000036100035199036,0.0000,0.0000,,,nem
2026.08.18 00:00,2026.08.18 01:00,39N060855999000L,000035500084242956,0.0000,0.0000,,,igen
2026.08.18 00:00,2026.08.18 01:00,39N060878229000X,000003800029004033,0.0000,0.0000,,,igen
2026.08.18 00:00,2026.08.18 01:00,39N0609041660005,000003400035704397,0.0000,0.0000,,,nem
2026.08.18 00:00,2026.08.18 01:00,39N0609041660005,000006203403494604,0.0000,0.0000,,,nem
2026.08.18 00:00,2026.08.18 01:00,39N060905244000C,000000000005856271,0.0000,0.0000,,,nem
2026.08.18 00:00,2026.08.18 01:00,39N060907248000D,000028300000222218,0.0000,0.0000,,,nem
2026.08.18 00:00,2026.08.18 01:00,39N060909163000H,000017000000323118,0.0000,0.0000,,,nem
2026.08.18 00:00,2026.08.18 01:00,39N060909635000R,000011200000939880,0.0000,0.0000,,,nem
2026.08.18 00:00,2026.08.18 01:00,39N060909668000V,000003400029573718,0.0000,0.0000,,,nem
2026.08.18 00:00,2026.08.18 01:00,39N060909668000V,000028300000921860,0.0000,0.0000,,,nem
2026.08.18 00:00,2026.08.18 01:00,39N060910399000I,000000000015179098,0.0000,0.0000,,,nem
2026.08.18 00:00,2026.08.18 01:00,39N0609576930009,000036100035199133,0.0000,0.0000,,,nem
2026.08.18 00:00,2026.08.18 01:00,39N060957708000V,000016101400945632,0.0000,0.0000,,,nem
2026.08.18 00:00,2026.08.18 01:00,39N060957708000V,000035200035201443,0.0000,0.0000,,,nem
2026.08.18 00:00,2026.08.18 01:00,39N0609591810007,000017000000228833,0.0000,0.0000,,,nem
2026.08.18 00:00,2026.08.18 01:00,39N060959331000N,000028300000921876,0.0000,0.0000,,,nem
2026.08.18 00:00,2026.08.18 01:00,39N060959437000N,000011200001120693,0.0000,0.0000,,,nem
2026.08.18 00:00,2026.08.18 01:00,39N060959695000K,000011100000116018,7.7000,7.3935,,,nem
2026.08.18 00:00,2026.08.18 01:00,39N060960379000M,000033100035200070,0.0000,0.0000,,,nem
2026.08.18 00:00,2026.08.18 01:00,39N060960379000M,000035200035199870,0.7000,0.6849,,,nem
2026.08.18 00:00,2026.08.18 01:00,39N060961173000L,000000000035201061,0.3000,0.2913,,,nem
2026.08.18 00:00,2026.08.18 01:00,39N060961591000S,K3SC08000002382,0.0000,0.0000,,,nem
2026.08.18 00:00,2026.08.18 01:00,39N060963554000L,000000000015081701,1.1000,1.0680,,,nem
2026.08.18 00:00,2026.08.18 01:00,39N060972518000O,000052600000920115,1.0000,0.9709,,,nem
2026.08.18 00:00,2026.08.18 01:00,39N0610083130009,000036100035199130,0.0000,0.0000,,,nem
2026.08.18 00:00,2026.08.18 01:00,39N061011000000O,000017000000921883,0.0000,0.0000,,,nem
2026.08.18 00:00,2026.08.18 01:00,39N061011943000X,K3SC08000001974,0.0000,0.0000,,,nem
2026.08.18 00:00,2026.08.18 01:00,39N061014839000T,000011500000109645,0.0000,0.0000,,,nem
2026.08.18 00:00,2026.08.18 01:00,39N061030420000B,000028400084254048,0.0000,0.0000,,,nem
2026.08.18 00:00,2026.08.18 01:00,39N061033384000C,000000000035817692,0.0000,0.0000,,,nem
2026.08.18 00:00,2026.08.18 01:00,39N061033384000C,000017000000921900,0.0000,0.0000,,,nem
2026.08.18 00:00,2026.08.18 01:00,39N0610340960009,000033900029004124,0.6000,0.5870,,,nem
2026.08.18 00:00,2026.08.18 01:00,39N061059787000E,000004200032394437,0.0000,0.0000,,,nem
2026.08.18 00:00,2026.08.18 01:00,39N061059787000E,000017000009716405,0.0000,0.0000,,,nem
2026.08.18 00:00,2026.08.18 01:00,39N0610610180007,000000000035201000,13.1000,12.7188,,,nem
2026.08.18 00:00,2026.08.18 01:00,39N061061836000N,000000000700710745,0.0000,0.0000,,,nem
2026.08.18 00:00,2026.08.18 01:00,39N061061836000N,000016101501053013,0.0000,0.0000,,,nem
2026.08.18 00:00,2026.08.18 01:00,39N061061836000N,000033900028664501,0.0000,0.0000,,,nem
2026.08.18 00:00,2026.08.18 01:00,39N061061836000N,000054902500064724,0.0000,0.0000,,,nem
2026.08.18 00:00,2026.08.18 01:00,39N061063215000T,000006203403494595,0.0000,0.0000,,,nem
2026.08.18 00:00,2026.08.18 01:00,39N0610634430007,K11602346105776,1.0000,1.0600,,,nem
2026.08.18 00:00,2026.08.18 01:00,39N061064322000N,000017000000921927,0.0000,0.0000,,,nem
2026.08.18 00:00,2026.08.18 01:00,39N061065010000F,000016101300872121,0.0000,0.0000,,,nem
2026.08.18 00:00,2026.08.18 01:00,39N061065010000F,000052600000922077,11.1000,10.8602,,,nem
2026.08.18 00:00,2026.08.18 01:00,39N0610655730003,000033900029004198,0.0000,0.0000,,,nem
2026.08.18 00:00,2026.08.18 01:00,39N0610658850003,000036100006146191,0.0000,0.0000,,,nem
2026.08.18 00:00,2026.08.18 01:00,39N061111992000Z,000003400035704393,0.0000,0.0000,,,nem
2026.08.18 00:00,2026.08.18 01:00,39N061111992000Z,000036100006146095,0.0000,0.0000,,,nem
2026.08.18 00:00,2026.08.18 01:00,39N0611124530007,000003600005856462,0.0000,0.0000,,,nem
2026.08.18 00:00,2026.08.18 01:00,39N061113689000B,000000000005856294,0.0000,0.0000,,,igen
2026.08.18 00:00,2026.08.18 01:00,39N0611137880009,000000003404319296,1.3000,1.2622,,,nem
2026.08.18 00:00,2026.08.18 01:00,39N061114589000A,000006203404220198,1.2000,1.1651,,,nem
2026.08.18 00:00,2026.08.18 01:00,39N061116064000T,000028300000821328,0.0000,0.0000,,,nem
2026.08.18 00:00,2026.08.18 01:00,39N0611165530005,000000003404271788,0.0000,0.0000,,,nem
2026.08.18 00:00,2026.08.18 01:00,39N0611165530005,000028300021600966,0.0000,0.0000,,,nem
2026.08.18 00:00,2026.08.18 01:00,39N061117137000H,000000000033998448,0.0000,0.0000,,,nem
2026.08.18 00:00,2026.08.18 01:00,39N061117137000H,000037300035198695,0.1000,0.0971,,,nem
2026.08.18 00:00,2026.08.18 01:00,39N061128059000M,000017000000338640,0.0000,0.0000,,,nem
2026.08.18 00:00,2026.08.18 01:00,39N061163033000V,000000003404271784,0.0000,0.0000,,,nem
2026.08.18 00:00,2026.08.18 01:00,39N061164713000N,000016101400945331,0.0000,0.0000,,,nem
2026.08.18 00:00,2026.08.18 01:00,39N061164713000N,000017000000323144,0.0000,0.0000,,,nem
2026.08.18 00:00,2026.08.18 01:00,39N061165614000H,000028300001120580,2.8000,2.7395,,,nem
2026.08.18 00:00,2026.08.18 01:00,39N061166511000V,000028300001023276,0.0000,0.0000,,,nem
2026.08.18 00:00,2026.08.18 01:00,39N0611670050007,000003400031280543,0.0000,0.0000,,,nem
2026.08.18 00:00,2026.08.18 01:00,39N0611670050007,000051900015179291,0.0000,0.0000,,,nem
2026.08.18 00:00,2026.08.18 01:00,39N061167618000I,000011100000109538,0.0000,0.0000,,,nem
2026.08.18 00:00,2026.08.18 01:00,39N061168462000O,000000000021600956,0.0000,0.0000,,,nem
2026.08.18 00:00,2026.08.18 01:00,39N061168462000O,000016101501052057,0.0000,0.0000,,,nem
2026.08.18 00:00,2026.08.18 01:00,39N061177126000B,000003800033998439,0.2000,0.1997,,,nem
2026.08.18 00:00,2026.08.18 01:00,39N061177126000B,000016101400941206,0.0000,0.0000,,,nem
2026.08.18 00:00,2026.08.18 01:00,39N061177520000D,000000001701120781,0.0200,0.0192,,,nem
2026.08.18 00:00,2026.08.18 01:00,39N061177520000D,000011500000109643,0.5000,0.4801,,,nem
2026.08.18 00:00,2026.08.18 01:00,39N061177520000D,000035200035199236,0.0000,0.0000,,,nem
2026.08.18 00:00,2026.08.18 01:00,39N0613073350002,K3SC08000001972,3.0000,2.9540,,,igen
2026.08.18 00:00,2026.08.18 01:00,39N061422451000F,000000000006139400,0.0000,0.0000,,,nem
2026.08.18 00:00,2026.08.18 01:00,39N061426021000T,000000000000732191,0.0000,0.0000,,,nem
2026.08.18 00:00,2026.08.18 01:00,39N061429480000K,000017000000323128,0.0000,0.0000,,,nem
2026.08.18 00:00,2026.08.18 01:00,39N0614301610000,000028300021600959,0.1000,0.0960,,,nem
2026.08.18 00:00,2026.08.18 01:00,39N061432774000W,000000003404319313,0.2000,0.1942,,,nem
2026.08.18 00:00,2026.08.18 01:00,39N061434278000V,000000000027360271,0.0000,0.0000,,,nem
2026.08.18 00:00,2026.08.18 01:00,39N0614360320009,000003400028663807,0.0000,0.0000,,,nem
2026.08.18 00:00,2026.08.18 01:00,39N0614360330004,000003400029003972,0.0000,0.0000,,,nem
2026.08.18 00:00,2026.08.18 01:00,39N061436035000V,000003400028663901,0.0000,0.0000,,,nem
2026.08.18 00:00,2026.08.18 01:00,39N0614385900006,000003400028663783,0.0000,0.0000,,,nem
2026.08.18 00:00,2026.08.18 01:00,39N061442443000U,000036100006146087,0.7000,0.6849,,,nem
2026.08.18 01:00,2026.08.18 02:00,39N060000175000F,000011200000338683,0.0000,0.0000,,,nem
2026.08.18 01:00,2026.08.18 02:00,39N060001073000O,000000000006139414,0.1000,0.0960,,,nem
2026.08.18 01:00,2026.08.18 02:00,39N060001129000H,000017000001023298,0.5000,0.4838,,,nem
2026.08.18 01:00,2026.08.18 02:00,39N060005807000W,000011200000127418,0.0000,0.0000,,,nem
2026.08.18 01:00,2026.08.18 02:00,39N060005816000V,000017000009949791,0.0000,0.0000,,,nem
2026.08.18 01:00,2026.08.18 02:00,39N060005888000G,000011200000338692,0.0000,0.0000,,,nem
2026.08.18 01:00,2026.08.18 02:00,39N060005917000J,000006203403494571,2.6000,2.5243,,,nem
2026.08.18 01:00,2026.08.18 02:00,39N0600059220001,000028300000546980,0.4000,0.3799,,,nem
2026.08.18 01:00,2026.08.18 02:00,39N060005935000H,000000000000338639,2.3000,2.2503,,,nem
2026.08.18 01:00,2026.08.18 02:00,39N060005969000G,000000000021600969,0.0000,0.0000,,,nem
2026.08.18 01:00,2026.08.18 02:00,39N0600059720008,000011200009929313,0.0000,0.0000,,,nem
2026.08.18 01:00,2026.08.18 02:00,39N0600061150003,SC07000002018,0.0000,0.0000,,,nem
2026.08.18 01:00,2026.08.18 02:00,39N060006119000K,K114000009/2025,0.0000,0.0000,,,nem
2026.08.18 01:00,2026.08.18 02:00,39N0600061830008,K10300002009/14,0.0000,0.0000,,,nem
2026.08.18 01:00,2026.08.18 02:00,39N060006194000Y,K11200002014/40,8.1780,12.0000,,,nem
2026.08.18 01:00,2026.08.18 02:00,39N060006457000M,K3SC03403923059,0.0000,0.0000,,,nem
2026.08.18 01:00,2026.08.18 02:00,39N0600064860009,K3SC03403701666,0.0000,0.0000,,,nem
2026.08.18 01:00,2026.08.18 02:00,39N060006533000A,000011200000050026,3.0000,2.9127,,,nem
2026.08.18 01:00,2026.08.18 02:00,39N060008259000A,000011100000109546,0.0000,0.0000,,,nem
2026.08.18 01:00,2026.08.18 02:00,39N060008259000A,000033100035200420,0.0000,0.0000,,,nem
2026.08.18 01:00,2026.08.18 02:00,39N0600182680000,000028300000522181,0.0000,0.0000,,,nem
2026.08.18 01:00,2026.08.18 02:00,39N0600416330007,000003800032476907,0.0000,0.0000,,,igen
2026.08.18 01:00,2026.08.18 02:00,39N060056860000F,000052600000920561,0.6000,0.5825,,,nem
2026.08.18 01:00,2026.08.18 02:00,39N060735330000O,000000000029004173,0.0000,0.0000,,,nem
2026.08.18 01:00,2026.08.18 02:00,39N060735731000S,000051303403421788,0.0000,0.0000,,,nem
2026.08.18 01:00,2026.08.18 02:00,39N060735761000A,000052600000920734,0.0000,0.0000,,,nem
2026.08.18 01:00,2026.08.18 02:00,39N060735799000Q,000052600000922844,0.0000,0.0000,,,nem
2026.08.18 01:00,2026.08.18 02:00,39N0607556590002,000051900015179178,0.0000,0.0000,,,nem
2026.08.18 01:00,2026.08.18 02:00,39N060760989000V,000000003401922868,0.0000,0.0000,,,nem
2026.08.18 01:00,2026.08.18 02:00,39N060760989000V,000051400032414003,0.0000,0.0000,,,nem
2026.08.18 01:00,2026.08.18 02:00,39N060781564000X,000033900035704540,0.0000,0.0000,,,nem
2026.08.18 01:00,2026.08.18 02:00,39N060796913000S,000052600000924363,0.0000,0.0000,,,nem
2026.08.18 01:00,2026.08.18 02:00,39N060800931000Y,000000000033799349,0.0000,0.0000,,,nem
2026.08.18 01:00,2026.08.18 02:00,39N060800984000Q,000017000001120640,0.0000,0.0000,,,nem
2026.08.18 01:00,2026.08.18 02:00,39N060801557000C,000036100006146062,0.0000,0.0000,,,nem
2026.08.18 01:00,2026.08.18 02:00,39N060801582000J,000033900028664638,0.0000,0.0000,,,nem
2026.08.18 01:00,2026.08.18 02:00,39N060802666000X,000000000006139331,0.0000,0.0000,,,nem
2026.08.18 01:00,2026.08.18 02:00,39N060803151000H,000017000000034192,0.5000,0.4855,,,nem
2026.08.18 01:00,2026.08.18 02:00,39N060804167000A,000006201754706015,0.8000,0.8250,,,nem
2026.08.18 01:00,2026.08.18 02:00,39N060813408000J,000028400084254045,0.0000,0.0000,,,nem
2026.08.18 01:00,2026.08.18 02:00,39N0608168850008,000033900035704532,1.0000,0.9709,,,nem
2026.08.18 01:00,2026.08.18 02:00,39N060828512000O,K11602346105795,0.0000,0.0000,,,nem
2026.08.18 01:00,2026.08.18 02:00,39N060850045000Q,000017000000338654,1.5000,1.4513,,,igen
2026.08.18 01:00,2026.08.18 02:00,39N060850088000O,000000000027360225,0.0000,0.0000,,,nem
2026.08.18 01:00,2026.08.18 02:00,39N060851079000H,000016100500642248,0.0000,0.0000,,,nem
2026.08.18 01:00,2026.08.18 02:00,39N060851079000H,000016101400950739,0.0000,0.0000,,,nem
2026.08.18 01:00,2026.08.18 02:00,39N060851079000H,000016101501060302,0.0000,0.0000,,,nem
2026.08.18 01:00,2026.08.18 02:00,39N060851079000H,000033900028664722,0.0000,0.0000,,,nem
2026.08.18 01:00,2026.08.18 02:00,39N060851838000R,000033900028664566,0.0000,0.0000,,,nem
2026.08.18 01:00,2026.08.18 02:00,39N060852035000G,000000000005856541,0.0000,0.0000,,,nem
2026.08.18 01:00,2026.08.18 02:00,39N060852647000W,000000000000099523,0.1000,0.0971,,,nem
2026.08.18 01:00,2026.08.18 02:00,39N060854045000V,000036100035199036,0.8000,0.7767,,,nem
2026.08.18 01:00,2026.08.18 02:00,39N060855999000L,000035500084242956,0.0000,0.0000,,,igen
2026.08.18 01:00,2026.08.18 02:00,39N060878229000X,000003800029004033,0.0000,0.0000,,,igen
2026.08.18 01:00,2026.08.18 02:00,39N0609041660005,000003400035704397,0.0000,0.0000,,,nem
2026.08.18 01:00,2026.08.18 02:00,39N0609041660005,000006203403494604,0.0000,0.0000,,,nem
2026.08.18 01:00,2026.08.18 02:00,39N060905244000C,000000000005856271,0.0000,0.0000,,,nem
2026.08.18 01:00,2026.08.18 02:00,39N060907248000D,000028300000222218,0.0000,0.0000,,,nem
2026.08.18 01:00,2026.08.18 02:00,39N060909163000H,000017000000323118,0.0000,0.0000,,,nem
2026.08.18 01:00,2026.08.18 02:00,39N060909635000R,000011200000939880,0.0000,0.0000,,,nem
2026.08.18 01:00,2026.08.18 02:00,39N060909668000V,000003400029573718,0.0000,0.0000,,,nem
2026.08.18 01:00,2026.08.18 02:00,39N060909668000V,000028300000921860,0.0000,0.0000,,,nem
2026.08.18 01:00,2026.08.18 02:00,39N060910399000I,000000000015179098,0.0000,0.0000,,,nem
2026.08.18 01:00,2026.08.18 02:00,39N0609576930009,000036100035199133,0.0000,0.0000,,,nem
2026.08.18 01:00,2026.08.18 02:00,39N060957708000V,000016101400945632,0.0000,0.0000,,,nem
2026.08.18 01:00,2026.08.18 02:00,39N060957708000V,000035200035201443,0.0000,0.0000,,,nem
2026.08.18 01:00,2026.08.18 02:00,39N0609591810007,000017000000228833,0.0000,0.0000,,,nem
2026.08.18 01:00,2026.08.18 02:00,39N060959331000N,000028300000921876,0.0000,0.0000,,,nem
2026.08.18 01:00,2026.08.18 02:00,39N060959437000N,000011200001120693,0.0000,0.0000,,,nem
2026.08.18 01:00,2026.08.18 02:00,39N060959695000K,000011100000116018,4.9000,4.7050,,,nem
2026.08.18 01:00,2026.08.18 02:00,39N060960379000M,000033100035200070,0.0000,0.0000,,,nem
2026.08.18 01:00,2026.08.18 02:00,39N060960379000M,000035200035199870,0.8000,0.7827,,,nem
2026.08.18 01:00,2026.08.18 02:00,39N060961173000L,000000000035201061,0.1000,0.0971,,,nem
2026.08.18 01:00,2026.08.18 02:00,39N060961591000S,K3SC08000002382,0.0000,0.0000,,,nem
2026.08.18 01:00,2026.08.18 02:00,39N060963554000L,000000000015081701,1.0000,0.9709,,,nem
2026.08.18 01:00,2026.08.18 02:00,39N060972518000O,000052600000920115,0.4000,0.3884,,,nem
2026.08.18 01:00,2026.08.18 02:00,39N0610083130009,000036100035199130,0.0000,0.0000,,,nem
2026.08.18 01:00,2026.08.18 02:00,39N061011000000O,000017000000921883,0.0000,0.0000,,,nem
2026.08.18 01:00,2026.08.18 02:00,39N061011943000X,K3SC08000001974,0.0000,0.0000,,,nem
2026.08.18 01:00,2026.08.18 02:00,39N061014839000T,000011500000109645,0.0000,0.0000,,,nem
2026.08.18 01:00,2026.08.18 02:00,39N061030420000B,000028400084254048,0.0000,0.0000,,,nem
2026.08.18 01:00,2026.08.18 02:00,39N061033384000C,000000000035817692,0.0000,0.0000,,,nem
2026.08.18 01:00,2026.08.18 02:00,39N061033384000C,000017000000921900,0.0000,0.0000,,,nem
2026.08.18 01:00,2026.08.18 02:00,39N0610340960009,000033900029004124,0.5000,0.4892,,,nem
2026.08.18 01:00,2026.08.18 02:00,39N061059787000E,000004200032394437,0.0000,0.0000,,,nem
2026.08.18 01:00,2026.08.18 02:00,39N061059787000E,000017000009716405,0.0000,0.0000,,,nem
2026.08.18 01:00,2026.08.18 02:00,39N0610610180007,000000000035201000,9.5000,9.2236,,,nem
2026.08.18 01:00,2026.08.18 02:00,39N061061836000N,000000000700710745,0.0000,0.0000,,,nem
2026.08.18 01:00,2026.08.18 02:00,39N061061836000N,000016101501053013,0.0000,0.0000,,,nem
2026.08.18 01:00,2026.08.18 02:00,39N061061836000N,000033900028664501,0.0000,0.0000,,,nem
2026.08.18 01:00,2026.08.18 02:00,39N061061836000N,000054902500064724,0.0000,0.0000,,,nem
2026.08.18 01:00,2026.08.18 02:00,39N061063215000T,000006203403494595,0.0000,0.0000,,,nem
2026.08.18 01:00,2026.08.18 02:00,39N0610634430007,K11602346105776,0.0000,0.0000,,,nem
2026.08.18 01:00,2026.08.18 02:00,39N061064322000N,000017000000921927,0.0000,0.0000,,,nem
2026.08.18 01:00,2026.08.18 02:00,39N061065010000F,000016101300872121,0.0000,0.0000,,,nem
2026.08.18 01:00,2026.08.18 02:00,39N061065010000F,000052600000922077,2.8000,2.7395,,,nem
2026.08.18 01:00,2026.08.18 02:00,39N0610655730003,000033900029004198,0.0000,0.0000,,,nem
2026.08.18 01:00,2026.08.18 02:00,39N0610658850003,000036100006146191,0.0000,0.0000,,,nem
2026.08.18 01:00,2026.08.18 02:00,39N061111992000Z,000003400035704393,0.0000,0.0000,,,nem
2026.08.18 01:00,2026.08.18 02:00,39N061111992000Z,000036100006146095,0.0000,0.0000,,,nem
2026.08.18 01:00,2026.08.18 02:00,39N0611124530007,000003600005856462,0.0000,0.0000,,,nem
2026.08.18 01:00,2026.08.18 02:00,39N061113689000B,000000000005856294,0.0000,0.0000,,,igen
2026.08.18 01:00,2026.08.18 02:00,39N0611137880009,000000003404319296,0.0000,0.0000,,,nem
2026.08.18 01:00,2026.08.18 02:00,39N061114589000A,000006203404220198,1.3000,1.2622,,,nem
2026.08.18 01:00,2026.08.18 02:00,39N061116064000T,000028300000821328,0.0000,0.0000,,,nem
2026.08.18 01:00,2026.08.18 02:00,39N0611165530005,000000003404271788,0.0000,0.0000,,,nem
2026.08.18 01:00,2026.08.18 02:00,39N0611165530005,000028300021600966,0.0000,0.0000,,,nem
2026.08.18 01:00,2026.08.18 02:00,39N061117137000H,000000000033998448,0.0000,0.0000,,,nem
2026.08.18 01:00,2026.08.18 02:00,39N061117137000H,000037300035198695,0.1000,0.0971,,,nem
2026.08.18 01:00,2026.08.18 02:00,39N061128059000M,000017000000338640,0.0000,0.0000,,,nem
2026.08.18 01:00,2026.08.18 02:00,39N061163033000V,000000003404271784,0.0000,0.0000,,,nem
2026.08.18 01:00,2026.08.18 02:00,39N061164713000N,000016101400945331,0.0000,0.0000,,,nem
2026.08.18 01:00,2026.08.18 02:00,39N061164713000N,000017000000323144,0.0000,0.0000,,,nem
2026.08.18 01:00,2026.08.18 02:00,39N061165614000H,000028300001120580,0.1000,0.0978,,,nem
2026.08.18 01:00,2026.08.18 02:00,39N061166511000V,000028300001023276,0.0000,0.0000,,,nem
2026.08.18 01:00,2026.08.18 02:00,39N0611670050007,000003400031280543,0.0000,0.0000,,,nem
2026.08.18 01:00,2026.08.18 02:00,39N0611670050007,000051900015179291,0.0000,0.0000,,,nem
2026.08.18 01:00,2026.08.18 02:00,39N061167618000I,000011100000109538,0.0000,0.0000,,,nem
2026.08.18 01:00,2026.08.18 02:00,39N061168462000O,000000000021600956,0.0000,0.0000,,,nem
2026.08.18 01:00,2026.08.18 02:00,39N061168462000O,000016101501052057,0.0000,0.0000,,,nem
2026.08.18 01:00,2026.08.18 02:00,39N061177126000B,000003800033998439,0.1000,0.0998,,,nem
2026.08.18 01:00,2026.08.18 02:00,39N061177126000B,000016101400941206,0.0000,0.0000,,,nem
2026.08.18 01:00,2026.08.18 02:00,39N061177520000D,000000001701120781,0.0100,0.0096,,,nem
2026.08.18 01:00,2026.08.18 02:00,39N061177520000D,000011500000109643,0.8000,0.7682,,,nem
2026.08.18 01:00,2026.08.18 02:00,39N061177520000D,000035200035199236,0.0000,0.0000,,,nem
2026.08.18 01:00,2026.08.18 02:00,39N0613073350002,K3SC08000001972,3.0202,2.9550,,,igen
2026.08.18 01:00,2026.08.18 02:00,39N061422451000F,000000000006139400,0.0000,0.0000,,,nem
2026.08.18 01:00,2026.08.18 02:00,39N061426021000T,000000000000732191,0.0000,0.0000,,,nem
2026.08.18 01:00,2026.08.18 02:00,39N061429480000K,000017000000323128,0.0000,0.0000,,,nem
2026.08.18 01:00,2026.08.18 02:00,39N0614301610000,000028300021600959,0.2000,0.1920,,,nem
2026.08.18 01:00,2026.08.18 02:00,39N061432774000W,000000003404319313,0.1000,0.0971,,,nem
2026.08.18 01:00,2026.08.18 02:00,39N061434278000V,000000000027360271,0.0000,0.0000,,,nem
2026.08.18 01:00,2026.08.18 02:00,39N0614360320009,000003400028663807,0.0000,0.0000,,,nem
2026.08.18 01:00,2026.08.18 02:00,39N0614360330004,000003400029003972,0.0000,0.0000,,,nem
2026.08.18 01:00,2026.08.18 02:00,39N061436035000V,000003400028663901,0.0000,0.0000,,,nem
2026.08.18 01:00,2026.08.18 02:00,39N0614385900006,000003400028663783,0.0000,0.0000,,,nem
2026.08.18 01:00,2026.08.18 02:00,39N061442443000U,000036100006146087,0.3000,0.2935,,,nem
2026.08.18 02:00,2026.08.18 03:00,39N060000175000F,000011200000338683,0.0000,0.0000,,,nem
2026.08.18 02:00,2026.08.18 03:00,39N060001073000O,000000000006139414,0.0000,0.0000,,,nem
2026.08.18 02:00,2026.08.18 03:00,39N060001129000H,000017000001023298,14.4000,13.9320,,,nem
2026.08.18 02:00,2026.08.18 03:00,39N060005807000W,000011200000127418,0.0000,0.0000,,,nem
2026.08.18 02:00,2026.08.18 03:00,39N060005816000V,000017000009949791,0.0000,0.0000,,,nem
2026.08.18 02:00,2026.08.18 03:00,39N060005888000G,000011200000338692,0.0000,0.0000,,,nem
2026.08.18 02:00,2026.08.18 03:00,39N060005917000J,000006203403494571,2.5000,2.4273,,,nem
2026.08.18 02:00,2026.08.18 03:00,39N0600059220001,000028300000546980,0.0000,0.0000,,,nem
2026.08.18 02:00,2026.08.18 03:00,39N060005935000H,000000000000338639,2.2000,2.1525,,,nem
2026.08.18 02:00,2026.08.18 03:00,39N060005969000G,000000000021600969,0.0000,0.0000,,,nem
2026.08.18 02:00,2026.08.18 03:00,39N0600059720008,000011200009929313,0.0000,0.0000,,,nem
2026.08.18 02:00,2026.08.18 03:00,39N0600061150003,SC07000002018,0.0000,0.0000,,,nem
2026.08.18 02:00,2026.08.18 03:00,39N060006119000K,K114000009/2025,0.0000,0.0000,,,nem
2026.08.18 02:00,2026.08.18 03:00,39N0600061830008,K10300002009/14,3.0980,3.0000,,,nem
2026.08.18 02:00,2026.08.18 03:00,39N060006194000Y,K11200002014/40,6.7930,10.0000,,,nem
2026.08.18 02:00,2026.08.18 03:00,39N060006457000M,K3SC03403923059,0.0000,0.0000,,,nem
2026.08.18 02:00,2026.08.18 03:00,39N0600064860009,K3SC03403701666,0.0000,0.0000,,,nem
2026.08.18 02:00,2026.08.18 03:00,39N060006533000A,000011200000050026,2.0000,1.9418,,,nem
2026.08.18 02:00,2026.08.18 03:00,39N060008259000A,000011100000109546,0.0000,0.0000,,,nem
2026.08.18 02:00,2026.08.18 03:00,39N060008259000A,000033100035200420,0.0000,0.0000,,,nem
2026.08.18 02:00,2026.08.18 03:00,39N0600182680000,000028300000522181,0.0000,0.0000,,,nem
2026.08.18 02:00,2026.08.18 03:00,39N0600416330007,000003800032476907,0.0000,0.0000,,,igen
2026.08.18 02:00,2026.08.18 03:00,39N060056860000F,000052600000920561,0.0000,0.0000,,,nem
2026.08.18 02:00,2026.08.18 03:00,39N060735330000O,000000000029004173,0.0000,0.0000,,,nem
2026.08.18 02:00,2026.08.18 03:00,39N060735731000S,000051303403421788,0.0000,0.0000,,,nem
2026.08.18 02:00,2026.08.18 03:00,39N060735761000A,000052600000920734,0.0000,0.0000,,,nem
2026.08.18 02:00,2026.08.18 03:00,39N060735799000Q,000052600000922844,0.0000,0.0000,,,nem
2026.08.18 02:00,2026.08.18 03:00,39N0607556590002,000051900015179178,0.0000,0.0000,,,nem
2026.08.18 02:00,2026.08.18 03:00,39N060760989000V,000000003401922868,0.0000,0.0000,,,nem
2026.08.18 02:00,2026.08.18 03:00,39N060760989000V,000051400032414003,0.1200,0.1216,,,nem
2026.08.18 02:00,2026.08.18 03:00,39N060781564000X,000033900035704540,0.0000,0.0000,,,nem
2026.08.18 02:00,2026.08.18 03:00,39N060796913000S,000052600000924363,1.9000,1.8179,,,nem
2026.08.18 02:00,2026.08.18 03:00,39N060800931000Y,000000000033799349,0.0000,0.0000,,,nem
2026.08.18 02:00,2026.08.18 03:00,39N060800984000Q,000017000001120640,0.0000,0.0000,,,nem
2026.08.18 02:00,2026.08.18 03:00,39N060801557000C,000036100006146062,0.0000,0.0000,,,nem
2026.08.18 02:00,2026.08.18 03:00,39N060801582000J,000033900028664638,0.0000,0.0000,,,nem
2026.08.18 02:00,2026.08.18 03:00,39N060802666000X,000000000006139331,0.0000,0.0000,,,nem
2026.08.18 02:00,2026.08.18 03:00,39N060803151000H,000017000000034192,0.9000,0.8738,,,nem
2026.08.18 02:00,2026.08.18 03:00,39N060804167000A,000006201754706015,0.6000,0.6187,,,nem
2026.08.18 02:00,2026.08.18 03:00,39N060813408000J,000028400084254045,0.0000,0.0000,,,nem
2026.08.18 02:00,2026.08.18 03:00,39N0608168850008,000033900035704532,0.7000,0.6796,,,nem
2026.08.18 02:00,2026.08.18 03:00,39N060828512000O,K11602346105795,0.0000,0.0000,,,nem
2026.08.18 02:00,2026.08.18 03:00,39N060850045000Q,000017000000338654,1.7000,1.6448,,,igen
2026.08.18 02:00,2026.08.18 03:00,39N060850088000O,000000000027360225,0.0000,0.0000,,,nem
2026.08.18 02:00,2026.08.18 03:00,39N060851079000H,000016100500642248,0.0000,0.0000,,,nem
2026.08.18 02:00,2026.08.18 03:00,39N060851079000H,000016101400950739,0.0000,0.0000,,,nem
2026.08.18 02:00,2026.08.18 03:00,39N060851079000H,000016101501060302,0.0000,0.0000,,,nem
2026.08.18 02:00,2026.08.18 03:00,39N060851079000H,000033900028664722,0.0000,0.0000,,,nem
2026.08.18 02:00,2026.08.18 03:00,39N060851838000R,000033900028664566,0.0000,0.0000,,,nem
2026.08.18 02:00,2026.08.18 03:00,39N060852035000G,000000000005856541,1.1000,1.0680,,,nem
2026.08.18 02:00,2026.08.18 03:00,39N060852647000W,000000000000099523,0.3000,0.2913,,,nem
2026.08.18 02:00,2026.08.18 03:00,39N060854045000V,000036100035199036,0.0000,0.0000,,,nem
2026.08.18 02:00,2026.08.18 03:00,39N060855999000L,000035500084242956,0.0000,0.0000,,,igen
2026.08.18 02:00,2026.08.18 03:00,39N060878229000X,000003800029004033,0.0000,0.0000,,,igen
2026.08.18 02:00,2026.08.18 03:00,39N0609041660005,000003400035704397,0.0000,0.0000,,,nem
2026.08.18 02:00,2026.08.18 03:00,39N0609041660005,000006203403494604,0.0000,0.0000,,,nem
2026.08.18 02:00,2026.08.18 03:00,39N060905244000C,000000000005856271,0.0000,0.0000,,,nem
2026.08.18 02:00,2026.08.18 03:00,39N060907248000D,000028300000222218,0.0000,0.0000,,,nem
2026.08.18 02:00,2026.08.18 03:00,39N060909163000H,000017000000323118,4.5000,4.2737,,,nem
2026.08.18 02:00,2026.08.18 03:00,39N060909635000R,000011200000939880,0.0000,0.0000,,,nem
2026.08.18 02:00,2026.08.18 03:00,39N060909668000V,000003400029573718,0.0000,0.0000,,,nem
2026.08.18 02:00,2026.08.18 03:00,39N060909668000V,000028300000921860,0.0000,0.0000,,,nem
2026.08.18 02:00,2026.08.18 03:00,39N060910399000I,000000000015179098,0.0000,0.0000,,,nem
2026.08.18 02:00,2026.08.18 03:00,39N0609576930009,000036100035199133,0.0000,0.0000,,,nem
2026.08.18 02:00,2026.08.18 03:00,39N060957708000V,000016101400945632,0.0000,0.0000,,,nem
2026.08.18 02:00,2026.08.18 03:00,39N060957708000V,000035200035201443,0.0000,0.0000,,,nem
2026.08.18 02:00,2026.08.18 03:00,39N0609591810007,000017000000228833,0.0000,0.0000,,,nem
2026.08.18 02:00,2026.08.18 03:00,39N060959331000N,000028300000921876,0.0000,0.0000,,,nem
2026.08.18 02:00,2026.08.18 03:00,39N060959437000N,000011200001120693,0.0000,0.0000,,,nem
2026.08.18 02:00,2026.08.18 03:00,39N060959695000K,000011100000116018,8.7000,8.3537,,,nem
2026.08.18 02:00,2026.08.18 03:00,39N060960379000M,000033100035200070,0.0000,0.0000,,,nem
2026.08.18 02:00,2026.08.18 03:00,39N060960379000M,000035200035199870,0.7000,0.6849,,,nem
2026.08.18 02:00,2026.08.18 03:00,39N060961173000L,000000000035201061,0.5000,0.4855,,,nem
2026.08.18 02:00,2026.08.18 03:00,39N060961591000S,K3SC08000002382,0.0000,0.0000,,,nem
2026.08.18 02:00,2026.08.18 03:00,39N060963554000L,000000000015081701,1.1000,1.0680,,,nem
2026.08.18 02:00,2026.08.18 03:00,39N060972518000O,000052600000920115,1.0000,0.9709,,,nem
2026.08.18 02:00,2026.08.18 03:00,39N0610083130009,000036100035199130,0.0000,0.0000,,,nem
2026.08.18 02:00,2026.08.18 03:00,39N061011000000O,000017000000921883,0.0000,0.0000,,,nem
2026.08.18 02:00,2026.08.18 03:00,39N061011943000X,K3SC08000001974,0.0000,0.0000,,,nem
2026.08.18 02:00,2026.08.18 03:00,39N061014839000T,000011500000109645,0.0000,0.0000,,,nem
2026.08.18 02:00,2026.08.18 03:00,39N061030420000B,000028400084254048,0.0000,0.0000,,,nem
2026.08.18 02:00,2026.08.18 03:00,39N061033384000C,000000000035817692,0.0000,0.0000,,,nem
2026.08.18 02:00,2026.08.18 03:00,39N061033384000C,000017000000921900,0.0000,0.0000,,,nem
2026.08.18 02:00,2026.08.18 03:00,39N0610340960009,000033900029004124,0.6000,0.5870,,,nem
2026.08.18 02:00,2026.08.18 03:00,39N061059787000E,000004200032394437,0.0000,0.0000,,,nem
2026.08.18 02:00,2026.08.18 03:00,39N061059787000E,000017000009716405,0.0000,0.0000,,,nem
2026.08.18 02:00,2026.08.18 03:00,39N0610610180007,000000000035201000,8.4000,8.1556,,,nem
2026.08.18 02:00,2026.08.18 03:00,39N061061836000N,000000000700710745,0.0000,0.0000,,,nem
2026.08.18 02:00,2026.08.18 03:00,39N061061836000N,000016101501053013,0.0000,0.0000,,,nem
2026.08.18 02:00,2026.08.18 03:00,39N061061836000N,000033900028664501,0.0000,0.0000,,,nem
2026.08.18 02:00,2026.08.18 03:00,39N061061836000N,000054902500064724,0.0000,0.0000,,,nem
2026.08.18 02:00,2026.08.18 03:00,39N061063215000T,000006203403494595,0.0000,0.0000,,,nem
2026.08.18 02:00,2026.08.18 03:00,39N0610634430007,K11602346105776,0.0000,0.0000,,,nem
2026.08.18 02:00,2026.08.18 03:00,39N061064322000N,000017000000921927,0.0000,0.0000,,,nem
2026.08.18 02:00,2026.08.18 03:00,39N061065010000F,000016101300872121,0.0000,0.0000,,,nem
2026.08.18 02:00,2026.08.18 03:00,39N061065010000F,000052600000922077,0.3000,0.2935,,,nem
2026.08.18 02:00,2026.08.18 03:00,39N0610655730003,000033900029004198,0.0000,0.0000,,,nem
2026.08.18 02:00,2026.08.18 03:00,39N0610658850003,000036100006146191,0.0000,0.0000,,,nem
2026.08.18 02:00,2026.08.18 03:00,39N061111992000Z,000003400035704393,0.0000,0.0000,,,nem
2026.08.18 02:00,2026.08.18 03:00,39N061111992000Z,000036100006146095,0.0000,0.0000,,,nem
2026.08.18 02:00,2026.08.18 03:00,39N0611124530007,000003600005856462,0.0000,0.0000,,,nem
2026.08.18 02:00,2026.08.18 03:00,39N061113689000B,000000000005856294,0.0000,0.0000,,,igen
2026.08.18 02:00,2026.08.18 03:00,39N0611137880009,000000003404319296,1.4000,1.3593,,,nem
2026.08.18 02:00,2026.08.18 03:00,39N061114589000A,000006203404220198,1.2000,1.1651,,,nem
2026.08.18 02:00,2026.08.18 03:00,39N061116064000T,000028300000821328,0.0000,0.0000,,,nem
2026.08.18 02:00,2026.08.18 03:00,39N0611165530005,000000003404271788,0.0000,0.0000,,,nem
2026.08.18 02:00,2026.08.18 03:00,39N0611165530005,000028300021600966,0.0000,0.0000,,,nem
2026.08.18 02:00,2026.08.18 03:00,39N061117137000H,000000000033998448,0.0000,0.0000,,,nem
2026.08.18 02:00,2026.08.18 03:00,39N061117137000H,000037300035198695,0.0000,0.0000,,,nem
2026.08.18 02:00,2026.08.18 03:00,39N061128059000M,000017000000338640,0.0000,0.0000,,,nem
2026.08.18 02:00,2026.08.18 03:00,39N061163033000V,000000003404271784,0.0000,0.0000,,,nem
2026.08.18 02:00,2026.08.18 03:00,39N061164713000N,000016101400945331,0.0000,0.0000,,,nem
2026.08.18 02:00,2026.08.18 03:00,39N061164713000N,000017000000323144,0.0000,0.0000,,,nem
2026.08.18 02:00,2026.08.18 03:00,39N061165614000H,000028300001120580,0.0000,0.0000,,,nem
2026.08.18 02:00,2026.08.18 03:00,39N061166511000V,000028300001023276,0.0000,0.0000,,,nem
2026.08.18 02:00,2026.08.18 03:00,39N0611670050007,000003400031280543,0.0000,0.0000,,,nem
2026.08.18 02:00,2026.08.18 03:00,39N0611670050007,000051900015179291,0.0000,0.0000,,,nem
2026.08.18 02:00,2026.08.18 03:00,39N061167618000I,000011100000109538,0.0000,0.0000,,,nem
2026.08.18 02:00,2026.08.18 03:00,39N061168462000O,000000000021600956,0.0000,0.0000,,,nem
2026.08.18 02:00,2026.08.18 03:00,39N061168462000O,000016101501052057,0.0000,0.0000,,,nem
2026.08.18 02:00,2026.08.18 03:00,39N061177126000B,000003800033998439,1.0000,0.9984,,,nem
2026.08.18 02:00,2026.08.18 03:00,39N061177126000B,000016101400941206,0.0000,0.0000,,,nem
2026.08.18 02:00,2026.08.18 03:00,39N061177520000D,000000001701120781,0.0200,0.0192,,,nem
2026.08.18 02:00,2026.08.18 03:00,39N061177520000D,000011500000109643,2.9000,2.7846,,,nem
2026.08.18 02:00,2026.08.18 03:00,39N061177520000D,000035200035199236,0.0000,0.0000,,,nem
2026.08.18 02:00,2026.08.18 03:00,39N0613073350002,K3SC08000001972,5.0000,4.9240,,,igen
2026.08.18 02:00,2026.08.18 03:00,39N061422451000F,000000000006139400,0.0000,0.0000,,,nem
2026.08.18 02:00,2026.08.18 03:00,39N061426021000T,000000000000732191,0.0000,0.0000,,,nem
2026.08.18 02:00,2026.08.18 03:00,39N061429480000K,000017000000323128,0.0000,0.0000,,,nem
2026.08.18 02:00,2026.08.18 03:00,39N0614301610000,000028300021600959,0.2000,0.1920,,,nem
2026.08.18 02:00,2026.08.18 03:00,39N061432774000W,000000003404319313,0.2000,0.1942,,,nem
2026.08.18 02:00,2026.08.18 03:00,39N061434278000V,000000000027360271,6.4000,6.2138,,,nem
2026.08.18 02:00,2026.08.18 03:00,39N0614360320009,000003400028663807,0.0000,0.0000,,,nem
2026.08.18 02:00,2026.08.18 03:00,39N0614360330004,000003400029003972,0.0000,0.0000,,,nem
2026.08.18 02:00,2026.08.18 03:00,39N061436035000V,000003400028663901,0.0000,0.0000,,,nem
2026.08.18 02:00,2026.08.18 03:00,39N0614385900006,000003400028663783,0.0000,0.0000,,,nem
2026.08.18 02:00,2026.08.18 03:00,39N061442443000U,000036100006146087,0.0000,0.0000,,,nem
2026.08.18 03:00,2026.08.18 04:00,39N060000175000F,000011200000338683,0.0000,0.0000,,,nem
2026.08.18 03:00,2026.08.18 04:00,39N060001073000O,000000000006139414,0.6000,0.5805,,,nem
2026.08.18 03:00,2026.08.18 04:00,39N060001129000H,000017000001023298,21.4000,20.7045,,,nem
2026.08.18 03:00,2026.08.18 04:00,39N060005807000W,000011200000127418,0.0000,0.0000,,,nem
2026.08.18 03:00,2026.08.18 04:00,39N060005816000V,000017000009949791,0.0000,0.0000,,,nem
2026.08.18 03:00,2026.08.18 04:00,39N060005888000G,000011200000338692,0.0000,0.0000,,,nem
2026.08.18 03:00,2026.08.18 04:00,39N060005917000J,000006203403494571,2.6000,2.5438,,,nem
2026.08.18 03:00,2026.08.18 04:00,39N0600059220001,000028300000546980,0.3000,0.2870,,,nem
2026.08.18 03:00,2026.08.18 04:00,39N060005935000H,000000000000338639,4.0000,3.9136,,,nem
2026.08.18 03:00,2026.08.18 04:00,39N060005969000G,000000000021600969,0.0000,0.0000,,,nem
2026.08.18 03:00,2026.08.18 04:00,39N0600059720008,000011200009929313,0.0000,0.0000,,,nem
2026.08.18 03:00,2026.08.18 04:00,39N0600061150003,SC07000002018,0.0000,0.0000,,,nem
2026.08.18 03:00,2026.08.18 04:00,39N060006119000K,K114000009/2025,0.0000,0.0000,,,nem
2026.08.18 03:00,2026.08.18 04:00,39N0600061830008,K10300002009/14,0.0000,0.0000,,,nem
2026.08.18 03:00,2026.08.18 04:00,39N060006194000Y,K11200002014/40,8.1300,12.0000,,,nem
2026.08.18 03:00,2026.08.18 04:00,39N060006457000M,K3SC03403923059,0.0000,0.0000,,,nem
2026.08.18 03:00,2026.08.18 04:00,39N0600064860009,K3SC03403701666,0.0000,0.0000,,,nem
2026.08.18 03:00,2026.08.18 04:00,39N060006533000A,000011200000050026,2.0000,1.9568,,,nem
2026.08.18 03:00,2026.08.18 04:00,39N060008259000A,000011100000109546,0.0000,0.0000,,,nem
2026.08.18 03:00,2026.08.18 04:00,39N060008259000A,000033100035200420,0.0000,0.0000,,,nem
2026.08.18 03:00,2026.08.18 04:00,39N0600182680000,000028300000522181,0.0000,0.0000,,,nem
2026.08.18 03:00,2026.08.18 04:00,39N0600416330007,000003800032476907,0.0000,0.0000,,,igen
2026.08.18 03:00,2026.08.18 04:00,39N060056860000F,000052600000920561,0.6000,0.5870,,,nem
2026.08.18 03:00,2026.08.18 04:00,39N060735330000O,000000000029004173,2.8000,2.6790,,,nem
2026.08.18 03:00,2026.08.18 04:00,39N060735731000S,000051303403421788,0.0000,0.0000,,,nem
2026.08.18 03:00,2026.08.18 04:00,39N060735761000A,000052600000920734,0.0000,0.0000,,,nem
2026.08.18 03:00,2026.08.18 04:00,39N060735799000Q,000052600000922844,0.0000,0.0000,,,nem
2026.08.18 03:00,2026.08.18 04:00,39N0607556590002,000051900015179178,0.0000,0.0000,,,nem
2026.08.18 03:00,2026.08.18 04:00,39N060760989000V,000000003401922868,0.0000,0.0000,,,nem
2026.08.18 03:00,2026.08.18 04:00,39N060760989000V,000051400032414003,0.1100,0.1111,,,nem
2026.08.18 03:00,2026.08.18 04:00,39N060781564000X,000033900035704540,0.0000,0.0000,,,nem
2026.08.18 03:00,2026.08.18 04:00,39N060796913000S,000052600000924363,0.3000,0.2870,,,nem
2026.08.18 03:00,2026.08.18 04:00,39N060800931000Y,000000000033799349,0.0000,0.0000,,,nem
2026.08.18 03:00,2026.08.18 04:00,39N060800984000Q,000017000001120640,0.0000,0.0000,,,nem
2026.08.18 03:00,2026.08.18 04:00,39N060801557000C,000036100006146062,0.0000,0.0000,,,nem
2026.08.18 03:00,2026.08.18 04:00,39N060801582000J,000033900028664638,0.0000,0.0000,,,nem
2026.08.18 03:00,2026.08.18 04:00,39N060802666000X,000000000006139331,0.0000,0.0000,,,nem
2026.08.18 03:00,2026.08.18 04:00,39N060803151000H,000017000000034192,0.7000,0.6849,,,nem
2026.08.18 03:00,2026.08.18 04:00,39N060804167000A,000006201754706015,0.5000,0.5196,,,nem
2026.08.18 03:00,2026.08.18 04:00,39N060813408000J,000028400084254045,0.1000,0.0957,,,nem
2026.08.18 03:00,2026.08.18 04:00,39N0608168850008,000033900035704532,0.4000,0.3914,,,nem
2026.08.18 03:00,2026.08.18 04:00,39N060828512000O,K11602346105795,6.0000,6.3800,,,nem
2026.08.18 03:00,2026.08.18 04:00,39N060850045000Q,000017000000338654,1.3000,1.2578,,,igen
2026.08.18 03:00,2026.08.18 04:00,39N060850088000O,000000000027360225,0.0000,0.0000,,,nem
2026.08.18 03:00,2026.08.18 04:00,39N060851079000H,000016100500642248,0.0000,0.0000,,,nem
2026.08.18 03:00,2026.08.18 04:00,39N060851079000H,000016101400950739,0.0000,0.0000,,,nem
2026.08.18 03:00,2026.08.18 04:00,39N060851079000H,000016101501060302,0.0000,0.0000,,,nem
2026.08.18 03:00,2026.08.18 04:00,39N060851079000H,000033900028664722,0.0000,0.0000,,,nem
2026.08.18 03:00,2026.08.18 04:00,39N060851838000R,000033900028664566,0.0000,0.0000,,,nem
2026.08.18 03:00,2026.08.18 04:00,39N060852035000G,000000000005856541,0.0000,0.0000,,,nem
2026.08.18 03:00,2026.08.18 04:00,39N060852647000W,000000000000099523,0.0000,0.0000,,,nem
2026.08.18 03:00,2026.08.18 04:00,39N060854045000V,000036100035199036,0.7000,0.6849,,,nem
2026.08.18 03:00,2026.08.18 04:00,39N060855999000L,000035500084242956,0.0000,0.0000,,,igen
2026.08.18 03:00,2026.08.18 04:00,39N060878229000X,000003800029004033,0.0000,0.0000,,,igen
2026.08.18 03:00,2026.08.18 04:00,39N0609041660005,000003400035704397,0.0000,0.0000,,,nem
2026.08.18 03:00,2026.08.18 04:00,39N0609041660005,000006203403494604,0.6000,0.5805,,,nem
2026.08.18 03:00,2026.08.18 04:00,39N060905244000C,000000000005856271,0.0000,0.0000,,,nem
2026.08.18 03:00,2026.08.18 04:00,39N060907248000D,000028300000222218,0.0000,0.0000,,,nem
2026.08.18 03:00,2026.08.18 04:00,39N060909163000H,000017000000323118,0.8000,0.7654,,,nem
2026.08.18 03:00,2026.08.18 04:00,39N060909635000R,000011200000939880,0.0000,0.0000,,,nem
2026.08.18 03:00,2026.08.18 04:00,39N060909668000V,000003400029573718,0.0000,0.0000,,,nem
2026.08.18 03:00,2026.08.18 04:00,39N060909668000V,000028300000921860,0.0000,0.0000,,,nem
2026.08.18 03:00,2026.08.18 04:00,39N060910399000I,000000000015179098,0.0000,0.0000,,,nem
2026.08.18 03:00,2026.08.18 04:00,39N0609576930009,000036100035199133,0.0000,0.0000,,,nem
2026.08.18 03:00,2026.08.18 04:00,39N060957708000V,000016101400945632,0.0000,0.0000,,,nem
2026.08.18 03:00,2026.08.18 04:00,39N060957708000V,000035200035201443,0.0000,0.0000,,,nem
2026.08.18 03:00,2026.08.18 04:00,39N0609591810007,000017000000228833,0.0000,0.0000,,,nem
2026.08.18 03:00,2026.08.18 04:00,39N060959331000N,000028300000921876,0.0000,0.0000,,,nem
2026.08.18 03:00,2026.08.18 04:00,39N060959437000N,000011200001120693,0.0000,0.0000,,,nem
2026.08.18 03:00,2026.08.18 04:00,39N060959695000K,000011100000116018,8.0000,7.7400,,,nem
2026.08.18 03:00,2026.08.18 04:00,39N060960379000M,000033100035200070,0.0000,0.0000,,,nem
2026.08.18 03:00,2026.08.18 04:00,39N060960379000M,000035200035199870,0.8000,0.7827,,,nem
2026.08.18 03:00,2026.08.18 04:00,39N060961173000L,000000000035201061,0.0000,0.0000,,,nem
2026.08.18 03:00,2026.08.18 04:00,39N060961591000S,K3SC08000002382,0.0000,0.0000,,,nem
2026.08.18 03:00,2026.08.18 04:00,39N060963554000L,000000000015081701,1.0000,0.9784,,,nem
2026.08.18 03:00,2026.08.18 04:00,39N060972518000O,000052600000920115,0.5000,0.4892,,,nem
2026.08.18 03:00,2026.08.18 04:00,39N0610083130009,000036100035199130,0.0000,0.0000,,,nem
2026.08.18 03:00,2026.08.18 04:00,39N061011000000O,000017000000921883,0.0000,0.0000,,,nem
2026.08.18 03:00,2026.08.18 04:00,39N061011943000X,K3SC08000001974,0.0000,0.0000,,,nem
2026.08.18 03:00,2026.08.18 04:00,39N061014839000T,000011500000109645,0.0000,0.0000,,,nem
2026.08.18 03:00,2026.08.18 04:00,39N061030420000B,000028400084254048,0.0000,0.0000,,,nem
2026.08.18 03:00,2026.08.18 04:00,39N061033384000C,000000000035817692,0.0000,0.0000,,,nem
2026.08.18 03:00,2026.08.18 04:00,39N061033384000C,000017000000921900,0.0000,0.0000,,,nem
2026.08.18 03:00,2026.08.18 04:00,39N0610340960009,000033900029004124,0.6000,0.5870,,,nem
2026.08.18 03:00,2026.08.18 04:00,39N061059787000E,000004200032394437,0.0000,0.0000,,,nem
2026.08.18 03:00,2026.08.18 04:00,39N061059787000E,000017000009716405,0.0000,0.0000,,,nem
2026.08.18 03:00,2026.08.18 04:00,39N0610610180007,000000000035201000,0.0000,0.0000,,,nem
2026.08.18 03:00,2026.08.18 04:00,39N061061836000N,000000000700710745,0.0000,0.0000,,,nem
2026.08.18 03:00,2026.08.18 04:00,39N061061836000N,000016101501053013,0.0000,0.0000,,,nem
2026.08.18 03:00,2026.08.18 04:00,39N061061836000N,000033900028664501,0.0000,0.0000,,,nem
2026.08.18 03:00,2026.08.18 04:00,39N061061836000N,000054902500064724,0.0000,0.0000,,,nem
2026.08.18 03:00,2026.08.18 04:00,39N061063215000T,000006203403494595,0.0000,0.0000,,,nem
2026.08.18 03:00,2026.08.18 04:00,39N0610634430007,K11602346105776,0.0000,0.0000,,,nem
2026.08.18 03:00,2026.08.18 04:00,39N061064322000N,000017000000921927,0.0000,0.0000,,,nem
2026.08.18 03:00,2026.08.18 04:00,39N061065010000F,000016101300872121,0.0200,0.0196,,,nem
2026.08.18 03:00,2026.08.18 04:00,39N061065010000F,000052600000922077,10.0000,9.7840,,,nem
2026.08.18 03:00,2026.08.18 04:00,39N0610655730003,000033900029004198,0.0000,0.0000,,,nem
2026.08.18 03:00,2026.08.18 04:00,39N0610658850003,000036100006146191,0.1000,0.0978,,,nem
2026.08.18 03:00,2026.08.18 04:00,39N061111992000Z,000003400035704393,0.0000,0.0000,,,nem
2026.08.18 03:00,2026.08.18 04:00,39N061111992000Z,000036100006146095,0.0000,0.0000,,,nem
2026.08.18 03:00,2026.08.18 04:00,39N0611124530007,000003600005856462,0.0000,0.0000,,,nem
2026.08.18 03:00,2026.08.18 04:00,39N061113689000B,000000000005856294,0.0000,0.0000,,,igen
2026.08.18 03:00,2026.08.18 04:00,39N0611137880009,000000003404319296,0.7000,0.6849,,,nem
2026.08.18 03:00,2026.08.18 04:00,39N061114589000A,000006203404220198,1.4000,1.3698,,,nem
2026.08.18 03:00,2026.08.18 04:00,39N061116064000T,000028300000821328,0.0000,0.0000,,,nem
2026.08.18 03:00,2026.08.18 04:00,39N0611165530005,000000003404271788,0.0000,0.0000,,,nem
2026.08.18 03:00,2026.08.18 04:00,39N0611165530005,000028300021600966,0.0000,0.0000,,,nem
2026.08.18 03:00,2026.08.18 04:00,39N061117137000H,000000000033998448,0.0000,0.0000,,,nem
2026.08.18 03:00,2026.08.18 04:00,39N061117137000H,000037300035198695,0.1000,0.0978,,,nem
2026.08.18 03:00,2026.08.18 04:00,39N061128059000M,000017000000338640,0.0000,0.0000,,,nem
2026.08.18 03:00,2026.08.18 04:00,39N061163033000V,000000003404271784,0.0000,0.0000,,,nem
2026.08.18 03:00,2026.08.18 04:00,39N061164713000N,000016101400945331,0.0000,0.0000,,,nem
2026.08.18 03:00,2026.08.18 04:00,39N061164713000N,000017000000323144,0.0000,0.0000,,,nem
2026.08.18 03:00,2026.08.18 04:00,39N061165614000H,000028300001120580,0.0000,0.0000,,,nem
2026.08.18 03:00,2026.08.18 04:00,39N061166511000V,000028300001023276,0.0000,0.0000,,,nem
2026.08.18 03:00,2026.08.18 04:00,39N0611670050007,000003400031280543,0.0000,0.0000,,,nem
2026.08.18 03:00,2026.08.18 04:00,39N0611670050007,000051900015179291,0.0000,0.0000,,,nem
2026.08.18 03:00,2026.08.18 04:00,39N061167618000I,000011100000109538,0.0000,0.0000,,,nem
2026.08.18 03:00,2026.08.18 04:00,39N061168462000O,000000000021600956,0.0000,0.0000,,,nem
2026.08.18 03:00,2026.08.18 04:00,39N061168462000O,000016101501052057,0.0000,0.0000,,,nem
2026.08.18 03:00,2026.08.18 04:00,39N061177126000B,000003800033998439,0.3000,0.2995,,,nem
2026.08.18 03:00,2026.08.18 04:00,39N061177126000B,000016101400941206,0.0000,0.0000,,,nem
2026.08.18 03:00,2026.08.18 04:00,39N061177520000D,000000001701120781,0.0200,0.0194,,,nem
2026.08.18 03:00,2026.08.18 04:00,39N061177520000D,000011500000109643,0.0000,0.0000,,,nem
2026.08.18 03:00,2026.08.18 04:00,39N061177520000D,000035200035199236,0.0000,0.0000,,,nem
2026.08.18 03:00,2026.08.18 04:00,39N0613073350002,K3SC08000001972,4.0000,3.9410,,,igen
2026.08.18 03:00,2026.08.18 04:00,39N061422451000F,000000000006139400,0.0000,0.0000,,,nem
2026.08.18 03:00,2026.08.18 04:00,39N061426021000T,000000000000732191,0.0000,0.0000,,,nem
2026.08.18 03:00,2026.08.18 04:00,39N061429480000K,000017000000323128,0.0000,0.0000,,,nem
2026.08.18 03:00,2026.08.18 04:00,39N0614301610000,000028300021600959,0.1000,0.0968,,,nem
2026.08.18 03:00,2026.08.18 04:00,39N061432774000W,000000003404319313,0.0000,0.0000,,,nem
2026.08.18 03:00,2026.08.18 04:00,39N061434278000V,000000000027360271,3.6000,3.5222,,,nem
2026.08.18 03:00,2026.08.18 04:00,39N0614360320009,000003400028663807,0.0000,0.0000,,,nem
2026.08.18 03:00,2026.08.18 04:00,39N0614360330004,000003400029003972,0.0000,0.0000,,,nem
2026.08.18 03:00,2026.08.18 04:00,39N061436035000V,000003400028663901,0.0000,0.0000,,,nem
2026.08.18 03:00,2026.08.18 04:00,39N0614385900006,000003400028663783,0.0000,0.0000,,,nem
2026.08.18 03:00,2026.08.18 04:00,39N061442443000U,000036100006146087,0.0000,0.0000,,,nem
2026.08.18 04:00,2026.08.18 05:00,39N060000175000F,000011200000338683,0.0000,0.0000,,,nem
2026.08.18 04:00,2026.08.18 05:00,39N060001073000O,000000000006139414,11.1000,10.7393,,,nem
2026.08.18 04:00,2026.08.18 05:00,39N060001129000H,000017000001023298,16.2000,15.6735,,,nem
2026.08.18 04:00,2026.08.18 05:00,39N060005807000W,000011200000127418,0.0000,0.0000,,,nem
2026.08.18 04:00,2026.08.18 05:00,39N060005816000V,000017000009949791,0.1000,0.0978,,,nem
2026.08.18 04:00,2026.08.18 05:00,39N060005888000G,000011200000338692,0.0000,0.0000,,,nem
2026.08.18 04:00,2026.08.18 05:00,39N060005917000J,000006203403494571,2.5000,2.4460,,,nem
2026.08.18 04:00,2026.08.18 05:00,39N0600059220001,000028300000546980,0.4000,0.3827,,,nem
2026.08.18 04:00,2026.08.18 05:00,39N060005935000H,000000000000338639,1.0000,0.9784,,,nem
2026.08.18 04:00,2026.08.18 05:00,39N060005969000G,000000000021600969,0.0000,0.0000,,,nem
2026.08.18 04:00,2026.08.18 05:00,39N0600059720008,000011200009929313,0.0000,0.0000,,,nem
2026.08.18 04:00,2026.08.18 05:00,39N0600061150003,SC07000002018,0.0000,0.0000,,,nem
2026.08.18 04:00,2026.08.18 05:00,39N060006119000K,K114000009/2025,0.0000,0.0000,,,nem
2026.08.18 04:00,2026.08.18 05:00,39N0600061830008,K10300002009/14,0.0000,0.0000,,,nem
2026.08.18 04:00,2026.08.18 05:00,39N060006194000Y,K11200002014/40,8.1060,12.0000,,,nem
2026.08.18 04:00,2026.08.18 05:00,39N060006457000M,K3SC03403923059,0.0000,0.0000,,,nem
2026.08.18 04:00,2026.08.18 05:00,39N0600064860009,K3SC03403701666,0.0000,0.0000,,,nem
2026.08.18 04:00,2026.08.18 05:00,39N060006533000A,000011200000050026,2.0000,1.9568,,,nem
2026.08.18 04:00,2026.08.18 05:00,39N060008259000A,000011100000109546,0.0000,0.0000,,,nem
2026.08.18 04:00,2026.08.18 05:00,39N060008259000A,000033100035200420,0.0000,0.0000,,,nem
2026.08.18 04:00,2026.08.18 05:00,39N0600182680000,000028300000522181,0.0000,0.0000,,,nem
2026.08.18 04:00,2026.08.18 05:00,39N0600416330007,000003800032476907,0.0000,0.0000,,,igen
2026.08.18 04:00,2026.08.18 05:00,39N060056860000F,000052600000920561,0.0000,0.0000,,,nem
2026.08.18 04:00,2026.08.18 05:00,39N060735330000O,000000000029004173,0.0000,0.0000,,,nem
2026.08.18 04:00,2026.08.18 05:00,39N060735731000S,000051303403421788,0.0000,0.0000,,,nem
2026.08.18 04:00,2026.08.18 05:00,39N060735761000A,000052600000920734,0.0000,0.0000,,,nem
2026.08.18 04:00,2026.08.18 05:00,39N060735799000Q,000052600000922844,0.0000,0.0000,,,nem
2026.08.18 04:00,2026.08.18 05:00,39N0607556590002,000051900015179178,13.8000,13.5019,,,nem
2026.08.18 04:00,2026.08.18 05:00,39N060760989000V,000000003401922868,0.0000,0.0000,,,nem
2026.08.18 04:00,2026.08.18 05:00,39N060760989000V,000051400032414003,0.1100,0.1111,,,nem
2026.08.18 04:00,2026.08.18 05:00,39N060781564000X,000033900035704540,0.0000,0.0000,,,nem
2026.08.18 04:00,2026.08.18 05:00,39N060796913000S,000052600000924363,3.2000,3.0618,,,nem
2026.08.18 04:00,2026.08.18 05:00,39N060800931000Y,000000000033799349,0.0000,0.0000,,,nem
2026.08.18 04:00,2026.08.18 05:00,39N060800984000Q,000017000001120640,0.0000,0.0000,,,nem
2026.08.18 04:00,2026.08.18 05:00,39N060801557000C,000036100006146062,0.0000,0.0000,,,nem
2026.08.18 04:00,2026.08.18 05:00,39N060801582000J,000033900028664638,0.0000,0.0000,,,nem
2026.08.18 04:00,2026.08.18 05:00,39N060802666000X,000000000006139331,3.1000,3.0330,,,nem
2026.08.18 04:00,2026.08.18 05:00,39N060803151000H,000017000000034192,1.1000,1.0762,,,nem
2026.08.18 04:00,2026.08.18 05:00,39N060804167000A,000006201754706015,0.5000,0.5196,,,nem
2026.08.18 04:00,2026.08.18 05:00,39N060813408000J,000028400084254045,0.0000,0.0000,,,nem
2026.08.18 04:00,2026.08.18 05:00,39N0608168850008,000033900035704532,0.3000,0.2935,,,nem
2026.08.18 04:00,2026.08.18 05:00,39N060828512000O,K11602346105795,0.0000,0.0000,,,nem
2026.08.18 04:00,2026.08.18 05:00,39N060850045000Q,000017000000338654,1.4000,1.3545,,,igen
2026.08.18 04:00,2026.08.18 05:00,39N060850088000O,000000000027360225,0.0000,0.0000,,,nem
2026.08.18 04:00,2026.08.18 05:00,39N060851079000H,000016100500642248,0.0000,0.0000,,,nem
2026.08.18 04:00,2026.08.18 05:00,39N060851079000H,000016101400950739,0.0000,0.0000,,,nem
2026.08.18 04:00,2026.08.18 05:00,39N060851079000H,000016101501060302,0.0000,0.0000,,,nem
2026.08.18 04:00,2026.08.18 05:00,39N060851079000H,000033900028664722,0.0000,0.0000,,,nem
2026.08.18 04:00,2026.08.18 05:00,39N060851838000R,000033900028664566,0.0000,0.0000,,,nem
2026.08.18 04:00,2026.08.18 05:00,39N060852035000G,000000000005856541,0.0000,0.0000,,,nem
2026.08.18 04:00,2026.08.18 05:00,39N060852647000W,000000000000099523,0.3000,0.2935,,,nem
2026.08.18 04:00,2026.08.18 05:00,39N060854045000V,000036100035199036,0.0000,0.0000,,,nem
2026.08.18 04:00,2026.08.18 05:00,39N060855999000L,000035500084242956,0.0000,0.0000,,,igen
2026.08.18 04:00,2026.08.18 05:00,39N060878229000X,000003800029004033,0.0000,0.0000,,,igen
2026.08.18 04:00,2026.08.18 05:00,39N0609041660005,000003400035704397,0.1000,0.0968,,,nem
2026.08.18 04:00,2026.08.18 05:00,39N0609041660005,000006203403494604,0.8000,0.7740,,,nem
2026.08.18 04:00,2026.08.18 05:00,39N060905244000C,000000000005856271,0.0000,0.0000,,,nem
2026.08.18 04:00,2026.08.18 05:00,39N060907248000D,000028300000222218,0.0000,0.0000,,,nem
2026.08.18 04:00,2026.08.18 05:00,39N060909163000H,000017000000323118,0.0000,0.0000,,,nem
2026.08.18 04:00,2026.08.18 05:00,39N060909635000R,000011200000939880,0.0000,0.0000,,,nem
2026.08.18 04:00,2026.08.18 05:00,39N060909668000V,000003400029573718,0.0000,0.0000,,,nem
2026.08.18 04:00,2026.08.18 05:00,39N060909668000V,000028300000921860,0.0000,0.0000,,,nem
2026.08.18 04:00,2026.08.18 05:00,39N060910399000I,000000000015179098,0.0000,0.0000,,,nem
2026.08.18 04:00,2026.08.18 05:00,39N0609576930009,000036100035199133,0.0000,0.0000,,,nem
2026.08.18 04:00,2026.08.18 05:00,39N060957708000V,000016101400945632,0.0000,0.0000,,,nem
2026.08.18 04:00,2026.08.18 05:00,39N060957708000V,000035200035201443,2.2000,2.2211,,,nem
2026.08.18 04:00,2026.08.18 05:00,39N0609591810007,000017000000228833,0.0000,0.0000,,,nem
2026.08.18 04:00,2026.08.18 05:00,39N060959331000N,000028300000921876,0.0000,0.0000,,,nem
2026.08.18 04:00,2026.08.18 05:00,39N060959437000N,000011200001120693,0.0000,0.0000,,,nem
2026.08.18 04:00,2026.08.18 05:00,39N060959695000K,000011100000116018,7.4000,7.1595,,,nem
2026.08.18 04:00,2026.08.18 05:00,39N060960379000M,000033100035200070,0.0000,0.0000,,,nem
2026.08.18 04:00,2026.08.18 05:00,39N060960379000M,000035200035199870,1.5000,1.4676,,,nem
2026.08.18 04:00,2026.08.18 05:00,39N060961173000L,000000000035201061,0.0000,0.0000,,,nem
2026.08.18 04:00,2026.08.18 05:00,39N060961591000S,K3SC08000002382,0.0000,0.0000,,,nem
2026.08.18 04:00,2026.08.18 05:00,39N060963554000L,000000000015081701,1.1000,1.0762,,,nem
2026.08.18 04:00,2026.08.18 05:00,39N060972518000O,000052600000920115,0.4000,0.3914,,,nem
2026.08.18 04:00,2026.08.18 05:00,39N0610083130009,000036100035199130,0.0000,0.0000,,,nem
2026.08.18 04:00,2026.08.18 05:00,39N061011000000O,000017000000921883,0.0000,0.0000,,,nem
2026.08.18 04:00,2026.08.18 05:00,39N061011943000X,K3SC08000001974,0.0000,0.0000,,,nem
2026.08.18 04:00,2026.08.18 05:00,39N061014839000T,000011500000109645,0.0000,0.0000,,,nem
2026.08.18 04:00,2026.08.18 05:00,39N061030420000B,000028400084254048,0.6000,0.5741,,,nem
2026.08.18 04:00,2026.08.18 05:00,39N061033384000C,000000000035817692,0.0000,0.0000,,,nem
2026.08.18 04:00,2026.08.18 05:00,39N061033384000C,000017000000921900,0.0000,0.0000,,,nem
2026.08.18 04:00,2026.08.18 05:00,39N0610340960009,000033900029004124,0.5000,0.4892,,,nem
2026.08.18 04:00,2026.08.18 05:00,39N061059787000E,000004200032394437,0.0000,0.0000,,,nem
2026.08.18 04:00,2026.08.18 05:00,39N061059787000E,000017000009716405,0.0000,0.0000,,,nem
2026.08.18 04:00,2026.08.18 05:00,39N0610610180007,000000000035201000,0.7000,0.6849,,,nem
2026.08.18 04:00,2026.08.18 05:00,39N061061836000N,000000000700710745,0.0000,0.0000,,,nem
2026.08.18 04:00,2026.08.18 05:00,39N061061836000N,000016101501053013,0.0000,0.0000,,,nem
2026.08.18 04:00,2026.08.18 05:00,39N061061836000N,000033900028664501,0.0000,0.0000,,,nem
2026.08.18 04:00,2026.08.18 05:00,39N061061836000N,000054902500064724,0.0000,0.0000,,,nem
2026.08.18 04:00,2026.08.18 05:00,39N061063215000T,000006203403494595,0.0000,0.0000,,,nem
2026.08.18 04:00,2026.08.18 05:00,39N0610634430007,K11602346105776,1.0000,1.0700,,,nem
2026.08.18 04:00,2026.08.18 05:00,39N061064322000N,000017000000921927,0.0000,0.0000,,,nem
2026.08.18 04:00,2026.08.18 05:00,39N061065010000F,000016101300872121,0.0000,0.0000,,,nem
2026.08.18 04:00,2026.08.18 05:00,39N061065010000F,000052600000922077,5.1000,4.9898,,,nem
2026.08.18 04:00,2026.08.18 05:00,39N0610655730003,000033900029004198,0.0000,0.0000,,,nem
2026.08.18 04:00,2026.08.18 05:00,39N0610658850003,000036100006146191,0.0000,0.0000,,,nem
2026.08.18 04:00,2026.08.18 05:00,39N061111992000Z,000003400035704393,0.0000,0.0000,,,nem
2026.08.18 04:00,2026.08.18 05:00,39N061111992000Z,000036100006146095,0.0000,0.0000,,,nem
2026.08.18 04:00,2026.08.18 05:00,39N0611124530007,000003600005856462,0.0000,0.0000,,,nem
2026.08.18 04:00,2026.08.18 05:00,39N061113689000B,000000000005856294,0.0000,0.0000,,,igen
2026.08.18 04:00,2026.08.18 05:00,39N0611137880009,000000003404319296,0.6000,0.5870,,,nem
2026.08.18 04:00,2026.08.18 05:00,39N061114589000A,000006203404220198,1.4000,1.3698,,,nem
2026.08.18 04:00,2026.08.18 05:00,39N061116064000T,000028300000821328,0.0000,0.0000,,,nem
2026.08.18 04:00,2026.08.18 05:00,39N0611165530005,000000003404271788,0.0000,0.0000,,,nem
2026.08.18 04:00,2026.08.18 05:00,39N0611165530005,000028300021600966,0.0000,0.0000,,,nem
2026.08.18 04:00,2026.08.18 05:00,39N061117137000H,000000000033998448,0.0000,0.0000,,,nem
2026.08.18 04:00,2026.08.18 05:00,39N061117137000H,000037300035198695,0.1000,0.0978,,,nem
2026.08.18 04:00,2026.08.18 05:00,39N061128059000M,000017000000338640,0.0000,0.0000,,,nem
2026.08.18 04:00,2026.08.18 05:00,39N061163033000V,000000003404271784,0.0000,0.0000,,,nem
2026.08.18 04:00,2026.08.18 05:00,39N061164713000N,000016101400945331,0.0000,0.0000,,,nem
2026.08.18 04:00,2026.08.18 05:00,39N061164713000N,000017000000323144,0.0000,0.0000,,,nem
2026.08.18 04:00,2026.08.18 05:00,39N061165614000H,000028300001120580,0.0000,0.0000,,,nem
2026.08.18 04:00,2026.08.18 05:00,39N061166511000V,000028300001023276,0.0000,0.0000,,,nem
2026.08.18 04:00,2026.08.18 05:00,39N0611670050007,000003400031280543,0.0000,0.0000,,,nem
2026.08.18 04:00,2026.08.18 05:00,39N0611670050007,000051900015179291,0.0000,0.0000,,,nem
2026.08.18 04:00,2026.08.18 05:00,39N061167618000I,000011100000109538,0.0000,0.0000,,,nem
2026.08.18 04:00,2026.08.18 05:00,39N061168462000O,000000000021600956,0.0000,0.0000,,,nem
2026.08.18 04:00,2026.08.18 05:00,39N061168462000O,000016101501052057,0.0000,0.0000,,,nem
2026.08.18 04:00,2026.08.18 05:00,39N061177126000B,000003800033998439,0.2000,0.1997,,,nem
2026.08.18 04:00,2026.08.18 05:00,39N061177126000B,000016101400941206,0.0000,0.0000,,,nem
2026.08.18 04:00,2026.08.18 05:00,39N061177520000D,000000001701120781,0.0100,0.0097,,,nem
2026.08.18 04:00,2026.08.18 05:00,39N061177520000D,000011500000109643,1.4000,1.3545,,,nem
2026.08.18 04:00,2026.08.18 05:00,39N061177520000D,000035200035199236,0.0000,0.0000,,,nem
2026.08.18 04:00,2026.08.18 05:00,39N0613073350002,K3SC08000001972,4.0000,3.9400,,,igen
2026.08.18 04:00,2026.08.18 05:00,39N061422451000F,000000000006139400,0.2000,0.1935,,,nem
2026.08.18 04:00,2026.08.18 05:00,39N061426021000T,000000000000732191,0.0000,0.0000,,,nem
2026.08.18 04:00,2026.08.18 05:00,39N061429480000K,000017000000323128,0.0000,0.0000,,,nem
2026.08.18 04:00,2026.08.18 05:00,39N0614301610000,000028300021600959,0.2000,0.1935,,,nem
2026.08.18 04:00,2026.08.18 05:00,39N061432774000W,000000003404319313,0.2000,0.1957,,,nem
2026.08.18 04:00,2026.08.18 05:00,39N061434278000V,000000000027360271,0.0000,0.0000,,,nem
2026.08.18 04:00,2026.08.18 05:00,39N0614360320009,000003400028663807,0.0000,0.0000,,,nem
2026.08.18 04:00,2026.08.18 05:00,39N0614360330004,000003400029003972,0.0000,0.0000,,,nem
2026.08.18 04:00,2026.08.18 05:00,39N061436035000V,000003400028663901,0.0000,0.0000,,,nem
2026.08.18 04:00,2026.08.18 05:00,39N0614385900006,000003400028663783,0.0000,0.0000,,,nem
2026.08.18 04:00,2026.08.18 05:00,39N061442443000U,000036100006146087,0.0000,0.0000,,,nem
2026.08.18 05:00,2026.08.18 06:00,39N060000175000F,000011200000338683,0.0000,0.0000,,,nem
2026.08.18 05:00,2026.08.18 06:00,39N060001073000O,000000000006139414,0.3000,0.2903,,,nem
2026.08.18 05:00,2026.08.18 06:00,39N060001129000H,000017000001023298,20.3000,19.6403,,,nem
2026.08.18 05:00,2026.08.18 06:00,39N060005807000W,000011200000127418,0.0000,0.0000,,,nem
2026.08.18 05:00,2026.08.18 06:00,39N060005816000V,000017000009949791,0.0000,0.0000,,,nem
2026.08.18 05:00,2026.08.18 06:00,39N060005888000G,000011200000338692,0.0000,0.0000,,,nem
2026.08.18 05:00,2026.08.18 06:00,39N060005917000J,000006203403494571,2.5000,2.4460,,,nem
2026.08.18 05:00,2026.08.18 06:00,39N0600059220001,000028300000546980,0.0000,0.0000,,,nem
2026.08.18 05:00,2026.08.18 06:00,39N060005935000H,000000000000338639,1.1000,1.0762,,,nem
2026.08.18 05:00,2026.08.18 06:00,39N060005969000G,000000000021600969,0.0000,0.0000,,,nem
2026.08.18 05:00,2026.08.18 06:00,39N0600059720008,000011200009929313,0.0000,0.0000,,,nem
2026.08.18 05:00,2026.08.18 06:00,39N0600061150003,SC07000002018,0.0000,0.0000,,,nem
2026.08.18 05:00,2026.08.18 06:00,39N060006119000K,K114000009/2025,0.0000,0.0000,,,nem
2026.08.18 05:00,2026.08.18 06:00,39N0600061830008,K10300002009/14,2.0510,2.0000,,,nem
2026.08.18 05:00,2026.08.18 06:00,39N060006194000Y,K11200002014/40,6.7300,10.0000,,,nem
2026.08.18 05:00,2026.08.18 06:00,39N060006457000M,K3SC03403923059,0.0000,0.0000,,,nem
2026.08.18 05:00,2026.08.18 06:00,39N0600064860009,K3SC03403701666,0.0000,0.0000,,,nem
2026.08.18 05:00,2026.08.18 06:00,39N060006533000A,000011200000050026,2.0000,1.9568,,,nem
2026.08.18 05:00,2026.08.18 06:00,39N060008259000A,000011100000109546,0.0000,0.0000,,,nem
2026.08.18 05:00,2026.08.18 06:00,39N060008259000A,000033100035200420,0.0000,0.0000,,,nem
2026.08.18 05:00,2026.08.18 06:00,39N0600182680000,000028300000522181,0.0000,0.0000,,,nem
2026.08.18 05:00,2026.08.18 06:00,39N0600416330007,000003800032476907,0.0000,0.0000,,,igen
2026.08.18 05:00,2026.08.18 06:00,39N060056860000F,000052600000920561,0.6000,0.5870,,,nem
2026.08.18 05:00,2026.08.18 06:00,39N060735330000O,000000000029004173,0.2000,0.1914,,,nem
2026.08.18 05:00,2026.08.18 06:00,39N060735731000S,000051303403421788,0.0000,0.0000,,,nem
2026.08.18 05:00,2026.08.18 06:00,39N060735761000A,000052600000920734,0.0000,0.0000,,,nem
2026.08.18 05:00,2026.08.18 06:00,39N060735799000Q,000052600000922844,0.0000,0.0000,,,nem
2026.08.18 05:00,2026.08.18 06:00,39N0607556590002,000051900015179178,13.4000,13.1106,,,nem
2026.08.18 05:00,2026.08.18 06:00,39N060760989000V,000000003401922868,3.6400,13.9179,,,nem
2026.08.18 05:00,2026.08.18 06:00,39N060760989000V,000051400032414003,0.2300,0.2322,,,nem
2026.08.18 05:00,2026.08.18 06:00,39N060781564000X,000033900035704540,0.0000,0.0000,,,nem
2026.08.18 05:00,2026.08.18 06:00,39N060796913000S,000052600000924363,3.7000,3.5402,,,nem
2026.08.18 05:00,2026.08.18 06:00,39N060800931000Y,000000000033799349,0.0000,0.0000,,,nem
2026.08.18 05:00,2026.08.18 06:00,39N060800984000Q,000017000001120640,0.0000,0.0000,,,nem
2026.08.18 05:00,2026.08.18 06:00,39N060801557000C,000036100006146062,0.0000,0.0000,,,nem
2026.08.18 05:00,2026.08.18 06:00,39N060801582000J,000033900028664638,0.0000,0.0000,,,nem
2026.08.18 05:00,2026.08.18 06:00,39N060802666000X,000000000006139331,0.0000,0.0000,,,nem
2026.08.18 05:00,2026.08.18 06:00,39N060803151000H,000017000000034192,1.9000,1.8590,,,nem
2026.08.18 05:00,2026.08.18 06:00,39N060804167000A,000006201754706015,0.5000,0.5196,,,nem
2026.08.18 05:00,2026.08.18 06:00,39N060813408000J,000028400084254045,0.0000,0.0000,,,nem
2026.08.18 05:00,2026.08.18 06:00,39N0608168850008,000033900035704532,0.9000,0.8806,,,nem
2026.08.18 05:00,2026.08.18 06:00,39N060828512000O,K11602346105795,0.0000,0.0000,,,nem
2026.08.18 05:00,2026.08.18 06:00,39N060850045000Q,000017000000338654,4.0000,3.8700,,,igen
2026.08.18 05:00,2026.08.18 06:00,39N060850088000O,000000000027360225,0.0000,0.0000,,,nem
2026.08.18 05:00,2026.08.18 06:00,39N060851079000H,000016100500642248,0.0000,0.0000,,,nem
2026.08.18 05:00,2026.08.18 06:00,39N060851079000H,000016101400950739,0.0000,0.0000,,,nem
2026.08.18 05:00,2026.08.18 06:00,39N060851079000H,000016101501060302,0.0000,0.0000,,,nem
2026.08.18 05:00,2026.08.18 06:00,39N060851079000H,000033900028664722,0.0000,0.0000,,,nem
2026.08.18 05:00,2026.08.18 06:00,39N060851838000R,000033900028664566,0.0000,0.0000,,,nem
2026.08.18 05:00,2026.08.18 06:00,39N060852035000G,000000000005856541,0.0000,0.0000,,,nem
2026.08.18 05:00,2026.08.18 06:00,39N060852647000W,000000000000099523,0.4000,0.3914,,,nem
2026.08.18 05:00,2026.08.18 06:00,39N060854045000V,000036100035199036,0.8000,0.7827,,,nem
2026.08.18 05:00,2026.08.18 06:00,39N060855999000L,000035500084242956,0.0000,0.0000,,,igen
2026.08.18 05:00,2026.08.18 06:00,39N060878229000X,000003800029004033,0.0000,0.0000,,,igen
2026.08.18 05:00,2026.08.18 06:00,39N0609041660005,000003400035704397,1.7000,1.6448,,,nem
2026.08.18 05:00,2026.08.18 06:00,39N0609041660005,000006203403494604,0.7000,0.6773,,,nem
2026.08.18 05:00,2026.08.18 06:00,39N060905244000C,000000000005856271,0.0000,0.0000,,,nem
2026.08.18 05:00,2026.08.18 06:00,39N060907248000D,000028300000222218,0.0000,0.0000,,,nem
2026.08.18 05:00,2026.08.18 06:00,39N060909163000H,000017000000323118,1.5000,1.4352,,,nem
2026.08.18 05:00,2026.08.18 06:00,39N060909635000R,000011200000939880,0.0000,0.0000,,,nem
2026.08.18 05:00,2026.08.18 06:00,39N060909668000V,000003400029573718,0.0000,0.0000,,,nem
2026.08.18 05:00,2026.08.18 06:00,39N060909668000V,000028300000921860,0.0000,0.0000,,,nem
2026.08.18 05:00,2026.08.18 06:00,39N060910399000I,000000000015179098,0.0000,0.0000,,,nem
2026.08.18 05:00,2026.08.18 06:00,39N0609576930009,000036100035199133,0.0000,0.0000,,,nem
2026.08.18 05:00,2026.08.18 06:00,39N060957708000V,000016101400945632,0.0000,0.0000,,,nem
2026.08.18 05:00,2026.08.18 06:00,39N060957708000V,000035200035201443,0.0000,0.0000,,,nem
2026.08.18 05:00,2026.08.18 06:00,39N0609591810007,000017000000228833,0.0000,0.0000,,,nem
2026.08.18 05:00,2026.08.18 06:00,39N060959331000N,000028300000921876,0.0000,0.0000,,,nem
2026.08.18 05:00,2026.08.18 06:00,39N060959437000N,000011200001120693,0.0000,0.0000,,,nem
2026.08.18 05:00,2026.08.18 06:00,39N060959695000K,000011100000116018,6.1000,5.9018,,,nem
2026.08.18 05:00,2026.08.18 06:00,39N060960379000M,000033100035200070,1.2000,1.1741,,,nem
2026.08.18 05:00,2026.08.18 06:00,39N060960379000M,000035200035199870,0.9000,0.8806,,,nem
2026.08.18 05:00,2026.08.18 06:00,39N060961173000L,000000000035201061,0.0000,0.0000,,,nem
2026.08.18 05:00,2026.08.18 06:00,39N060961591000S,K3SC08000002382,0.0000,0.0000,,,nem
2026.08.18 05:00,2026.08.18 06:00,39N060963554000L,000000000015081701,4.5000,4.4028,,,nem
2026.08.18 05:00,2026.08.18 06:00,39N060972518000O,000052600000920115,1.1000,1.0762,,,nem
2026.08.18 05:00,2026.08.18 06:00,39N0610083130009,000036100035199130,0.0000,0.0000,,,nem
2026.08.18 05:00,2026.08.18 06:00,39N061011000000O,000017000000921883,0.0000,0.0000,,,nem
2026.08.18 05:00,2026.08.18 06:00,39N061011943000X,K3SC08000001974,0.0000,0.0000,,,nem
2026.08.18 05:00,2026.08.18 06:00,39N061014839000T,000011500000109645,0.0000,0.0000,,,nem
2026.08.18 05:00,2026.08.18 06:00,39N061030420000B,000028400084254048,0.0000,0.0000,,,nem
2026.08.18 05:00,2026.08.18 06:00,39N061033384000C,000000000035817692,0.0000,0.0000,,,nem
2026.08.18 05:00,2026.08.18 06:00,39N061033384000C,000017000000921900,1.5000,1.4676,,,nem
2026.08.18 05:00,2026.08.18 06:00,39N0610340960009,000033900029004124,0.7000,0.6849,,,nem
2026.08.18 05:00,2026.08.18 06:00,39N061059787000E,000004200032394437,0.0000,0.0000,,,nem
2026.08.18 05:00,2026.08.18 06:00,39N061059787000E,000017000009716405,0.0000,0.0000,,,nem
2026.08.18 05:00,2026.08.18 06:00,39N0610610180007,000000000035201000,19.3000,18.8831,,,nem
2026.08.18 05:00,2026.08.18 06:00,39N061061836000N,000000000700710745,0.0000,0.0000,,,nem
2026.08.18 05:00,2026.08.18 06:00,39N061061836000N,000016101501053013,0.0000,0.0000,,,nem
2026.08.18 05:00,2026.08.18 06:00,39N061061836000N,000033900028664501,0.0000,0.0000,,,nem
2026.08.18 05:00,2026.08.18 06:00,39N061061836000N,000054902500064724,0.0000,0.0000,,,nem
2026.08.18 05:00,2026.08.18 06:00,39N061063215000T,000006203403494595,0.0000,0.0000,,,nem
2026.08.18 05:00,2026.08.18 06:00,39N0610634430007,K11602346105776,0.0000,0.0000,,,nem
2026.08.18 05:00,2026.08.18 06:00,39N061064322000N,000017000000921927,0.0000,0.0000,,,nem
2026.08.18 05:00,2026.08.18 06:00,39N061065010000F,000016101300872121,0.0000,0.0000,,,nem
2026.08.18 05:00,2026.08.18 06:00,39N061065010000F,000052600000922077,5.8000,5.6747,,,nem
2026.08.18 05:00,2026.08.18 06:00,39N0610655730003,000033900029004198,5.6000,5.4180,,,nem
2026.08.18 05:00,2026.08.18 06:00,39N0610658850003,000036100006146191,0.0000,0.0000,,,nem
2026.08.18 05:00,2026.08.18 06:00,39N061111992000Z,000003400035704393,0.0000,0.0000,,,nem
2026.08.18 05:00,2026.08.18 06:00,39N061111992000Z,000036100006146095,1.0000,0.9784,,,nem
2026.08.18 05:00,2026.08.18 06:00,39N0611124530007,000003600005856462,0.0000,0.0000,,,nem
2026.08.18 05:00,2026.08.18 06:00,39N061113689000B,000000000005856294,0.0000,0.0000,,,igen
2026.08.18 05:00,2026.08.18 06:00,39N0611137880009,000000003404319296,1.4000,1.3698,,,nem
2026.08.18 05:00,2026.08.18 06:00,39N061114589000A,000006203404220198,1.2000,1.1741,,,nem
2026.08.18 05:00,2026.08.18 06:00,39N061116064000T,000028300000821328,0.0000,0.0000,,,nem
2026.08.18 05:00,2026.08.18 06:00,39N0611165530005,000000003404271788,0.0000,0.0000,,,nem
2026.08.18 05:00,2026.08.18 06:00,39N0611165530005,000028300021600966,0.0000,0.0000,,,nem
2026.08.18 05:00,2026.08.18 06:00,39N061117137000H,000000000033998448,0.0000,0.0000,,,nem
2026.08.18 05:00,2026.08.18 06:00,39N061117137000H,000037300035198695,0.0000,0.0000,,,nem
2026.08.18 05:00,2026.08.18 06:00,39N061128059000M,000017000000338640,0.0000,0.0000,,,nem
2026.08.18 05:00,2026.08.18 06:00,39N061163033000V,000000003404271784,0.6500,0.6360,,,nem
2026.08.18 05:00,2026.08.18 06:00,39N061164713000N,000016101400945331,0.0000,0.0000,,,nem
2026.08.18 05:00,2026.08.18 06:00,39N061164713000N,000017000000323144,0.0000,0.0000,,,nem
2026.08.18 05:00,2026.08.18 06:00,39N061165614000H,000028300001120580,0.0000,0.0000,,,nem
2026.08.18 05:00,2026.08.18 06:00,39N061166511000V,000028300001023276,0.0000,0.0000,,,nem
2026.08.18 05:00,2026.08.18 06:00,39N0611670050007,000003400031280543,0.0000,0.0000,,,nem
2026.08.18 05:00,2026.08.18 06:00,39N0611670050007,000051900015179291,0.0000,0.0000,,,nem
2026.08.18 05:00,2026.08.18 06:00,39N061167618000I,000011100000109538,0.0000,0.0000,,,nem
2026.08.18 05:00,2026.08.18 06:00,39N061168462000O,000000000021600956,0.0000,0.0000,,,nem
2026.08.18 05:00,2026.08.18 06:00,39N061168462000O,000016101501052057,0.0000,0.0000,,,nem
2026.08.18 05:00,2026.08.18 06:00,39N061177126000B,000003800033998439,0.2000,0.1997,,,nem
2026.08.18 05:00,2026.08.18 06:00,39N061177126000B,000016101400941206,0.0000,0.0000,,,nem
2026.08.18 05:00,2026.08.18 06:00,39N061177520000D,000000001701120781,0.0200,0.0194,,,nem
2026.08.18 05:00,2026.08.18 06:00,39N061177520000D,000011500000109643,2.8000,2.7090,,,nem
2026.08.18 05:00,2026.08.18 06:00,39N061177520000D,000035200035199236,0.5000,0.4838,,,nem
2026.08.18 05:00,2026.08.18 06:00,39N0613073350002,K3SC08000001972,1.0000,0.9850,,,igen
2026.08.18 05:00,2026.08.18 06:00,39N061422451000F,000000000006139400,1.3000,1.2578,,,nem
2026.08.18 05:00,2026.08.18 06:00,39N061426021000T,000000000000732191,0.0000,0.0000,,,nem
2026.08.18 05:00,2026.08.18 06:00,39N061429480000K,000017000000323128,0.0000,0.0000,,,nem
2026.08.18 05:00,2026.08.18 06:00,39N0614301610000,000028300021600959,0.1000,0.0968,,,nem
2026.08.18 05:00,2026.08.18 06:00,39N061432774000W,000000003404319313,0.1000,0.0978,,,nem
2026.08.18 05:00,2026.08.18 06:00,39N061434278000V,000000000027360271,0.0000,0.0000,,,nem
2026.08.18 05:00,2026.08.18 06:00,39N0614360320009,000003400028663807,0.0000,0.0000,,,nem
2026.08.18 05:00,2026.08.18 06:00,39N0614360330004,000003400029003972,0.0000,0.0000,,,nem
2026.08.18 05:00,2026.08.18 06:00,39N061436035000V,000003400028663901,0.0000,0.0000,,,nem
2026.08.18 05:00,2026.08.18 06:00,39N0614385900006,000003400028663783,0.0000,0.0000,,,nem
2026.08.18 05:00,2026.08.18 06:00,39N061442443000U,000036100006146087,0.0000,0.0000,,,nem
